antecedents,consequents,antecedent support,consequent support,support,confidence,lift,representativity,leverage,conviction,zhangs_metric,jaccard,certainty,kulczynski,antecedent_names,consequent_names
frozenset({'M127'}),"frozenset({'M122', 'M124'})",0.03450610866849148,0.0496895594701052,0.013867297402981373,0.40187949143173024,8.087805481018876,1.0,0.012152704064216454,1.5888277143424951,0.9076774838048783,0.19717927854624354,0.37060513800652695,0.34047909312469427,Tea & Bread,"Yam & Egg, Indomie Special"
"frozenset({'M122', 'M124'})",frozenset({'M127'}),0.0496895594701052,0.03450610866849148,0.013867297402981373,0.27907869481765835,8.087805481018876,1.0,0.012152704064216454,1.3392500462825239,0.9221797725636963,0.19717927854624354,0.2533134474956417,0.34047909312469427,"Yam & Egg, Indomie Special",Tea & Bread
"frozenset({'M122', 'M126'})",frozenset({'M123'}),0.03166398031492308,0.04142068268304547,0.010443391097843606,0.32981927710843373,7.962671200574806,1.0,0.009131847416736978,1.430329588086422,0.9030067924909813,0.1667174177831912,0.3008604392097782,0.29097457062881965,"Yam & Egg, Moi Moi & Custard",Bread & Egg Sauce
frozenset({'M123'}),"frozenset({'M122', 'M126'})",0.04142068268304547,0.03166398031492308,0.010443391097843606,0.2521298641492056,7.962671200574805,1.0,0.009131847416736978,1.294791666715606,0.9121978613483684,0.1667174177831912,0.22767497991656102,0.29097457062881965,Bread & Egg Sauce,"Yam & Egg, Moi Moi & Custard"
frozenset({'M125'}),"frozenset({'M122', 'M124'})",0.02948946600413921,0.0496895594701052,0.011606947000982346,0.3935963777490297,7.921108215616798,1.0,0.010141628426228025,1.5671252704631649,0.9003045388074064,0.1717713479181369,0.36188891925375616,0.3135928145942845,Pancakes,"Yam & Egg, Indomie Special"
"frozenset({'M122', 'M124'})",frozenset({'M125'}),0.0496895594701052,0.02948946600413921,0.011606947000982346,0.23358925143953932,7.921108215616797,1.0,0.010141628426228025,1.266306006040179,0.9194416913168563,0.1717713479181369,0.21030146328764174,0.3135928145942845,"Yam & Egg, Indomie Special",Pancakes
frozenset({'M122'}),"frozenset({'M127', 'M124'})",0.06383343983366872,0.02756292262353244,0.013867297402981373,0.2172418945166592,7.8816712394346835,1.0,0.012107861240052049,1.2423213130140671,0.9326581322597739,0.17886578914995696,0.1950552650716081,0.3601780406839351,Yam & Egg,"Tea & Bread, Indomie Special"
"frozenset({'M127', 'M124'})",frozenset({'M122'}),0.02756292262353244,0.06383343983366872,0.013867297402981373,0.503114186851211,7.881671239434683,1.0,0.012107861240052049,1.884067798663438,0.8978713130153185,0.17886578914995696,0.4692335378220453,0.3601780406839351,"Tea & Bread, Indomie Special",Yam & Egg
frozenset({'M123'}),"frozenset({'M122', 'M124'})",0.04142068268304547,0.0496895594701052,0.016060886400701947,0.3877504029472714,7.8034582532484364,1.0,0.014002710925230403,1.5521618064014036,0.9095248276522486,0.21400432075231918,0.35573727180000564,0.3554874855427336,Bread & Egg Sauce,"Yam & Egg, Indomie Special"
"frozenset({'M122', 'M124'})",frozenset({'M123'}),0.0496895594701052,0.04142068268304547,0.016060886400701947,0.3232245681381957,7.803458253248436,1.0,0.014002710925230403,1.4163920145267537,0.9174388191374254,0.21400432075231918,0.29398076962886494,0.3554874855427336,"Yam & Egg, Indomie Special",Bread & Egg Sauce
frozenset({'M121'}),"frozenset({'M122', 'M124'})",0.033905256029985405,0.0496895594701052,0.013008936490829844,0.3836849507735584,7.721641223331741,1.0,0.011324199254978741,1.5419231474595054,0.9010439802795072,0.1842994189974328,0.35145924643026843,0.32274458671115536,Akara & Pap,"Yam & Egg, Indomie Special"
"frozenset({'M122', 'M124'})",frozenset({'M121'}),0.0496895594701052,0.033905256029985405,0.013008936490829844,0.26180422264875236,7.72164122333174,1.0,0.011324199254978741,1.308724289153348,0.9160099861140792,0.1842994189974328,0.23589711882941414,0.32274458671115536,"Yam & Egg, Indomie Special",Akara & Pap
frozenset({'M122'}),"frozenset({'M124', 'M125'})",0.06383343983366872,0.023643074458040456,0.011606947000982346,0.18183176453010608,7.690698807077916,1.0,0.01009772823008207,1.193344942047541,0.9292927574735168,0.15298554368321812,0.16201932503757036,0.336377762055291,Yam & Egg,"Indomie Special, Pancakes"
"frozenset({'M124', 'M125'})",frozenset({'M122'}),0.023643074458040456,0.06383343983366872,0.011606947000982346,0.49092375958047596,7.690698807077916,1.0,0.01009772823008207,1.8389515868877457,0.8910397226593743,0.15298554368321812,0.4562118942498063,0.336377762055291,"Indomie Special, Pancakes",Yam & Egg
"frozenset({'M123', 'M124'})",frozenset({'M122'}),0.03324717933066924,0.06383343983366872,0.016060886400701947,0.4830751577739529,7.567744414725346,1.0,0.013938604579258478,1.8110303156158882,0.8977064377658266,0.198234255444379,0.4478281277914865,0.36734065672949845,"Bread & Egg Sauce, Indomie Special",Yam & Egg
frozenset({'M122'}),"frozenset({'M123', 'M124'})",0.06383343983366872,0.03324717933066924,0.016060886400701947,0.2516061556850441,7.567744414725346,1.0,0.013938604579258478,1.2917701394968717,0.9270361362714503,0.198234255444379,0.2258684657399749,0.36734065672949845,Yam & Egg,"Bread & Egg Sauce, Indomie Special"
"frozenset({'M123', 'M126'})",frozenset({'M122'}),0.021764217794775442,0.06383343983366872,0.010443391097843606,0.47984224364592465,7.517098324894494,1.0,0.009054106210713946,1.7997742967982882,0.8862586722442908,0.13895939086294418,0.44437477422643945,0.32172300438683504,"Bread & Egg Sauce, Moi Moi & Custard",Yam & Egg
frozenset({'M122'}),"frozenset({'M123', 'M126'})",0.06383343983366872,0.021764217794775442,0.010443391097843606,0.1636037651277454,7.517098324894493,1.0,0.009054106210713946,1.1695841533225382,0.9260851459221322,0.13895939086294418,0.14499525565628243,0.32172300438683504,Yam & Egg,"Bread & Egg Sauce, Moi Moi & Custard"
frozenset({'M127'}),frozenset({'M122'}),0.03450610866849148,0.06383343983366872,0.016528216230651115,0.47899391929242674,7.503808670511018,1.0,0.01432557261906693,1.7968438274173932,0.8977108501455758,0.2020284448589415,0.44346860604056965,0.3689605783523242,Tea & Bread,Yam & Egg
frozenset({'M122'}),frozenset({'M127'}),0.06383343983366872,0.03450610866849148,0.016528216230651115,0.25892723741222173,7.503808670511018,1.0,0.01432557261906693,1.3028327852181023,0.9258334775849864,0.2020284448589415,0.23244179042317092,0.3689605783523242,Yam & Egg,Tea & Bread
frozenset({'M123'}),frozenset({'M121'}),0.04142068268304547,0.033905256029985405,0.010500615158653708,0.253511397651393,7.477053039422282,1.0,0.009096236307348269,1.2941855253120829,0.9036888790231726,0.1619832278946594,0.2273132557568533,0.281608019500802,Bread & Egg Sauce,Akara & Pap
frozenset({'M121'}),frozenset({'M123'}),0.033905256029985405,0.04142068268304547,0.010500615158653708,0.309704641350211,7.477053039422281,1.0,0.009096236307348269,1.3886509670178375,0.8966589189391589,0.1619832278946594,0.2798766401700458,0.281608019500802,Akara & Pap,Bread & Egg Sauce
frozenset({'M123'}),"frozenset({'M126', 'M124'})",0.04142068268304547,0.06055259368055622,0.01868365585449829,0.45107068846419524,7.449238109333649,1.0,0.016175526086020586,1.71141782115996,0.9031679151584275,0.2243215389900378,0.415689151044236,0.37981160821067694,Bread & Egg Sauce,"Moi Moi & Custard, Indomie Special"
"frozenset({'M126', 'M124'})",frozenset({'M123'}),0.06055259368055622,0.04142068268304547,0.01868365585449829,0.3085525279571586,7.449238109333648,1.0,0.016175526086020586,1.3863371493497367,0.9215609918249703,0.2243215389900378,0.2786747433919294,0.37981160821067694,"Moi Moi & Custard, Indomie Special",Bread & Egg Sauce
frozenset({'M121'}),"frozenset({'M126', 'M124'})",0.033905256029985405,0.06055259368055622,0.01524067486242382,0.449507735583685,7.423426615795394,1.0,0.013187623670404887,1.7065587784699146,0.8956588631362573,0.19239104261979295,0.41402545718548817,0.350600457806018,Akara & Pap,"Moi Moi & Custard, Indomie Special"
"frozenset({'M126', 'M124'})",frozenset({'M121'}),0.06055259368055622,0.033905256029985405,0.01524067486242382,0.25169318002835095,7.423426615795394,1.0,0.013187623670404887,1.2910409449517202,0.9210641428625848,0.19239104261979295,0.22543122748334216,0.350600457806018,"Moi Moi & Custard, Indomie Special",Akara & Pap
"frozenset({'M121', 'M124'})",frozenset({'M122'}),0.02747708653231729,0.06383343983366872,0.013008936490829844,0.47344671988892745,7.41690751935962,1.0,0.01125497954086466,1.7779142121550429,0.8896170010902523,0.16613885505481124,0.43754316537698335,0.33862086480028325,"Akara & Pap, Indomie Special",Yam & Egg
frozenset({'M122'}),"frozenset({'M121', 'M124'})",0.06383343983366872,0.02747708653231729,0.013008936490829844,0.20379500971163905,7.41690751935962,1.0,0.01125497954086466,1.2214479001387126,0.9241655861078367,0.16613885505481124,0.18129950537682718,0.33862086480028325,Yam & Egg,"Akara & Pap, Indomie Special"
frozenset({'M122'}),frozenset({'M125'}),0.06383343983366872,0.02948946600413921,0.013647938503209316,0.21380546839982073,7.250231942816819,1.0,0.011765524449307077,1.2344407077222153,0.9208547012489982,0.1712951879339239,0.18991653973790626,0.3383063564508806,Yam & Egg,Pancakes
frozenset({'M125'}),frozenset({'M122'}),0.02948946600413921,0.06383343983366872,0.013647938503209316,0.4628072445019405,7.250231942816819,1.0,0.011765524449307077,1.7427013871368429,0.888267924853813,0.1712951879339239,0.4261782268717065,0.3383063564508806,Pancakes,Yam & Egg
frozenset({'M126'}),"frozenset({'M123', 'M124'})",0.0775862891150299,0.03324717933066924,0.01868365585449829,0.24081130915795942,7.2430598326222615,1.0,0.01610413058668974,1.273402557665966,0.9344362430360038,0.20275305319809564,0.21470237830139796,0.40138672170462514,Moi Moi & Custard,"Bread & Egg Sauce, Indomie Special"
"frozenset({'M123', 'M124'})",frozenset({'M126'}),0.03324717933066924,0.0775862891150299,0.01868365585449829,0.5619621342512908,7.243059832622261,1.0,0.01610413058668974,2.105785328189264,0.8915792993781891,0.20275305319809564,0.5251177854582705,0.40138672170462514,"Bread & Egg Sauce, Indomie Special",Moi Moi & Custard
frozenset({'M127'}),"frozenset({'M126', 'M124'})",0.03450610866849148,0.06055259368055622,0.015107152053866917,0.43781094527363185,7.23025916252726,1.0,0.013017717676166633,1.6710524661080373,0.8924886827238332,0.1889538351425504,0.40157474389236336,0.34364952681857686,Tea & Bread,"Moi Moi & Custard, Indomie Special"
"frozenset({'M126', 'M124'})",frozenset({'M127'}),0.06055259368055622,0.03450610866849148,0.015107152053866917,0.24948810836352184,7.23025916252726,1.0,0.013017717676166633,1.2864471597195695,0.9172332218450572,0.1889538351425504,0.22266531318862057,0.34364952681857686,"Moi Moi & Custard, Indomie Special",Tea & Bread
frozenset({'M123'}),frozenset({'M122'}),0.04142068268304547,0.06383343983366872,0.018922089441207046,0.45682707805664285,7.156548029481109,1.0,0.01627806478528938,1.7235147820272896,0.8974404230139922,0.21917808219178084,0.4197902968817321,0.37662809154587706,Bread & Egg Sauce,Yam & Egg
frozenset({'M122'}),frozenset({'M123'}),0.06383343983366872,0.04142068268304547,0.018922089441207046,0.29642910503511133,7.156548029481109,1.0,0.01627806478528938,1.3624487939695002,0.9189260379825418,0.21917808219178084,0.26602746141636946,0.37662809154587706,Yam & Egg,Bread & Egg Sauce
frozenset({'M126'}),"frozenset({'M121', 'M124'})",0.0775862891150299,0.02747708653231729,0.01524067486242382,0.19643515673017822,7.149053321178728,1.0,0.013108829682688757,1.21026065489668,0.9324680777043516,0.16967509025270758,0.17373171146725427,0.3755518373029579,Moi Moi & Custard,"Akara & Pap, Indomie Special"
"frozenset({'M121', 'M124'})",frozenset({'M126'}),0.02747708653231729,0.0775862891150299,0.01524067486242382,0.5546685178757376,7.149053321178728,1.0,0.013108829682688757,2.071296883132969,0.8844226988649021,0.16967509025270758,0.5172106866267108,0.3755518373029579,"Akara & Pap, Indomie Special",Moi Moi & Custard
"frozenset({'M126', 'M121'})",frozenset({'M124'}),0.0175105626078912,0.12212568311222592,0.01524067486242382,0.8703703703703703,7.126841366942889,1.0,0.013102185442255708,6.772173301705685,0.8750072546757806,0.1225178256536073,0.8523369152782707,0.49758268616136636,"Moi Moi & Custard, Akara & Pap",Indomie Special
frozenset({'M124'}),"frozenset({'M126', 'M121'})",0.12212568311222592,0.0175105626078912,0.01524067486242382,0.12479500195236236,7.126841366942889,1.0,0.013102185442255708,1.1225820688682033,0.9792807111707792,0.1225178256536073,0.10919653205559525,0.49758268616136636,Indomie Special,"Moi Moi & Custard, Akara & Pap"
"frozenset({'M122', 'M123'})",frozenset({'M126'}),0.018922089441207046,0.0775862891150299,0.010443391097843606,0.5519153225806451,7.113567730535122,1.0,0.008975296395797663,2.058570081435074,0.875999300954866,0.12134308510638296,0.5142259138912199,0.3432594437119575,"Yam & Egg, Bread & Egg Sauce",Moi Moi & Custard
frozenset({'M126'}),"frozenset({'M122', 'M123'})",0.0775862891150299,0.018922089441207046,0.010443391097843606,0.1346035648432698,7.113567730535122,1.0,0.008975296395797663,1.1336745457948552,0.9317116101919456,0.12134308510638296,0.11791262870873731,0.3432594437119575,Moi Moi & Custard,"Yam & Egg, Bread & Egg Sauce"
frozenset({'M127'}),frozenset({'M123'}),0.03450610866849148,0.04142068268304547,0.010166808137261446,0.29463792150359314,7.113304330548755,1.0,0.008737541559477176,1.358989016478347,0.8901333981649785,0.15460478607686728,0.2641588799655077,0.27004518686277973,Tea & Bread,Bread & Egg Sauce
frozenset({'M123'}),frozenset({'M127'}),0.04142068268304547,0.03450610866849148,0.010166808137261446,0.24545245222196635,7.113304330548755,1.0,0.008737541559477176,1.2795666676999515,0.8965542473876236,0.15460478607686728,0.2184854253842659,0.27004518686277973,Bread & Egg Sauce,Tea & Bread
"frozenset({'M126', 'M127'})",frozenset({'M124'}),0.017434263860144395,0.12212568311222592,0.015107152053866917,0.8665207877461707,7.09531988410572,1.0,0.01297798067038799,6.576861685536276,0.8743048894544192,0.12138861215418807,0.847951797101164,0.4951112333888995,"Moi Moi & Custard, Tea & Bread",Indomie Special
frozenset({'M124'}),"frozenset({'M126', 'M127'})",0.12212568311222592,0.017434263860144395,0.015107152053866917,0.12370167903162828,7.09531988410572,1.0,0.01297798067038799,1.1212685367855675,0.9785706345334141,0.12138861215418807,0.1081529828110738,0.4951112333888995,Indomie Special,"Moi Moi & Custard, Tea & Bread"
frozenset({'M124'}),"frozenset({'M122', 'M121'})",0.12212568311222592,0.015078540023461866,0.013008936490829844,0.10652089027723545,7.064403457595454,1.0,0.011167459490129525,1.1023441390612334,0.9778680323869686,0.10474581477499617,0.09284227623180415,0.4846329941582255,Indomie Special,"Yam & Egg, Akara & Pap"
"frozenset({'M122', 'M121'})",frozenset({'M124'}),0.015078540023461866,0.12212568311222592,0.013008936490829844,0.8627450980392156,7.064403457595454,1.0,0.011167459490129525,6.3959414516109225,0.8715874979092757,0.10474581477499617,0.8436508514711101,0.4846329941582255,"Yam & Egg, Akara & Pap",Indomie Special
frozenset({'M126'}),"frozenset({'M127', 'M124'})",0.0775862891150299,0.02756292262353244,0.015107152053866917,0.1947141979102643,7.064352375463364,1.0,0.01296864717034233,1.207567642261878,0.9306498778470841,0.16777883698760726,0.1718890395846365,0.3714055418617066,Moi Moi & Custard,"Tea & Bread, Indomie Special"
"frozenset({'M127', 'M124'})",frozenset({'M126'}),0.02756292262353244,0.0775862891150299,0.015107152053866917,0.5480968858131489,7.064352375463364,1.0,0.01296864717034233,2.0411758227087016,0.882776096604178,0.16777883698760726,0.5100862998303741,0.3714055418617066,"Tea & Bread, Indomie Special",Moi Moi & Custard
frozenset({'M124'}),"frozenset({'M126', 'M125'})",0.12212568311222592,0.014573060819639298,0.01256068134781738,0.10285044904334245,7.057573581572971,1.0,0.010780936340182914,1.098397628499697,0.9777119874911179,0.10118315918869085,0.08958288505602334,0.48238072190387016,Indomie Special,"Moi Moi & Custard, Pancakes"
"frozenset({'M126', 'M125'})",frozenset({'M124'}),0.014573060819639298,0.12212568311222592,0.01256068134781738,0.8619109947643979,7.057573581572971,1.0,0.010780936340182914,6.357307849310516,0.8710013995006672,0.10118315918869085,0.842700711731546,0.48238072190387016,"Moi Moi & Custard, Pancakes",Indomie Special
frozenset({'M125'}),"frozenset({'M126', 'M124'})",0.02948946600413921,0.06055259368055622,0.01256068134781738,0.4259379042690815,7.034181004964163,1.0,0.010775017695012162,1.6364909185012508,0.8839028623938482,0.16211225997045792,0.3889364195703383,0.31668607294096696,Pancakes,"Moi Moi & Custard, Indomie Special"
"frozenset({'M126', 'M124'})",frozenset({'M125'}),0.06055259368055622,0.02948946600413921,0.01256068134781738,0.20743424161285243,7.034181004964162,1.0,0.010775017695012162,1.2245173649323768,0.9131293920360561,0.16211225997045792,0.18335171992009738,0.31668607294096696,"Moi Moi & Custard, Indomie Special",Pancakes
"frozenset({'M123', 'M126'})",frozenset({'M124'}),0.021764217794775442,0.12212568311222592,0.01868365585449829,0.8584574934268187,7.029295325520919,1.0,0.016025685888908073,6.202195638197837,0.8768215647718135,0.14922303473491774,0.8387667757783648,0.5057223039176264,"Bread & Egg Sauce, Moi Moi & Custard",Indomie Special
frozenset({'M124'}),"frozenset({'M123', 'M126'})",0.12212568311222592,0.021764217794775442,0.01868365585449829,0.1529871144084342,7.029295325520919,1.0,0.016025685888908073,1.1549243215137286,0.977062676021556,0.14922303473491774,0.13414240104552774,0.5057223039176264,Indomie Special,"Bread & Egg Sauce, Moi Moi & Custard"
frozenset({'M122'}),frozenset({'M121'}),0.06383343983366872,0.033905256029985405,0.015078540023461866,0.23621694307485436,6.966971223162182,1.0,0.01291425090262666,1.264881087909098,0.9148645565548911,0.18241606092073384,0.2094118494149972,0.3404713407357395,Yam & Egg,Akara & Pap
frozenset({'M121'}),frozenset({'M122'}),0.033905256029985405,0.06383343983366872,0.015078540023461866,0.44472573839662455,6.966971223162182,1.0,0.01291425090262666,1.685953455618697,0.8865234080547603,0.18241606092073384,0.40686381544677436,0.3404713407357395,Akara & Pap,Yam & Egg
frozenset({'M124'}),"frozenset({'M122', 'M125'})",0.12212568311222592,0.013647938503209316,0.011606947000982346,0.09504099960952753,6.963762299132474,1.0,0.009940183188204258,1.0899411587389027,0.9755376679135692,0.09347876180966279,0.08251927915353481,0.4727476137111229,Indomie Special,"Yam & Egg, Pancakes"
"frozenset({'M122', 'M125'})",frozenset({'M124'}),0.013647938503209316,0.12212568311222592,0.011606947000982346,0.8504542278127183,6.9637622991324735,1.0,0.009940183188204258,5.870271717132729,0.8682492765497234,0.09347876180966279,0.8296501340676545,0.4727476137111229,"Yam & Egg, Pancakes",Indomie Special
"frozenset({'M122', 'M124'})",frozenset({'M126'}),0.0496895594701052,0.0775862891150299,0.026799935146064414,0.5393474088291746,6.951581458284916,1.0,0.02294470661901836,2.002406430712789,0.9009138536884783,0.2667299477930707,0.5006008846845175,0.4423842145559518,"Yam & Egg, Indomie Special",Moi Moi & Custard
frozenset({'M126'}),"frozenset({'M122', 'M124'})",0.0775862891150299,0.0496895594701052,0.026799935146064414,0.3454210202827289,6.951581458284915,1.0,0.02294470661901836,1.4517888138423838,0.9281603591481622,0.2667299477930707,0.3111945825279193,0.4423842145559518,Moi Moi & Custard,"Yam & Egg, Indomie Special"
"frozenset({'M122', 'M123'})",frozenset({'M124'}),0.018922089441207046,0.12212568311222592,0.016060886400701947,0.8487903225806451,6.950137767505132,1.0,0.013750013301783898,5.805675482351145,0.8726299418475167,0.12850057230064857,0.8277547542848491,0.4901507255230442,"Yam & Egg, Bread & Egg Sauce",Indomie Special
frozenset({'M124'}),"frozenset({'M122', 'M123'})",0.12212568311222592,0.018922089441207046,0.016060886400701947,0.13151112846544316,6.950137767505131,1.0,0.013750013301783898,1.1296378603277892,0.9752170026728864,0.12850057230064857,0.11476054838510096,0.4901507255230442,Indomie Special,"Yam & Egg, Bread & Egg Sauce"
"frozenset({'M126', 'M124'})",frozenset({'M122'}),0.06055259368055622,0.06383343983366872,0.026799935146064414,0.44258938415498505,6.933503588530456,1.0,0.02293465480058404,1.6794918029093069,0.9109320720478171,0.27462861610633305,0.4045817917850235,0.43121550486697413,"Moi Moi & Custard, Indomie Special",Yam & Egg
frozenset({'M122'}),"frozenset({'M126', 'M124'})",0.06383343983366872,0.06055259368055622,0.026799935146064414,0.41984162557896315,6.933503588530456,1.0,0.02293465480058404,1.6192947438825749,0.9141244825776207,0.27462861610633305,0.3824472019205688,0.43121550486697413,Yam & Egg,"Moi Moi & Custard, Indomie Special"
"frozenset({'M122', 'M126'})",frozenset({'M124'}),0.03166398031492308,0.12212568311222592,0.026799935146064414,0.8463855421686747,6.930446738143515,1.0,0.02293294992005236,5.71478967072041,0.8836903098964112,0.21104018024784077,0.8250154323048009,0.5329155356294369,"Yam & Egg, Moi Moi & Custard",Indomie Special
frozenset({'M124'}),"frozenset({'M122', 'M126'})",0.12212568311222592,0.03166398031492308,0.026799935146064414,0.21944552909019913,6.930446738143514,1.0,0.02293294992005236,1.2405745604869844,0.9747513292711528,0.21104018024784077,0.19392188760709997,0.5329155356294369,Indomie Special,"Yam & Egg, Moi Moi & Custard"
frozenset({'M124'}),"frozenset({'M122', 'M127'})",0.12212568311222592,0.016528216230651115,0.013867297402981373,0.11354939476766887,6.870033231843537,1.0,0.011848777705186525,1.1094490521686646,0.9733059506369056,0.11112809538367471,0.09865171542102105,0.476278448105127,Indomie Special,"Yam & Egg, Tea & Bread"
"frozenset({'M122', 'M127'})",frozenset({'M124'}),0.016528216230651115,0.12212568311222592,0.013867297402981373,0.8390075014425851,6.870033231843537,1.0,0.011848777705186525,5.45288957407352,0.8688000109808629,0.11112809538367471,0.8166109937830702,0.476278448105127,"Yam & Egg, Tea & Bread",Indomie Special
frozenset({'M126'}),"frozenset({'M124', 'M125'})",0.0775862891150299,0.023643074458040456,0.01256068134781738,0.16189305470190535,6.847377441932021,1.0,0.010726302937347673,1.1649550585631916,0.9257870690640858,0.14165859954824137,0.14159778727141678,0.34657783029568845,Moi Moi & Custard,"Indomie Special, Pancakes"
"frozenset({'M124', 'M125'})",frozenset({'M126'}),0.023643074458040456,0.0775862891150299,0.01256068134781738,0.5312626058894716,6.84737744193202,1.0,0.010726302937347673,1.967868837593667,0.8746378127964886,0.14165859954824137,0.49183605080976245,0.34657783029568845,"Indomie Special, Pancakes",Moi Moi & Custard
frozenset({'M123'}),frozenset({'M126'}),0.04142068268304547,0.0775862891150299,0.021764217794775442,0.5254432419986184,6.77237238682202,1.0,0.018550540732786763,1.943737383005058,0.8891713400046953,0.22381326010200076,0.4855272071508037,0.40297976482229625,Bread & Egg Sauce,Moi Moi & Custard
frozenset({'M126'}),frozenset({'M123'}),0.0775862891150299,0.04142068268304547,0.021764217794775442,0.28051628764597414,6.77237238682202,1.0,0.018550540732786763,1.3323155213349436,0.9240335936266173,0.22381326010200076,0.24942704337931343,0.40297976482229625,Moi Moi & Custard,Bread & Egg Sauce
frozenset({'M126'}),frozenset({'M121'}),0.0775862891150299,0.033905256029985405,0.0175105626078912,0.22569145666871543,6.656533030427984,1.0,0.014879979611029642,1.2476870522616397,0.9212478479542693,0.1863202760300386,0.19851696930946416,0.37107357643562355,Moi Moi & Custard,Akara & Pap
frozenset({'M121'}),frozenset({'M126'}),0.033905256029985405,0.0775862891150299,0.0175105626078912,0.5164556962025317,6.656533030427984,1.0,0.014879979611029642,1.9076095068039962,0.8795945236015746,0.1863202760300386,0.4757836986903062,0.37107357643562355,Akara & Pap,Moi Moi & Custard
frozenset({'M124'}),frozenset({'M121'}),0.12212568311222592,0.033905256029985405,0.02747708653231729,0.22499023818820774,6.635851326096138,1.0,0.023336383978560405,1.24655816168239,0.9674544735690952,0.2137398916833593,0.19779114144953178,0.5176990572094344,Indomie Special,Akara & Pap
frozenset({'M121'}),frozenset({'M124'}),0.033905256029985405,0.12212568311222592,0.02747708653231729,0.8104078762306611,6.635851326096138,1.0,0.023336383978560405,4.630331152130621,0.8791098806876968,0.2137398916833593,0.7840327252749826,0.5176990572094344,Akara & Pap,Indomie Special
frozenset({'M128'}),frozenset({'M124'}),0.015431421731790827,0.12212568311222592,0.012408083852323774,0.804079110012361,6.584029579375717,1.0,0.010523510931935971,4.480759131622772,0.8614101114801659,0.09914647157445512,0.7768235313202753,0.4528400235731465,Oat Porridge,Indomie Special
frozenset({'M124'}),frozenset({'M128'}),0.12212568311222592,0.015431421731790827,0.012408083852323774,0.10160093713393206,6.584029579375717,1.0,0.010523510931935971,1.0959145205775747,0.9661033617803269,0.09914647157445512,0.08752007458302975,0.4528400235731465,Indomie Special,Oat Porridge
frozenset({'M124'}),frozenset({'M123'}),0.12212568311222592,0.04142068268304547,0.03324717933066924,0.272237407262788,6.57249928365429,1.0,0.028188650163027563,1.3171593688425371,0.9657998428509061,0.25516029863855955,0.24079042851226354,0.5374541860168418,Indomie Special,Bread & Egg Sauce
frozenset({'M123'}),frozenset({'M124'}),0.04142068268304547,0.12212568311222592,0.03324717933066924,0.8026709647708956,6.572499283654289,1.0,0.028188650163027563,4.4487843153367574,0.8844869297474282,0.25516029863855955,0.7752194916367161,0.5374541860168418,Bread & Egg Sauce,Indomie Special
frozenset({'M125'}),frozenset({'M124'}),0.02948946600413921,0.12212568311222592,0.023643074458040456,0.8017464424320827,6.564929030491706,1.0,0.020041653277670192,4.428038153045671,0.8734324863409781,0.18475182590550004,0.7741663541647252,0.4976713469481772,Pancakes,Indomie Special
frozenset({'M124'}),frozenset({'M125'}),0.12212568311222592,0.02948946600413921,0.023643074458040456,0.19359625146427176,6.564929030491706,1.0,0.020041653277670192,1.2035044923316867,0.9655999867193751,0.18475182590550004,0.1690932552627321,0.4976713469481772,Indomie Special,Pancakes
frozenset({'M124'}),frozenset({'M127'}),0.12212568311222592,0.03450610866849148,0.02756292262353244,0.22569308863725107,6.540670546352795,1.0,0.02334884053084822,1.2469136942511312,0.9649564415926534,0.21355205793246138,0.19801987530453916,0.512238473561301,Indomie Special,Tea & Bread
frozenset({'M127'}),frozenset({'M124'}),0.03450610866849148,0.12212568311222592,0.02756292262353244,0.798783858485351,6.540670546352795,1.0,0.02334884053084822,4.362842415521933,0.8773856412714961,0.21355205793246138,0.7707916296856739,0.512238473561301,Tea & Bread,Indomie Special
frozenset({'M127'}),frozenset({'M126'}),0.03450610866849148,0.0775862891150299,0.017434263860144395,0.5052515201768933,6.512123803573133,1.0,0.014757062936756176,1.8644093888166604,0.8766914772366566,0.18418136020151132,0.4636371142527342,0.364979785902829,Tea & Bread,Moi Moi & Custard
frozenset({'M126'}),frozenset({'M127'}),0.0775862891150299,0.03450610866849148,0.017434263860144395,0.2247080516287646,6.512123803573133,1.0,0.014757062936756176,1.245329444423945,0.9176362578590767,0.18418136020151132,0.19699963372939253,0.364979785902829,Moi Moi & Custard,Tea & Bread
frozenset({'M126'}),frozenset({'M122'}),0.0775862891150299,0.06383343983366872,0.03166398031492308,0.4081130915795943,6.393405911431652,1.0,0.026711380596781194,1.5816645829601463,0.9145449980990175,0.2884949600278067,0.36775469921159804,0.4520768655268359,Moi Moi & Custard,Yam & Egg
frozenset({'M122'}),frozenset({'M126'}),0.06383343983366872,0.0775862891150299,0.03166398031492308,0.49604063947407745,6.393405911431652,1.0,0.026711380596781194,1.8303335211838443,0.9011097825561297,0.2884949600278067,0.4536514856848556,0.4520768655268359,Yam & Egg,Moi Moi & Custard
frozenset({'M126'}),frozenset({'M124'}),0.0775862891150299,0.12212568311222592,0.06055259368055622,0.7804548248309772,6.390587179879171,1.0,0.051077315122240535,3.998604461300134,0.9144702061371939,0.43513124528819125,0.7499127483905089,0.6381383846919431,Moi Moi & Custard,Indomie Special
frozenset({'M124'}),frozenset({'M126'}),0.12212568311222592,0.0775862891150299,0.06055259368055622,0.495821944552909,6.390587179879171,1.0,0.051077315122240535,1.8295395861031667,0.9608663109398002,0.43513124528819125,0.453414395842643,0.6381383846919431,Indomie Special,Moi Moi & Custard
frozenset({'M122'}),frozenset({'M124'}),0.06383343983366872,0.12212568311222592,0.0496895594701052,0.7784252203795011,6.373968198517069,1.0,0.04189385702501523,3.961977614922371,0.9006002758919097,0.36464165733482645,0.7476007950591125,0.5926487679406292,Yam & Egg,Indomie Special
frozenset({'M124'}),frozenset({'M122'}),0.12212568311222592,0.06383343983366872,0.0496895594701052,0.4068723155017571,6.373968198517068,1.0,0.04189385702501523,1.5783558660868822,0.9604015587966678,0.36464165733482645,0.3664293195936626,0.5926487679406292,Indomie Special,Yam & Egg
frozenset({'M126'}),frozenset({'M125'}),0.0775862891150299,0.02948946600413921,0.014573060819639298,0.18783036263060848,6.369405353228308,1.0,0.012285082584394308,1.194960374459865,0.9139060517012187,0.1575420146406846,0.16315216690594375,0.3410044439284996,Moi Moi & Custard,Pancakes
frozenset({'M125'}),frozenset({'M126'}),0.02948946600413921,0.0775862891150299,0.014573060819639298,0.49417852522639066,6.3694053532283075,1.0,0.012285082584394308,1.823595392619135,0.8686144488088039,0.1575420146406846,0.45163274482518184,0.3410044439284996,Pancakes,Moi Moi & Custard
frozenset({'M124'}),"frozenset({'M126', 'M145'})",0.12212568311222592,0.015975050309486795,0.012303173074171921,0.10074189769621242,6.306202218116757,1.0,0.01035220914237367,1.0942630899511092,0.9584811150205147,0.0978013646702047,0.0861429859206169,0.4354455757137779,Indomie Special,"Moi Moi & Custard, Fresh Watermelon Juice"
"frozenset({'M126', 'M145'})",frozenset({'M124'}),0.015975050309486795,0.12212568311222592,0.012303173074171921,0.7701492537313434,6.306202218116757,1.0,0.01035220914237367,3.8193233267195374,0.8550859959019375,0.0978013646702047,0.7381735154486353,0.4354455757137779,"Moi Moi & Custard, Fresh Watermelon Juice",Indomie Special
"frozenset({'M122', 'M085'})",frozenset({'M124'}),0.015297898923233922,0.12212568311222592,0.011654633718324097,0.7618453865336658,6.23820778004228,1.0,0.009786367362142369,3.6861528908062557,0.8527427204623327,0.09266702055054218,0.7287144538974143,0.42863842930744206,"Yam & Egg, Fried Plantain (Dodo)",Indomie Special
frozenset({'M124'}),"frozenset({'M122', 'M085'})",0.12212568311222592,0.015297898923233922,0.011654633718324097,0.09543147208121827,6.23820778004228,1.0,0.009786367362142369,1.0885876201578166,0.9565122619078988,0.09266702055054218,0.08137849312026323,0.42863842930744206,Indomie Special,"Yam & Egg, Fried Plantain (Dodo)"
frozenset({'M122'}),"frozenset({'M085', 'M124'})",0.06383343983366872,0.029470391317202506,0.011654633718324097,0.18257881368594053,6.195330483425421,1.0,0.009773437267302778,1.1873066479462555,0.8957680674422204,0.14274033407312228,0.15775760059143043,0.28902403467468546,Yam & Egg,"Fried Plantain (Dodo), Indomie Special"
"frozenset({'M085', 'M124'})",frozenset({'M122'}),0.029470391317202506,0.06383343983366872,0.011654633718324097,0.3954692556634304,6.195330483425421,1.0,0.009773437267302778,1.5485838709389526,0.8640520628137839,0.14274033407312228,0.35424873087844433,0.28902403467468546,"Fried Plantain (Dodo), Indomie Special",Yam & Egg
"frozenset({'M126', 'M085'})",frozenset({'M124'}),0.017186292929967286,0.12212568311222592,0.01288495102574129,0.7497225305216426,6.138942369990219,1.0,0.010786063261502216,3.5076042550593542,0.8517438101335435,0.10191611345805672,0.714905124043682,0.4276140961862411,"Moi Moi & Custard, Fried Plantain (Dodo)",Indomie Special
frozenset({'M124'}),"frozenset({'M126', 'M085'})",0.12212568311222592,0.017186292929967286,0.01288495102574129,0.10550566185083951,6.138942369990219,1.0,0.010786063261502216,1.098736643882641,0.9535596103084492,0.10191611345805672,0.08986379441549529,0.4276140961862411,Indomie Special,"Moi Moi & Custard, Fried Plantain (Dodo)"
frozenset({'M126'}),"frozenset({'M145', 'M124'})",0.0775862891150299,0.026380292033457,0.012303173074171921,0.1585740626920713,6.011080638946626,1.0,0.010256424109525205,1.1571068406585576,0.9037599415983695,0.13422120486942046,0.13577556984205683,0.31247575151957147,Moi Moi & Custard,"Fresh Watermelon Juice, Indomie Special"
"frozenset({'M145', 'M124'})",frozenset({'M126'}),0.026380292033457,0.0775862891150299,0.012303173074171921,0.4663774403470716,6.011080638946626,1.0,0.010256424109525205,1.7285882956015093,0.8562281090427379,0.13422120486942046,0.4214932482508665,0.31247575151957147,"Fresh Watermelon Juice, Indomie Special",Moi Moi & Custard
"frozenset({'M085', 'M124'})",frozenset({'M126'}),0.029470391317202506,0.0775862891150299,0.01288495102574129,0.4372168284789644,5.635233150933976,1.0,0.01059845272467175,1.6390214874264275,0.8475218537018325,0.13682398217541017,0.38987987181901546,0.3016446773003304,"Fried Plantain (Dodo), Indomie Special",Moi Moi & Custard
frozenset({'M126'}),"frozenset({'M085', 'M124'})",0.0775862891150299,0.029470391317202506,0.01288495102574129,0.16607252612169635,5.635233150933975,1.0,0.01059845272467175,1.1638057733836316,0.8917311650042617,0.13682398217541017,0.1407500951876061,0.3016446773003304,Moi Moi & Custard,"Fried Plantain (Dodo), Indomie Special"
frozenset({'M042'}),frozenset({'M038'}),0.06084825132807508,0.07278900535044969,0.012551144004349028,0.20626959247648902,2.8338014990503604,1.0,0.008122060312864264,1.1681686701943388,0.6890442710996424,0.10365469439193446,0.14395923678244324,0.18935072915229062,Afang Soup & Eba - Large Portion,Banga Soup & Starch - Regular Portion
frozenset({'M038'}),frozenset({'M042'}),0.07278900535044969,0.06084825132807508,0.012551144004349028,0.17243186582809222,2.83380149905036,1.0,0.008122060312864264,1.1348331453236433,0.6979178804498388,0.10365469439193446,0.11881318930386912,0.18935072915229062,Banga Soup & Starch - Regular Portion,Afang Soup & Eba - Large Portion
frozenset({'M038'}),frozenset({'M047'}),0.07278900535044969,0.07409562140561368,0.012703741499842634,0.17452830188679244,2.355446901934879,1.0,0.007310394916904525,1.1216670186400566,0.6206269322841186,0.09467623853863102,0.10846981913364036,0.17298946951721522,Banga Soup & Starch - Regular Portion,Edikang Ikong & Fufu - Regular Portion
frozenset({'M047'}),frozenset({'M038'}),0.07409562140561368,0.07278900535044969,0.012703741499842634,0.17145063714763803,2.355446901934879,1.0,0.007310394916904525,1.1190775543626468,0.6215027474684259,0.09467623853863102,0.10640688297109613,0.17298946951721522,Edikang Ikong & Fufu - Regular Portion,Banga Soup & Starch - Regular Portion
frozenset({'M063'}),frozenset({'M064'}),0.05867373701729121,0.1536752153055288,0.02051482580042155,0.3496423927178153,2.2752035324803357,1.0,0.011498126631509347,1.3013221883130184,0.5954140494754467,0.10694043949487918,0.23155079581301863,0.24156854322168925,Nsala Soup & Pounded Yam - Large Portion,Isi Ewu
frozenset({'M064'}),frozenset({'M063'}),0.1536752153055288,0.05867373701729121,0.02051482580042155,0.1334946937255632,2.2752035324803357,1.0,0.011498126631509347,1.0863479498238353,0.6622503467418368,0.10694043949487918,0.0794846161746221,0.24156854322168925,Isi Ewu,Nsala Soup & Pounded Yam - Large Portion
frozenset({'M032'}),frozenset({'M064'}),0.04894564667957387,0.1536752153055288,0.016842948565106677,0.3441153546375682,2.2392378234409276,1.0,0.009321215773354822,1.290356148262634,0.5819009968407602,0.09066173828225269,0.22502016102575742,0.22685814898762294,Oha Soup & Pounded Yam - Regular Portion,Isi Ewu
frozenset({'M064'}),frozenset({'M032'}),0.1536752153055288,0.04894564667957387,0.016842948565106677,0.10960094333767766,2.2392378234409276,1.0,0.009321215773354822,1.068121474527917,0.65390909761279,0.09066173828225269,0.0637768981828823,0.22685814898762294,Isi Ewu,Oha Soup & Pounded Yam - Regular Portion
frozenset({'M065'}),frozenset({'M063'}),0.09062383763626479,0.05867373701729121,0.010977482332071225,0.12113239318038309,2.0645078929382876,1.0,0.005660243115103328,1.0710671956486288,0.5670074596047759,0.07936289043646141,0.06635176199714635,0.1541130106344048,Nkwobi,Nsala Soup & Pounded Yam - Large Portion
frozenset({'M063'}),frozenset({'M065'}),0.05867373701729121,0.09062383763626479,0.010977482332071225,0.18709362808842653,2.0645078929382876,1.0,0.005660243115103328,1.1186726956332131,0.5477623305793957,0.07936289043646141,0.10608348277065947,0.1541130106344048,Nsala Soup & Pounded Yam - Large Portion,Nkwobi
"frozenset({'M083', 'M068'})",frozenset({'M066'}),0.0600375771332653,0.09942680565755214,0.010977482332071225,0.18284352660841938,1.838976173469485,1.0,0.005008137818291759,1.102081698753054,0.48535893929541535,0.07392896139764916,0.09262625345158515,0.1466256002346653,"Suya Platter, Chicken Suya - Regular Portion",Beef Suya - Regular Portion
frozenset({'M066'}),"frozenset({'M083', 'M068'})",0.09942680565755214,0.0600375771332653,0.010977482332071225,0.11040767386091127,1.838976173469485,1.0,0.005008137818291759,1.056621550397424,0.5065875460275661,0.07392896139764916,0.053587351475206046,0.1466256002346653,Beef Suya - Regular Portion,"Suya Platter, Chicken Suya - Regular Portion"
"frozenset({'M083', 'M074'})",frozenset({'M066'}),0.05543104023805209,0.09942680565755214,0.010052360015641243,0.18134893324156917,1.8239440766725918,1.0,0.004541028750496485,1.100069652273709,0.47824732299791894,0.06941974576829348,0.09096665112693293,0.1412260253737822,"Suya Platter, Asun (Peppered Goat) - Regular Portion",Beef Suya - Regular Portion
frozenset({'M066'}),"frozenset({'M083', 'M074'})",0.09942680565755214,0.05543104023805209,0.010052360015641243,0.10110311750599521,1.8239440766725918,1.0,0.004541028750496485,1.050809028440754,0.501611173007338,0.06941974576829348,0.04835229529398625,0.1412260253737822,Beef Suya - Regular Portion,"Suya Platter, Asun (Peppered Goat) - Regular Portion"
frozenset({'M068'}),"frozenset({'M083', 'M066'})",0.10782920525316879,0.05606050490696322,0.010977482332071225,0.10180435167167876,1.8159727929784262,1.0,0.004932522641862012,1.0509285998544435,0.5036378232269169,0.0717894342917732,0.04846057083373434,0.14880962734995984,Chicken Suya - Regular Portion,"Suya Platter, Beef Suya - Regular Portion"
"frozenset({'M083', 'M066'})",frozenset({'M068'}),0.05606050490696322,0.10782920525316879,0.010977482332071225,0.1958149030282409,1.815972792978426,1.0,0.004932522641862012,1.1094097591541938,0.4760166931765425,0.0717894342917732,0.09861979151653306,0.14880962734995984,"Suya Platter, Beef Suya - Regular Portion",Chicken Suya - Regular Portion
"frozenset({'M066', 'M083'})",frozenset({'M074'}),0.05606050490696322,0.09913114801003328,0.010052360015641243,0.1793126913916298,1.8088430830386548,1.0,0.004495017806191876,1.0977004792696983,0.4737172775792589,0.06926008673938758,0.08900467943195081,0.1403586739621224,"Beef Suya - Regular Portion, Suya Platter",Asun (Peppered Goat) - Regular Portion
frozenset({'M074'}),"frozenset({'M066', 'M083'})",0.09913114801003328,0.05606050490696322,0.010052360015641243,0.10140465653261498,1.8088430830386546,1.0,0.004495017806191876,1.0504611468947564,0.4963657549345416,0.06926008673938758,0.04803713782649018,0.1403586739621224,Asun (Peppered Goat) - Regular Portion,"Beef Suya - Regular Portion, Suya Platter"
frozenset({'M065'}),frozenset({'M064'}),0.09062383763626479,0.1536752153055288,0.024940153169736103,0.275205219953694,1.790823714849176,1.0,0.011013515409169828,1.1676750550554476,0.48560514741386723,0.11369565217391304,0.14359735983867983,0.21874826876167913,Nkwobi,Isi Ewu
frozenset({'M064'}),frozenset({'M065'}),0.1536752153055288,0.09062383763626479,0.024940153169736103,0.16229131756966425,1.7908237148491757,1.0,0.011013515409169828,1.0855517931669036,0.5217828348707975,0.11369565217391304,0.07880949919240754,0.21874826876167913,Isi Ewu,Nkwobi
"frozenset({'M083', 'M080'})",frozenset({'M072'}),0.05624171443286187,0.11843473118997434,0.011673708405260799,0.20756316771239613,1.752553204848804,1.0,0.005012736074741502,1.1124738690718428,0.4549935297063493,0.07161664033701949,0.10110248177396003,0.1530648822939497,"Suya Platter, Grilled Titus Fish - Regular Portion",Grilled Catfish - Regular Portion
frozenset({'M072'}),"frozenset({'M083', 'M080'})",0.11843473118997434,0.05624171443286187,0.011673708405260799,0.0985665968755033,1.752553204848804,1.0,0.005012736074741502,1.046952866729741,0.4870925939714398,0.07161664033701949,0.04484716382352807,0.1530648822939497,Grilled Catfish - Regular Portion,"Suya Platter, Grilled Titus Fish - Regular Portion"
"frozenset({'M083', 'M068'})",frozenset({'M074'}),0.0600375771332653,0.09913114801003328,0.010338480319691753,0.1722001588562351,1.7370943675423425,1.0,0.00438688637473024,1.0882689355741393,0.45142872301120424,0.06946491509131689,0.0811094874518046,0.1382455479676596,"Suya Platter, Chicken Suya - Regular Portion",Asun (Peppered Goat) - Regular Portion
frozenset({'M074'}),"frozenset({'M083', 'M068'})",0.09913114801003328,0.0600375771332653,0.010338480319691753,0.10429093707908409,1.7370943675423423,1.0,0.00438688637473024,1.0494059530909603,0.47101865637371765,0.06946491509131689,0.04707992454725278,0.1382455479676596,Asun (Peppered Goat) - Regular Portion,"Suya Platter, Chicken Suya - Regular Portion"
"frozenset({'M083', 'M074'})",frozenset({'M068'}),0.05543104023805209,0.10782920525316879,0.010338480319691753,0.18651066758430832,1.7296860080384142,1.0,0.004361395304466176,1.0967209515796497,0.44661682160395344,0.06760633653486342,0.08819103112814485,0.14119448114754068,"Suya Platter, Asun (Peppered Goat) - Regular Portion",Chicken Suya - Regular Portion
frozenset({'M068'}),"frozenset({'M083', 'M074'})",0.10782920525316879,0.05543104023805209,0.010338480319691753,0.09587829471077303,1.729686008038414,1.0,0.004361395304466176,1.0447365152679107,0.47284711523688,0.06760633653486342,0.042820859244532584,0.14119448114754068,Chicken Suya - Regular Portion,"Suya Platter, Asun (Peppered Goat) - Regular Portion"
frozenset({'M068'}),"frozenset({'M083', 'M072'})",0.10782920525316879,0.06421493357240274,0.01196936605277966,0.11100300725278613,1.7286167107473458,1.0,0.0050451208002824455,1.0526301821739543,0.47244626284002905,0.07477359389895138,0.04999873941032103,0.1486991866800096,Chicken Suya - Regular Portion,"Suya Platter, Grilled Catfish - Regular Portion"
"frozenset({'M083', 'M072'})",frozenset({'M068'}),0.06421493357240274,0.10782920525316879,0.01196936605277966,0.18639536610723306,1.7286167107473458,1.0,0.0050451208002824455,1.0965655277529052,0.4504268906558483,0.07477359389895138,0.08806179412806128,0.1486991866800096,"Suya Platter, Grilled Catfish - Regular Portion",Chicken Suya - Regular Portion
frozenset({'M080'}),"frozenset({'M083', 'M072'})",0.10570237765972666,0.06421493357240274,0.011673708405260799,0.11043941171163042,1.71984000555119,1.0,0.004886037245396424,1.0519632712462785,0.4680215559832556,0.0737704918032787,0.04939646912264989,0.14611529474635435,Grilled Titus Fish - Regular Portion,"Suya Platter, Grilled Catfish - Regular Portion"
"frozenset({'M083', 'M072'})",frozenset({'M080'}),0.06421493357240274,0.10570237765972666,0.011673708405260799,0.18179117778107828,1.71984000555119,1.0,0.004886037245396424,1.0929943530980324,0.44727211379602017,0.0737704918032787,0.0850821898891289,0.14611529474635435,"Suya Platter, Grilled Catfish - Regular Portion",Grilled Titus Fish - Regular Portion
frozenset({'M074'}),"frozenset({'M083', 'M072'})",0.09913114801003328,0.06421493357240274,0.010719974058425766,0.10813931114104292,1.6840212256719875,1.0,0.004354273974005455,1.0492502675780417,0.4508794545726564,0.07023683059426357,0.04693853230242658,0.13753913425758518,Asun (Peppered Goat) - Regular Portion,"Suya Platter, Grilled Catfish - Regular Portion"
"frozenset({'M083', 'M072'})",frozenset({'M074'}),0.06421493357240274,0.09913114801003328,0.010719974058425766,0.16693895737412745,1.6840212256719875,1.0,0.004354273974005455,1.0813959672755296,0.4340561430172792,0.07023683059426357,0.07526934604777452,0.13753913425758518,"Suya Platter, Grilled Catfish - Regular Portion",Asun (Peppered Goat) - Regular Portion
"frozenset({'M083', 'M068'})",frozenset({'M072'}),0.0600375771332653,0.11843473118997434,0.01196936605277966,0.1993645750595711,1.68332864064834,1.0,0.0048588317437040325,1.1010820172934743,0.4318671981985609,0.07188681406804903,0.09180244133124629,0.15021377408156522,"Suya Platter, Chicken Suya - Regular Portion",Grilled Catfish - Regular Portion
frozenset({'M072'}),"frozenset({'M083', 'M068'})",0.11843473118997434,0.0600375771332653,0.01196936605277966,0.10106297310355936,1.68332864064834,1.0,0.0048588317437040325,1.0456376751015957,0.46047519376907997,0.07188681406804903,0.0436457830358507,0.15021377408156522,Grilled Catfish - Regular Portion,"Suya Platter, Chicken Suya - Regular Portion"
"frozenset({'M083', 'M080'})",frozenset({'M068'}),0.05624171443286187,0.10782920525316879,0.010128658763388046,0.18009157198575548,1.6701557946469527,1.0,0.004064159394016878,1.0881346797563731,0.42516549853463453,0.06579517997645747,0.08099611325328394,0.13701199862333943,"Suya Platter, Grilled Titus Fish - Regular Portion",Chicken Suya - Regular Portion
frozenset({'M068'}),"frozenset({'M083', 'M080'})",0.10782920525316879,0.05624171443286187,0.010128658763388046,0.0939324252609234,1.6701557946469525,1.0,0.004064159394016878,1.0415981234500258,0.449749604382877,0.06579517997645747,0.03993682641462779,0.13701199862333943,Chicken Suya - Regular Portion,"Suya Platter, Grilled Titus Fish - Regular Portion"
frozenset({'M066'}),"frozenset({'M083', 'M072'})",0.09942680565755214,0.06421493357240274,0.010662749997615665,0.10724220623501199,1.6700508786495236,1.0,0.004278064276999757,1.0481959081882133,0.44551164749619654,0.0697007481296758,0.04597986675174017,0.1366450151923612,Beef Suya - Regular Portion,"Suya Platter, Grilled Catfish - Regular Portion"
"frozenset({'M083', 'M072'})",frozenset({'M066'}),0.06421493357240274,0.09942680565755214,0.010662749997615665,0.1660478241497104,1.6700508786495236,1.0,0.004278064276999757,1.0798858980423334,0.42874786304730894,0.0697007481296758,0.0739762397000962,0.1366450151923612,"Suya Platter, Grilled Catfish - Regular Portion",Beef Suya - Regular Portion
frozenset({'M083'}),"frozenset({'M066', 'M074'})",0.40491745429228143,0.015078540023461866,0.010052360015641243,0.02482570190314679,1.6464261038879466,1.0,0.003946795974896787,1.0099953022743806,0.6597804311242886,0.024521322383267805,0.009896384915724256,0.3457461842849067,Suya Platter,"Beef Suya - Regular Portion, Asun (Peppered Goat) - Regular Portion"
"frozenset({'M066', 'M074'})",frozenset({'M083'}),0.015078540023461866,0.40491745429228143,0.010052360015641243,0.6666666666666666,1.6464261038879466,1.0,0.003946795974896787,1.7852476371231556,0.3986346470417352,0.024521322383267805,0.43985362074952583,0.3457461842849067,"Beef Suya - Regular Portion, Asun (Peppered Goat) - Regular Portion",Suya Platter
"frozenset({'M026', 'M025'})",frozenset({'M024'}),0.10765753307073847,0.07020438527052675,0.012417621195792124,0.11534372785258683,1.6429704128612392,1.0,0.004859590266819526,1.0510247245209587,0.438560672780293,0.07505620568397994,0.04854759676963362,0.14611093470472025,"Ofada Rice & Ayamase, Party Jollof Rice",Yam Porridge (Asaro) - Large Portion
frozenset({'M024'}),"frozenset({'M026', 'M025'})",0.07020438527052675,0.10765753307073847,0.012417621195792124,0.1768781415568537,1.6429704128612392,1.0,0.004859590266819526,1.0840952135775366,0.42089498643289114,0.07505620568397994,0.07757179676130166,0.14611093470472025,Yam Porridge (Asaro) - Large Portion,"Ofada Rice & Ayamase, Party Jollof Rice"
frozenset({'M035'}),frozenset({'M054'}),0.14032293444983834,0.05172101362886382,0.011912141991969556,0.08489091279820567,1.6413234552470335,1.0,0.004654497586847303,1.0362469345275198,0.4545143581194361,0.06613014242600729,0.034979051150628215,0.15760311820990866,Efo Riro & Amala - Regular Portion,Ewedu & Gbegiri Amala - Large Portion
frozenset({'M054'}),frozenset({'M035'}),0.05172101362886382,0.14032293444983834,0.011912141991969556,0.23031532362161164,1.6413234552470333,1.0,0.004654497586847303,1.116921113195622,0.41204706131240426,0.06613014242600729,0.104681621480947,0.15760311820990866,Ewedu & Gbegiri Amala - Large Portion,Efo Riro & Amala - Regular Portion
"frozenset({'M066', 'M068'})",frozenset({'M083'}),0.016547290917587814,0.40491745429228143,0.010977482332071225,0.6634005763688762,1.6383600394020406,1.0,0.004277195418287778,1.7679250287720754,0.39618941211485226,0.026742565055762082,0.43436515478568855,0.3452554982843062,"Beef Suya - Regular Portion, Chicken Suya - Regular Portion",Suya Platter
frozenset({'M083'}),"frozenset({'M066', 'M068'})",0.40491745429228143,0.016547290917587814,0.010977482332071225,0.027110420199736196,1.6383600394020403,1.0,0.004277195418287778,1.0108574801308048,0.6547554679002341,0.026742565055762082,0.010740861441120098,0.3452554982843062,Suya Platter,"Beef Suya - Regular Portion, Chicken Suya - Regular Portion"
"frozenset({'M026', 'M015'})",frozenset({'M023'}),0.03938922852428685,0.1710713297917998,0.011006094362476276,0.2794188861985472,1.6333472507556377,1.0,0.004267726659353433,1.150361360201568,0.403660182011441,0.05518098790226175,0.13070793700443972,0.17187758715903834,"Ofada Rice & Ayamase, Native Jollof (Palm Oil) - Large Portion",Yam Porridge (Asaro) - Regular Portion
frozenset({'M023'}),"frozenset({'M026', 'M015'})",0.1710713297917998,0.03938922852428685,0.011006094362476276,0.06433628811952946,1.6333472507556375,1.0,0.004267726659353433,1.026662420780544,0.4677849045306205,0.05518098790226175,0.025969997772269767,0.17187758715903834,Yam Porridge (Asaro) - Regular Portion,"Ofada Rice & Ayamase, Native Jollof (Palm Oil) - Large Portion"
"frozenset({'M083', 'M074'})",frozenset({'M072'}),0.05543104023805209,0.11843473118997434,0.010719974058425766,0.19339298004129388,1.6329076622893948,1.0,0.004155013708251415,1.0929303204615761,0.4103411363272221,0.06570793873494679,0.0850285866553039,0.14195337518734044,"Suya Platter, Asun (Peppered Goat) - Regular Portion",Grilled Catfish - Regular Portion
frozenset({'M072'}),"frozenset({'M083', 'M074'})",0.11843473118997434,0.05543104023805209,0.010719974058425766,0.09051377033338702,1.6329076622893948,1.0,0.004155013708251415,1.0385742289998112,0.4396673893599877,0.06570793873494679,0.03714152337186323,0.14195337518734044,Grilled Catfish - Regular Portion,"Suya Platter, Asun (Peppered Goat) - Regular Portion"
frozenset({'M035'}),frozenset({'M034'}),0.14032293444983834,0.04890749730570047,0.011158691857969881,0.07952151158839121,1.6259574905527314,1.0,0.004295848319436428,1.0332588047065812,0.4478167284996813,0.06266402442290182,0.03218826160017656,0.1538403189767229,Efo Riro & Amala - Regular Portion,Efo Riro & Amala - Small Portion
frozenset({'M034'}),frozenset({'M035'}),0.04890749730570047,0.14032293444983834,0.011158691857969881,0.2281591263650546,1.6259574905527314,1.0,0.004295848319436428,1.113800907564737,0.40477426745589556,0.06266402442290182,0.10217347354614412,0.1538403189767229,Efo Riro & Amala - Small Portion,Efo Riro & Amala - Regular Portion
"frozenset({'M066', 'M083'})",frozenset({'M072'}),0.05606050490696322,0.11843473118997434,0.010662749997615665,0.1902007485539299,1.6059541541816802,1.0,0.004023239168585238,1.0886219853078425,0.3997260632347157,0.06508324601234136,0.08140749176839554,0.14011567464739497,"Beef Suya - Regular Portion, Suya Platter",Grilled Catfish - Regular Portion
frozenset({'M072'}),"frozenset({'M066', 'M083'})",0.11843473118997434,0.05606050490696322,0.010662749997615665,0.09003060074086004,1.6059541541816802,1.0,0.004023239168585238,1.0373310309792327,0.4280082617304374,0.06508324601234136,0.03598757760480046,0.14011567464739497,Grilled Catfish - Regular Portion,"Beef Suya - Regular Portion, Suya Platter"
"frozenset({'M022', 'M025'})",frozenset({'M023'}),0.03819706059074306,0.1710713297917998,0.010491077815185358,0.2746566791510612,1.6055096987047954,1.0,0.003956655865788994,1.1428087174471055,0.3921227776645939,0.052778044333557234,0.12496292272439327,0.16799121519575694,"Yam Porridge (Asaro) - Small Portion, Party Jollof Rice",Yam Porridge (Asaro) - Regular Portion
frozenset({'M023'}),"frozenset({'M022', 'M025'})",0.1710713297917998,0.03819706059074306,0.010491077815185358,0.0613257512404527,1.6055096987047954,1.0,0.003956655865788994,1.0246397412949957,0.45497864137381366,0.052778044333557234,0.024047223918774223,0.16799121519575694,Yam Porridge (Asaro) - Regular Portion,"Yam Porridge (Asaro) - Small Portion, Party Jollof Rice"
frozenset({'M080'}),"frozenset({'M083', 'M068'})",0.10570237765972666,0.0600375771332653,0.010128658763388046,0.09582243074979699,1.5960409351146885,1.0,0.0037825441114726676,1.0395772410569823,0.41758989932438934,0.06508948271635204,0.038070515103565114,0.13226387621683655,Grilled Titus Fish - Regular Portion,"Suya Platter, Chicken Suya - Regular Portion"
"frozenset({'M083', 'M068'})",frozenset({'M080'}),0.0600375771332653,0.10570237765972666,0.010128658763388046,0.16870532168387609,1.5960409351146883,1.0,0.0037825441114726676,1.0757889418368087,0.3973027484866405,0.06508948271635204,0.07044963829745853,0.13226387621683655,"Suya Platter, Chicken Suya - Regular Portion",Grilled Titus Fish - Regular Portion
frozenset({'M083'}),"frozenset({'M074', 'M068'})",0.40491745429228143,0.016013199683360197,0.010338480319691753,0.02553231580930846,1.5944543448015494,1.0,0.003854456268831575,1.0097685293010552,0.6265117278947451,0.025179438340572808,0.009674028272416948,0.33557735504580966,Suya Platter,"Asun (Peppered Goat) - Regular Portion, Chicken Suya - Regular Portion"
"frozenset({'M074', 'M068'})",frozenset({'M083'}),0.016013199683360197,0.40491745429228143,0.010338480319691753,0.6456223942823108,1.5944543448015491,1.0,0.003854456268831575,1.6792329315012762,0.3788934910827804,0.025179438340572808,0.40449000180935285,0.33557735504580966,"Asun (Peppered Goat) - Regular Portion, Chicken Suya - Regular Portion",Suya Platter
"frozenset({'M023', 'M008'})",frozenset({'M026'}),0.025254885504191662,0.26049346215105246,0.010462465784780307,0.4142749244712991,1.5903467252129089,1.0,0.0038837332235649932,1.2625488795770556,0.38082396670090807,0.038005820399113086,0.20795145742397508,0.22721947446425864,"Yam Porridge (Asaro) - Regular Portion, Coconut Rice - Regular Portion",Ofada Rice & Ayamase
frozenset({'M026'}),"frozenset({'M023', 'M008'})",0.26049346215105246,0.025254885504191662,0.010462465784780307,0.04016402445721817,1.5903467252129089,1.0,0.0038837332235649932,1.0155330070271595,0.5019648671455661,0.038005820399113086,0.01529542311247011,0.22721947446425864,Ofada Rice & Ayamase,"Yam Porridge (Asaro) - Regular Portion, Coconut Rice - Regular Portion"
frozenset({'M023'}),"frozenset({'M026', 'M020'})",0.1710713297917998,0.03717656483962957,0.010080972046046294,0.058928471873780454,1.5850972817952167,1.0,0.003721127661839796,1.0231139784639551,0.44530236165333487,0.050871113677928584,0.022591792264100664,0.16504658585992768,Yam Porridge (Asaro) - Regular Portion,"Ofada Rice & Ayamase, Basmati Rice & Chicken Sauce - Regular Portion"
"frozenset({'M026', 'M020'})",frozenset({'M023'}),0.03717656483962957,0.1710713297917998,0.010080972046046294,0.2711646998460749,1.5850972817952165,1.0,0.003721127661839796,1.1373333180118141,0.38337651640603,0.050871113677928584,0.12075028123847481,0.16504658585992768,"Ofada Rice & Ayamase, Basmati Rice & Chicken Sauce - Regular Portion",Yam Porridge (Asaro) - Regular Portion
frozenset({'M083'}),"frozenset({'M072', 'M068'})",0.40491745429228143,0.018674118511029937,0.01196936605277966,0.02956001507443,1.5829403169402758,1.0,0.004407889524141048,1.0112174856070413,0.6188456463432273,0.029078523598785884,0.011093049484115148,0.3352600892532518,Suya Platter,"Grilled Catfish - Regular Portion, Chicken Suya - Regular Portion"
"frozenset({'M072', 'M068'})",frozenset({'M083'}),0.018674118511029937,0.40491745429228143,0.01196936605277966,0.6409601634320736,1.5829403169402758,1.0,0.004407889524141048,1.657427630861612,0.3752721186435002,0.029078523598785884,0.3966554066193822,0.3352600892532518,"Grilled Catfish - Regular Portion, Chicken Suya - Regular Portion",Suya Platter
frozenset({'M022'}),"frozenset({'M023', 'M025'})",0.09234055946056785,0.07229306349009547,0.010491077815185358,0.11361288989878125,1.5715600420550282,1.0,0.003815495887391591,1.0466160055102418,0.40068949113490937,0.0680608835540156,0.04453974071179605,0.12936581170400804,Yam Porridge (Asaro) - Small Portion,"Yam Porridge (Asaro) - Regular Portion, Party Jollof Rice"
"frozenset({'M023', 'M025'})",frozenset({'M022'}),0.07229306349009547,0.09234055946056785,0.010491077815185358,0.14511873350923482,1.571560042055028,1.0,0.003815495887391591,1.061737431989027,0.3920306996105539,0.0680608835540156,0.0581475514839578,0.12936581170400804,"Yam Porridge (Asaro) - Regular Portion, Party Jollof Rice",Yam Porridge (Asaro) - Small Portion
"frozenset({'M024', 'M025'})",frozenset({'M026'}),0.030433663007505888,0.26049346215105246,0.012417621195792124,0.40802256345973054,1.566344736986644,1.0,0.004489850953028503,1.2492140615542573,0.3729202685497546,0.0445859872611465,0.19949668293373835,0.22784608566938125,"Yam Porridge (Asaro) - Large Portion, Party Jollof Rice",Ofada Rice & Ayamase
frozenset({'M026'}),"frozenset({'M024', 'M025'})",0.26049346215105246,0.030433663007505888,0.012417621195792124,0.04766960787903196,1.566344736986644,1.0,0.004489850953028503,1.018098702943985,0.4889354187723187,0.0445859872611465,0.017776962971910098,0.22784608566938125,Ofada Rice & Ayamase,"Yam Porridge (Asaro) - Large Portion, Party Jollof Rice"
"frozenset({'M066', 'M072'})",frozenset({'M083'}),0.016823873878169974,0.40491745429228143,0.010662749997615665,0.6337868480725624,1.5652248164512963,1.0,0.003850469815532667,1.624962245554823,0.3672934404035094,0.0259384715326435,0.384601086741826,0.33005999648776035,"Beef Suya - Regular Portion, Grilled Catfish - Regular Portion",Suya Platter
frozenset({'M083'}),"frozenset({'M066', 'M072'})",0.40491745429228143,0.016823873878169974,0.010662749997615665,0.026333144902958357,1.5652248164512963,1.0,0.003850469815532667,1.0097664524318646,0.6068303372205558,0.0259384715326435,0.00967199138805171,0.33005999648776035,Suya Platter,"Beef Suya - Regular Portion, Grilled Catfish - Regular Portion"
frozenset({'M015'}),"frozenset({'M023', 'M025'})",0.11913095726316392,0.07229306349009547,0.013447654290373959,0.11288127451765272,1.5614399095581009,1.0,0.0048353124333122,1.0457528511817722,0.4081940387444751,0.07555865173356198,0.04375111301878674,0.14944855282610867,Native Jollof (Palm Oil) - Large Portion,"Yam Porridge (Asaro) - Regular Portion, Party Jollof Rice"
"frozenset({'M023', 'M025'})",frozenset({'M015'}),0.07229306349009547,0.11913095726316392,0.013447654290373959,0.18601583113456463,1.5614399095581006,1.0,0.0048353124333122,1.0821697478031147,0.3875852146933795,0.07555865173356198,0.0759305533812282,0.14944855282610867,"Yam Porridge (Asaro) - Regular Portion, Party Jollof Rice",Native Jollof (Palm Oil) - Large Portion
frozenset({'M026'}),"frozenset({'M023', 'M017'})",0.26049346215105246,0.029117509608873545,0.011816768557286054,0.045363013949401385,1.5579290454008137,1.0,0.004231847670054047,1.0170174679777877,0.4842719103326587,0.04253785147801009,0.016732719460192582,0.22559667238577177,Ofada Rice & Ayamase,"Yam Porridge (Asaro) - Regular Portion, Concoction Rice - Regular Portion"
"frozenset({'M023', 'M017'})",frozenset({'M026'}),0.029117509608873545,0.26049346215105246,0.011816768557286054,0.40583033082214215,1.5579290454008137,1.0,0.004231847670054047,1.2446049945164481,0.36886260421004036,0.04253785147801009,0.1965322295781736,0.22559667238577177,"Yam Porridge (Asaro) - Regular Portion, Concoction Rice - Regular Portion",Ofada Rice & Ayamase
"frozenset({'M023', 'M035'})",frozenset({'M026'}),0.028917225396038186,0.26049346215105246,0.011673708405260799,0.4036939313984169,1.5497276901495776,1.0,0.004140960246044472,1.2401459196670406,0.3652884745434789,0.04203152364273204,0.19364327685851337,0.22425387815847694,"Yam Porridge (Asaro) - Regular Portion, Efo Riro & Amala - Regular Portion",Ofada Rice & Ayamase
frozenset({'M026'}),"frozenset({'M023', 'M035'})",0.26049346215105246,0.028917225396038186,0.011673708405260799,0.04481382491853696,1.5497276901495773,1.0,0.004140960246044472,1.0166424095503088,0.4796784439828533,0.04203152364273204,0.01636997374295091,0.22425387815847694,Ofada Rice & Ayamase,"Yam Porridge (Asaro) - Regular Portion, Efo Riro & Amala - Regular Portion"
frozenset({'M026'}),"frozenset({'M023', 'M015'})",0.26049346215105246,0.027305414349886984,0.011006094362476276,0.04225094277450298,1.5473466995631897,1.0,0.0038932124430051855,1.0156048479629014,0.4783357636282592,0.03976293846047826,0.015365078252827902,0.22266232084586132,Ofada Rice & Ayamase,"Yam Porridge (Asaro) - Regular Portion, Native Jollof (Palm Oil) - Large Portion"
"frozenset({'M023', 'M015'})",frozenset({'M026'}),0.027305414349886984,0.26049346215105246,0.011006094362476276,0.40307369891721967,1.5473466995631897,1.0,0.0038932124430051855,1.238857353927172,0.36366237636004195,0.03976293846047826,0.1928045655700353,0.22266232084586132,"Yam Porridge (Asaro) - Regular Portion, Native Jollof (Palm Oil) - Large Portion",Ofada Rice & Ayamase
frozenset({'M083'}),"frozenset({'M074', 'M072'})",0.40491745429228143,0.017109994182220485,0.010719974058425766,0.026474467684190692,1.5473101511455285,1.0,0.0037918387712053015,1.0096191349801522,0.59440015810191,0.026063163752724577,0.009527488779559643,0.32650367754332166,Suya Platter,"Asun (Peppered Goat) - Regular Portion, Grilled Catfish - Regular Portion"
"frozenset({'M074', 'M072'})",frozenset({'M083'}),0.017109994182220485,0.40491745429228143,0.010719974058425766,0.6265328874024526,1.5473101511455285,1.0,0.0037918387712053015,1.5934001298502196,0.35987461176600016,0.026063163752724577,0.3724112473280641,0.32650367754332166,"Asun (Peppered Goat) - Regular Portion, Grilled Catfish - Regular Portion",Suya Platter
frozenset({'M078'}),frozenset({'M074'}),0.09819648835013495,0.09913114801003328,0.015049927993056813,0.15326340326340326,1.546067067112863,1.0,0.005315597372354076,1.063930454242796,0.3916568565220355,0.08256592716617832,0.06008894095272024,0.15254088000383942,Roasted Turkey Wings - Regular Portion,Asun (Peppered Goat) - Regular Portion
frozenset({'M074'}),frozenset({'M078'}),0.09913114801003328,0.09819648835013495,0.015049927993056813,0.15181835674427555,1.546067067112863,1.0,0.005315597372354076,1.0632197935672298,0.3920632040869503,0.08256592716617832,0.059460700364803935,0.15254088000383942,Asun (Peppered Goat) - Regular Portion,Roasted Turkey Wings - Regular Portion
frozenset({'M024'}),frozenset({'M023'}),0.07020438527052675,0.1710713297917998,0.018540595702473035,0.26409455237060186,1.5437686296822197,1.0,0.006530638157028182,1.126406487244335,0.3788300699406968,0.08324055836259314,0.11222102205179807,0.18623694000868277,Yam Porridge (Asaro) - Large Portion,Yam Porridge (Asaro) - Regular Portion
frozenset({'M023'}),frozenset({'M024'}),0.1710713297917998,0.07020438527052675,0.018540595702473035,0.10837932764676368,1.5437686296822197,1.0,0.006530638157028182,1.04281522799991,0.4249274399811138,0.08324055836259314,0.04105734827254917,0.18623694000868277,Yam Porridge (Asaro) - Regular Portion,Yam Porridge (Asaro) - Large Portion
frozenset({'M068'}),frozenset({'M066'}),0.10782920525316879,0.09942680565755214,0.016547290917587814,0.15345834070405093,1.5434302619818172,1.0,0.0058261774826727005,1.0638261973916745,0.3946469998642949,0.08676735347069413,0.059996828004579714,0.15994259960862017,Chicken Suya - Regular Portion,Beef Suya - Regular Portion
frozenset({'M066'}),frozenset({'M068'}),0.09942680565755214,0.10782920525316879,0.016547290917587814,0.16642685851318945,1.5434302619818172,1.0,0.0058261774826727005,1.0702969545725793,0.3909649207030423,0.08676735347069413,0.0656798604090697,0.15994259960862017,Beef Suya - Regular Portion,Chicken Suya - Regular Portion
frozenset({'M083'}),"frozenset({'M080', 'M072'})",0.40491745429228143,0.018826716006523542,0.011673708405260799,0.02882984737139627,1.5313264066556587,1.0,0.004050442487215539,1.010300081131816,0.5830642538287854,0.028329398694625745,0.010195071072623331,0.32444531882247624,Suya Platter,"Grilled Titus Fish - Regular Portion, Grilled Catfish - Regular Portion"
"frozenset({'M080', 'M072'})",frozenset({'M083'}),0.018826716006523542,0.40491745429228143,0.011673708405260799,0.6200607902735562,1.5313264066556587,1.0,0.004050442487215539,1.5662572603027152,0.3536290338719739,0.028329398694625745,0.36153528200933793,0.32444531882247624,"Grilled Titus Fish - Regular Portion, Grilled Catfish - Regular Portion",Suya Platter
"frozenset({'M026', 'M008'})",frozenset({'M023'}),0.039951931788919516,0.1710713297917998,0.010462465784780307,0.26187634280257815,1.5308020526951622,1.0,0.0036278356858985674,1.123021409929544,0.3611774102841197,0.0521660563983071,0.1095450263386005,0.16151742099709662,"Ofada Rice & Ayamase, Coconut Rice - Regular Portion",Yam Porridge (Asaro) - Regular Portion
frozenset({'M023'}),"frozenset({'M026', 'M008'})",0.1710713297917998,0.039951931788919516,0.010462465784780307,0.0611584991916151,1.5308020526951622,1.0,0.0036278356858985674,1.0225880165975147,0.41830821816991576,0.0521660563983071,0.022089068354890967,0.16151742099709662,Yam Porridge (Asaro) - Regular Portion,"Ofada Rice & Ayamase, Coconut Rice - Regular Portion"
frozenset({'M066'}),frozenset({'M074'}),0.09942680565755214,0.09913114801003328,0.015078540023461866,0.15165467625899282,1.529838797424635,1.0,0.00522224663565825,1.0619129106733833,0.38457324754289895,0.08218109990643518,0.0583031904510164,0.15188083052895762,Beef Suya - Regular Portion,Asun (Peppered Goat) - Regular Portion
frozenset({'M074'}),frozenset({'M066'}),0.09913114801003328,0.09942680565755214,0.015078540023461866,0.15210698479892246,1.5298387974246348,1.0,0.00522224663565825,1.0621306912510386,0.38444703380888423,0.08218109990643518,0.05849627711807996,0.15188083052895762,Asun (Peppered Goat) - Regular Portion,Beef Suya - Regular Portion
frozenset({'M083'}),"frozenset({'M080', 'M068'})",0.40491745429228143,0.016366081391689158,0.010128658763388046,0.025014132278123234,1.5284130439938808,1.0,0.0035017467495249933,1.0088699243473558,0.580972508390367,0.024634655532359082,0.00879194050025209,0.3219476255796211,Suya Platter,"Grilled Titus Fish - Regular Portion, Chicken Suya - Regular Portion"
"frozenset({'M080', 'M068'})",frozenset({'M083'}),0.016366081391689158,0.40491745429228143,0.010128658763388046,0.618881118881119,1.5284130439938808,1.0,0.0035017467495249933,1.5614092483707114,0.3514789320891739,0.024634655532359082,0.3595529160318007,0.3219476255796211,"Grilled Titus Fish - Regular Portion, Chicken Suya - Regular Portion",Suya Platter
frozenset({'M064'}),frozenset({'M042'}),0.1536752153055288,0.06084825132807508,0.014286940515588788,0.09296841060013654,1.5278731692531216,1.0,0.004936072391781921,1.0354123931817123,0.4082302890063759,0.07135032150512027,0.034201245238038774,0.1638823244223253,Isi Ewu,Afang Soup & Eba - Large Portion
frozenset({'M042'}),frozenset({'M064'}),0.06084825132807508,0.1536752153055288,0.014286940515588788,0.2347962382445141,1.5278731692531216,1.0,0.004936072391781921,1.106012315925999,0.36788028339153445,0.07135032150512027,0.0958509361961679,0.1638823244223253,Afang Soup & Eba - Large Portion,Isi Ewu
"frozenset({'M026', 'M035'})",frozenset({'M023'}),0.045063947887955286,0.1710713297917998,0.011673708405260799,0.2590476190476191,1.5142667059576245,1.0,0.00396455891439992,1.1187340664763628,0.3556409365376097,0.05709487825356843,0.10613252070738788,0.1636432274866796,"Ofada Rice & Ayamase, Efo Riro & Amala - Regular Portion",Yam Porridge (Asaro) - Regular Portion
frozenset({'M023'}),"frozenset({'M026', 'M035'})",0.1710713297917998,0.045063947887955286,0.011673708405260799,0.0682388359257401,1.5142667059576242,1.0,0.00396455891439992,1.0248721334729698,0.4097027453777839,0.05709487825356843,0.024268523516866498,0.1636432274866796,Yam Porridge (Asaro) - Regular Portion,"Ofada Rice & Ayamase, Efo Riro & Amala - Regular Portion"
"frozenset({'M026', 'M011'})",frozenset({'M017'}),0.05082450334283888,0.1432508988946219,0.011006094362476276,0.21655094764496155,1.511689974135943,1.0,0.0037254385727418906,1.0935607089318706,0.3566133988750456,0.0601198228705392,0.08555602644434399,0.1466909198943849,"Ofada Rice & Ayamase, White Rice & Stew - Regular Portion",Concoction Rice - Regular Portion
frozenset({'M017'}),"frozenset({'M026', 'M011'})",0.1432508988946219,0.05082450334283888,0.011006094362476276,0.07683089214380825,1.5116899741359429,1.0,0.0037254385727418906,1.0281707745413644,0.395084978268552,0.0601198228705392,0.027398925586005502,0.1466909198943849,Concoction Rice - Regular Portion,"Ofada Rice & Ayamase, White Rice & Stew - Regular Portion"
frozenset({'M023'}),"frozenset({'M025', 'M015'})",0.1710713297917998,0.052016671276382674,0.013447654290373959,0.07860846295367119,1.5112167123497209,1.0,0.004549093163780259,1.0288604687672005,0.4080948690292532,0.06414630817524225,0.028050906457492458,0.16856715776946485,Yam Porridge (Asaro) - Regular Portion,"Party Jollof Rice, Native Jollof (Palm Oil) - Large Portion"
"frozenset({'M025', 'M015'})",frozenset({'M023'}),0.052016671276382674,0.1710713297917998,0.013447654290373959,0.2585258525852585,1.5112167123497207,1.0,0.004549093163780259,1.117946826734798,0.3568433398071221,0.06414630817524225,0.10550307395145708,0.16856715776946485,"Party Jollof Rice, Native Jollof (Palm Oil) - Large Portion",Yam Porridge (Asaro) - Regular Portion
"frozenset({'M023', 'M026'})",frozenset({'M015'}),0.061353730531897646,0.11913095726316392,0.011006094362476276,0.1793875330327996,1.5058011549133035,1.0,0.003696965712545102,1.0734287842254342,0.3578575895625467,0.06494091164884637,0.06840582747966731,0.13588702566298536,"Yam Porridge (Asaro) - Regular Portion, Ofada Rice & Ayamase",Native Jollof (Palm Oil) - Large Portion
frozenset({'M015'}),"frozenset({'M023', 'M026'})",0.11913095726316392,0.061353730531897646,0.011006094362476276,0.09238651829317109,1.5058011549133035,1.0,0.003696965712545102,1.0341916337590251,0.38132988576837074,0.06494091164884637,0.03306121674447034,0.13588702566298536,Native Jollof (Palm Oil) - Large Portion,"Yam Porridge (Asaro) - Regular Portion, Ofada Rice & Ayamase"
frozenset({'M011'}),"frozenset({'M017', 'M025'})",0.1738180847106847,0.0630132282953906,0.016490066856777712,0.09486968449931413,1.505551882766397,1.0,0.005537228203035795,1.0351954361249094,0.40643801490854814,0.07483876552828636,0.033998832391164704,0.17828091459716727,White Rice & Stew - Regular Portion,"Concoction Rice - Regular Portion, Party Jollof Rice"
"frozenset({'M017', 'M025'})",frozenset({'M011'}),0.0630132282953906,0.1738180847106847,0.016490066856777712,0.2616921446950204,1.5055518827663967,1.0,0.005537228203035795,1.11902089264381,0.35837404298957587,0.07483876552828636,0.10636163580700463,0.17828091459716727,"Concoction Rice - Regular Portion, Party Jollof Rice",White Rice & Stew - Regular Portion
frozenset({'M080'}),frozenset({'M072'}),0.10570237765972666,0.11843473118997434,0.018826716006523542,0.1781106198682667,1.5038715255119692,1.0,0.006307883322252666,1.0726081758943369,0.3746510929948731,0.09169879685975751,0.06769310315371818,0.16853670790482106,Grilled Titus Fish - Regular Portion,Grilled Catfish - Regular Portion
frozenset({'M072'}),frozenset({'M080'}),0.11843473118997434,0.10570237765972666,0.018826716006523542,0.1589627959413754,1.503871525511969,1.0,0.006307883322252666,1.063327065704856,0.38006213893245117,0.09169879685975751,0.05955558524495727,0.16853670790482106,Grilled Catfish - Regular Portion,Grilled Titus Fish - Regular Portion
frozenset({'M074'}),frozenset({'M068'}),0.09913114801003328,0.10782920525316879,0.016013199683360197,0.16153550125072158,1.4980681798725817,1.0,0.005323966777604064,1.0640531544002942,0.3690588687720313,0.08386194495779432,0.06019732579656216,0.15502035985939583,Asun (Peppered Goat) - Regular Portion,Chicken Suya - Regular Portion
frozenset({'M068'}),frozenset({'M074'}),0.10782920525316879,0.09913114801003328,0.016013199683360197,0.14850521846807005,1.4980681798725817,1.0,0.005323966777604064,1.0579851709357602,0.3726569412325593,0.08386194495779432,0.05480716793456931,0.15502035985939583,Chicken Suya - Regular Portion,Asun (Peppered Goat) - Regular Portion
frozenset({'M070'}),frozenset({'M072'}),0.06133465584496094,0.11843473118997434,0.010882108897387721,0.17742186285181152,1.498056026886398,1.0,0.003617955419760183,1.07171006497491,0.35419249915536644,0.06443415405466456,0.06691181441557983,0.13465230684867915,Grilled Tilapia - Regular Portion,Grilled Catfish - Regular Portion
frozenset({'M072'}),frozenset({'M070'}),0.11843473118997434,0.06133465584496094,0.010882108897387721,0.09188275084554678,1.498056026886398,1.0,0.003617955419760183,1.0336389326697948,0.3771339864212042,0.06443415405466456,0.03254418115125407,0.13465230684867915,Grilled Catfish - Regular Portion,Grilled Tilapia - Regular Portion
"frozenset({'M023', 'M020'})",frozenset({'M026'}),0.025912962203507833,0.26049346215105246,0.010080972046046294,0.389032020610968,1.4934425509127742,1.0,0.003330814807065173,1.210385098394934,0.3391956796179556,0.03648224208746073,0.17381666270835722,0.2138657704929405,"Yam Porridge (Asaro) - Regular Portion, Basmati Rice & Chicken Sauce - Regular Portion",Ofada Rice & Ayamase
frozenset({'M026'}),"frozenset({'M023', 'M020'})",0.26049346215105246,0.025912962203507833,0.010080972046046294,0.03869952037491304,1.4934425509127742,1.0,0.003330814807065173,1.0133013125889547,0.4467926892891263,0.03648224208746073,0.013126710114457547,0.2138657704929405,Ofada Rice & Ayamase,"Yam Porridge (Asaro) - Regular Portion, Basmati Rice & Chicken Sauce - Regular Portion"
frozenset({'M017'}),"frozenset({'M011', 'M025'})",0.1432508988946219,0.07722387006323259,0.016490066856777712,0.11511318242343542,1.4906424960207023,1.0,0.0054276780540981635,1.0428182583440107,0.3841828778426097,0.08083972320927622,0.04106013488103466,0.16432452995446192,Concoction Rice - Regular Portion,"White Rice & Stew - Regular Portion, Party Jollof Rice"
"frozenset({'M011', 'M025'})",frozenset({'M017'}),0.07722387006323259,0.1432508988946219,0.016490066856777712,0.21353587748548844,1.4906424960207023,1.0,0.0054276780540981635,1.0893683215531165,0.35669359509146364,0.08083972320927622,0.08203682793502186,0.16432452995446192,"White Rice & Stew - Regular Portion, Party Jollof Rice",Concoction Rice - Regular Portion
frozenset({'M011'}),"frozenset({'M008', 'M025'})",0.1738180847106847,0.05243631438899009,0.013571639755462514,0.078079561042524,1.4890360230756066,1.0,0.004457260019080939,1.0278150321545445,0.39752089575822747,0.06381165919282512,0.02706229358821258,0.1684504753193704,White Rice & Stew - Regular Portion,"Coconut Rice - Regular Portion, Party Jollof Rice"
"frozenset({'M008', 'M025'})",frozenset({'M011'}),0.05243631438899009,0.1738180847106847,0.013571639755462514,0.2588213895962168,1.4890360230756066,1.0,0.004457260019080939,1.114686667548627,0.34659894634235716,0.06381165919282512,0.10288691063367729,0.1684504753193704,"Coconut Rice - Regular Portion, Party Jollof Rice",White Rice & Stew - Regular Portion
"frozenset({'M083', 'M011'})",frozenset({'M074'}),0.07616522493824571,0.09913114801003328,0.011215915918779983,0.14725770097670923,1.4854836641436349,1.0,0.0036655697322092694,1.0564373938314058,0.35376302175234414,0.06835619623343409,0.05342237425610532,0.1301999491991493,"Suya Platter, White Rice & Stew - Regular Portion",Asun (Peppered Goat) - Regular Portion
frozenset({'M074'}),"frozenset({'M083', 'M011'})",0.09913114801003328,0.07616522493824571,0.011215915918779983,0.11314219742158937,1.4854836641436346,1.0,0.0036655697322092694,1.0416943645033494,0.3627815313003887,0.06835619623343409,0.04002552564756173,0.1301999491991493,Asun (Peppered Goat) - Regular Portion,"Suya Platter, White Rice & Stew - Regular Portion"
"frozenset({'M026', 'M017'})",frozenset({'M023'}),0.04664714690370144,0.1710713297917998,0.011816768557286054,0.25332242895113477,1.4808000221862871,1.0,0.0038367791054764126,1.1101561133593394,0.3405762789377253,0.057390337671962575,0.09922578638603025,0.16119876256053142,"Ofada Rice & Ayamase, Concoction Rice - Regular Portion",Yam Porridge (Asaro) - Regular Portion
frozenset({'M023'}),"frozenset({'M026', 'M017'})",0.1710713297917998,0.04664714690370144,0.011816768557286054,0.06907509616992809,1.4808000221862871,1.0,0.0038367791054764126,1.024092114384256,0.391697595814426,0.057390337671962575,0.02352533922081963,0.16119876256053142,Yam Porridge (Asaro) - Regular Portion,"Ofada Rice & Ayamase, Concoction Rice - Regular Portion"
"frozenset({'M023', 'M025'})",frozenset({'M004'}),0.07229306349009547,0.10215448588950034,0.010863034210451022,0.15026385224274408,1.4709471731401325,1.0,0.003477973476243312,1.0566168292124805,0.3451153804714324,0.06640625,0.053583122705586995,0.12830156481057006,"Yam Porridge (Asaro) - Regular Portion, Party Jollof Rice",Fried Rice - Small Portion
frozenset({'M004'}),"frozenset({'M023', 'M025'})",0.10215448588950034,0.07229306349009547,0.010863034210451022,0.10633927737839605,1.4709471731401325,1.0,0.003477973476243312,1.0380974714748836,0.35659356462541647,0.06640625,0.036699320171502334,0.12830156481057006,Fried Rice - Small Portion,"Yam Porridge (Asaro) - Regular Portion, Party Jollof Rice"
"frozenset({'M026', 'M025'})",frozenset({'M022'}),0.10765753307073847,0.09234055946056785,0.014611210193512698,0.13571934798015592,1.4697696090753283,1.0,0.004670053359616124,1.050190627799212,0.35818227670223696,0.07881469286963678,0.04779192126708622,0.14697555913777471,"Ofada Rice & Ayamase, Party Jollof Rice",Yam Porridge (Asaro) - Small Portion
frozenset({'M022'}),"frozenset({'M026', 'M025'})",0.09234055946056785,0.10765753307073847,0.014611210193512698,0.1582317702953935,1.4697696090753283,1.0,0.004670053359616124,1.060080952737314,0.3521378637486092,0.07881469286963678,0.056675815731029415,0.14697555913777471,Yam Porridge (Asaro) - Small Portion,"Ofada Rice & Ayamase, Party Jollof Rice"
frozenset({'M026'}),"frozenset({'M022', 'M025'})",0.26049346215105246,0.03819706059074306,0.014611210193512698,0.056090506352286455,1.4684508568148782,1.0,0.004661125636236515,1.018956738841978,0.43138257922822904,0.05143355939031759,0.01860406641357701,0.21930617702133673,Ofada Rice & Ayamase,"Yam Porridge (Asaro) - Small Portion, Party Jollof Rice"
"frozenset({'M022', 'M025'})",frozenset({'M026'}),0.03819706059074306,0.26049346215105246,0.014611210193512698,0.382521847690387,1.4684508568148782,1.0,0.004661125636236515,1.197623810790552,0.33167941641907883,0.05143355939031759,0.16501326126782692,0.21930617702133673,"Yam Porridge (Asaro) - Small Portion, Party Jollof Rice",Ofada Rice & Ayamase
frozenset({'M078'}),frozenset({'M068'}),0.09819648835013495,0.10782920525316879,0.015545869853411031,0.15831390831390832,1.4681913674705112,1.0,0.004957420555963932,1.0599804411162446,0.3536134810362911,0.08161425996394953,0.05658636592679032,0.15124257241274752,Roasted Turkey Wings - Regular Portion,Chicken Suya - Regular Portion
frozenset({'M068'}),frozenset({'M078'}),0.10782920525316879,0.09819648835013495,0.015545869853411031,0.14417123651158675,1.4681913674705112,1.0,0.004957420555963932,1.0537195641497907,0.35743142551057244,0.08161425996394953,0.050980892808168615,0.15124257241274752,Chicken Suya - Regular Portion,Roasted Turkey Wings - Regular Portion
"frozenset({'M026', 'M025'})",frozenset({'M023'}),0.10765753307073847,0.1710713297917998,0.027028831389304824,0.2510630758327428,1.467592939964259,1.0,0.008611714044788932,1.1068070533842163,0.35705142416805186,0.10738509340305408,0.09650015606391278,0.20453025565066363,"Ofada Rice & Ayamase, Party Jollof Rice",Yam Porridge (Asaro) - Regular Portion
frozenset({'M023'}),"frozenset({'M026', 'M025'})",0.1710713297917998,0.10765753307073847,0.027028831389304824,0.1579974354685845,1.4675929399642589,1.0,0.008611714044788932,1.0597859252671764,0.38436618265682676,0.10738509340305408,0.05641320934895796,0.20453025565066363,Yam Porridge (Asaro) - Regular Portion,"Ofada Rice & Ayamase, Party Jollof Rice"
frozenset({'M023'}),"frozenset({'M025', 'M004'})",0.1710713297917998,0.04331861403324718,0.010863034210451022,0.06350002787534148,1.4658831842266467,1.0,0.003452461303045707,1.0215498285561164,0.3834074181853505,0.05337394564198688,0.02109522996697634,0.15713530676021586,Yam Porridge (Asaro) - Regular Portion,"Party Jollof Rice, Fried Rice - Small Portion"
"frozenset({'M025', 'M004'})",frozenset({'M023'}),0.04331861403324718,0.1710713297917998,0.010863034210451022,0.25077058564509025,1.4658831842266464,1.0,0.003452461303045707,1.1063749691700397,0.3322082001032963,0.05337394564198688,0.09614730279901235,0.15713530676021586,"Party Jollof Rice, Fried Rice - Small Portion",Yam Porridge (Asaro) - Regular Portion
frozenset({'M083'}),"frozenset({'M074', 'M085'})",0.40491745429228143,0.020905856882623915,0.012379471821918724,0.030572828339928398,1.462404938079303,1.0,0.003914325473207877,1.0099718387723242,0.531346233320669,0.02994232987312572,0.009873382989020274,0.3113630565057306,Suya Platter,"Asun (Peppered Goat) - Regular Portion, Fried Plantain (Dodo)"
"frozenset({'M074', 'M085'})",frozenset({'M083'}),0.020905856882623915,0.40491745429228143,0.012379471821918724,0.5921532846715328,1.462404938079303,1.0,0.003914325473207877,1.459083825717359,0.32294633912314696,0.02994232987312572,0.3146384173586808,0.3113630565057306,"Asun (Peppered Goat) - Regular Portion, Fried Plantain (Dodo)",Suya Platter
frozenset({'M068'}),frozenset({'M072'}),0.10782920525316879,0.11843473118997434,0.018674118511029937,0.1731823810366177,1.4622600929352878,1.0,0.0059033955724423215,1.066214904703268,0.3543347711749507,0.08995681337866396,0.0621027753515563,0.16542836236562725,Chicken Suya - Regular Portion,Grilled Catfish - Regular Portion
frozenset({'M072'}),frozenset({'M068'}),0.11843473118997434,0.10782920525316879,0.018674118511029937,0.15767434369463681,1.4622600929352878,1.0,0.0059033955724423215,1.0591756146430356,0.3585975373466269,0.08995681337866396,0.05586950249319968,0.16542836236562725,Grilled Catfish - Regular Portion,Chicken Suya - Regular Portion
"frozenset({'M026', 'M025'})",frozenset({'M015'}),0.10765753307073847,0.11913095726316392,0.01871226788490334,0.1738128986534373,1.4590069839653794,1.0,0.005886922913595539,1.06618590547002,0.35255782725912016,0.08992987120135675,0.06207726544728837,0.16544299564006426,"Ofada Rice & Ayamase, Party Jollof Rice",Native Jollof (Palm Oil) - Large Portion
frozenset({'M015'}),"frozenset({'M026', 'M025'})",0.11913095726316392,0.10765753307073847,0.01871226788490334,0.15707309262669122,1.4590069839653794,1.0,0.005886922913595539,1.0586237776059841,0.3571499349485174,0.08992987120135675,0.05537734825733679,0.16544299564006426,Native Jollof (Palm Oil) - Large Portion,"Ofada Rice & Ayamase, Party Jollof Rice"
frozenset({'M066'}),frozenset({'M078'}),0.09942680565755214,0.09819648835013495,0.014229716454778685,0.14311750599520384,1.4574605304101709,1.0,0.004466353291335734,1.0524237780084904,0.34852810964672165,0.0775911383847314,0.049812422622845104,0.14401407545292438,Beef Suya - Regular Portion,Roasted Turkey Wings - Regular Portion
frozenset({'M078'}),frozenset({'M066'}),0.09819648835013495,0.09942680565755214,0.014229716454778685,0.1449106449106449,1.4574605304101707,1.0,0.004466353291335734,1.0531919137834898,0.34805261785734587,0.0775911383847314,0.05050543313839438,0.14401407545292438,Roasted Turkey Wings - Regular Portion,Beef Suya - Regular Portion
frozenset({'M072'}),frozenset({'M074'}),0.11843473118997434,0.09913114801003328,0.017109994182220485,0.14446770816556612,1.457339202315545,1.0,0.005369423315098633,1.052992225528182,0.3559781244303853,0.0853554096488724,0.05032537206207876,0.15853364242220966,Grilled Catfish - Regular Portion,Asun (Peppered Goat) - Regular Portion
frozenset({'M074'}),frozenset({'M072'}),0.09913114801003328,0.11843473118997434,0.017109994182220485,0.1725995766788532,1.457339202315545,1.0,0.005369423315098633,1.0654638841873727,0.34835031787452286,0.0853554096488724,0.06144167358361664,0.15853364242220966,Asun (Peppered Goat) - Regular Portion,Grilled Catfish - Regular Portion
frozenset({'M068'}),"frozenset({'M083', 'M085'})",0.10782920525316879,0.08618897292348189,0.013543027725057463,0.1255970281266584,1.4572285046042117,1.0,0.004249339273131527,1.045068528436892,0.35168807059041407,0.07504095545103842,0.0431249503841637,0.1413644098251971,Chicken Suya - Regular Portion,"Suya Platter, Fried Plantain (Dodo)"
"frozenset({'M083', 'M085'})",frozenset({'M068'}),0.08618897292348189,0.10782920525316879,0.013543027725057463,0.15713179152373577,1.4572285046042117,1.0,0.004249339273131527,1.058493825932403,0.34335964017137666,0.07504095545103842,0.05526137658939781,0.1413644098251971,"Suya Platter, Fried Plantain (Dodo)",Chicken Suya - Regular Portion
"frozenset({'M066', 'M011'})",frozenset({'M083'}),0.01789205634662521,0.40491745429228143,0.01052922718905876,0.5884861407249468,1.453348415798742,1.0,0.0032844212811292224,1.44608141936228,0.31761655952795637,0.02553900249838068,0.30847600514706935,0.3072447662358482,"Beef Suya - Regular Portion, White Rice & Stew - Regular Portion",Suya Platter
frozenset({'M083'}),"frozenset({'M066', 'M011'})",0.40491745429228143,0.01789205634662521,0.01052922718905876,0.026003391746749576,1.453348415798742,1.0,0.0032844212811292224,1.0083278887538132,0.5241856754129547,0.02553900249838068,0.008259107822660254,0.3072447662358482,Suya Platter,"Beef Suya - Regular Portion, White Rice & Stew - Regular Portion"
frozenset({'M024'}),frozenset({'M026'}),0.07020438527052675,0.26049346215105246,0.026561501559355657,0.37834533351446814,1.4524177704509025,1.0,0.008273718182049791,1.1895777152766835,0.3350121883329008,0.08733419047320393,0.15936555707299,0.24015571512248138,Yam Porridge (Asaro) - Large Portion,Ofada Rice & Ayamase
frozenset({'M026'}),frozenset({'M024'}),0.26049346215105246,0.07020438527052675,0.026561501559355657,0.10196609673049463,1.4524177704509023,1.0,0.008273718182049791,1.0353680538611425,0.4212171869351092,0.08733419047320393,0.03415988520144725,0.24015571512248138,Ofada Rice & Ayamase,Yam Porridge (Asaro) - Large Portion
frozenset({'M083'}),frozenset({'M075'}),0.40491745429228143,0.036299129240541336,0.02132549999523133,0.05266628980591671,1.4508967820389316,1.0,0.006627348990124815,1.0172770802825355,0.5222319113283842,0.050788170626448005,0.016983652357268283,0.320079860614992,Suya Platter,Asun (Peppered Goat) - Large Portion
frozenset({'M075'}),frozenset({'M083'}),0.036299129240541336,0.40491745429228143,0.02132549999523133,0.5874934314240673,1.4508967820389316,1.0,0.006627348990124815,1.442601381505463,0.3224767193560743,0.050788170626448005,0.30680781758546166,0.320079860614992,Asun (Peppered Goat) - Large Portion,Suya Platter
frozenset({'M074'}),"frozenset({'M083', 'M085'})",0.09913114801003328,0.08618897292348189,0.012379471821918724,0.1248797383105638,1.448906212415727,1.0,0.0038354599902082898,1.0442119410107003,0.34391709988515506,0.07158219820217283,0.04234000711379261,0.13425573725310197,Asun (Peppered Goat) - Regular Portion,"Suya Platter, Fried Plantain (Dodo)"
"frozenset({'M083', 'M085'})",frozenset({'M074'}),0.08618897292348189,0.09913114801003328,0.012379471821918724,0.14363173619564015,1.448906212415727,1.0,0.0038354599902082898,1.0519643126286768,0.3390462511099849,0.07158219820217283,0.04939741016387421,0.13425573725310197,"Suya Platter, Fried Plantain (Dodo)",Asun (Peppered Goat) - Regular Portion
"frozenset({'M085', 'M068'})",frozenset({'M083'}),0.023099445880344488,0.40491745429228143,0.013543027725057463,0.5862923203963667,1.4479304712144208,1.0,0.004189658903626044,1.4384130995050843,0.31667409881582004,0.03267522665562152,0.30478942360572875,0.30986935597734294,"Fried Plantain (Dodo), Chicken Suya - Regular Portion",Suya Platter
frozenset({'M083'}),"frozenset({'M085', 'M068'})",0.40491745429228143,0.023099445880344488,0.013543027725057463,0.0334463915583192,1.4479304712144208,1.0,0.004189658903626044,1.0107049889293327,0.5198591436430104,0.03267522665562152,0.010591605905371787,0.30986935597734294,Suya Platter,"Fried Plantain (Dodo), Chicken Suya - Regular Portion"
"frozenset({'M023', 'M011'})",frozenset({'M026'}),0.03243650513585946,0.26049346215105246,0.012226874326425118,0.37694795648338725,1.4470534245685072,1.0,0.003777376803504694,1.1869097381898401,0.3192974029458961,0.043558032073933134,0.1574759496664814,0.21194265616063332,"Yam Porridge (Asaro) - Regular Portion, White Rice & Stew - Regular Portion",Ofada Rice & Ayamase
frozenset({'M026'}),"frozenset({'M023', 'M011'})",0.26049346215105246,0.03243650513585946,0.012226874326425118,0.0469373558378794,1.447053424568507,1.0,0.003777376803504694,1.015215002697717,0.417765760386664,0.043558032073933134,0.014986975820182283,0.21194265616063332,Ofada Rice & Ayamase,"Yam Porridge (Asaro) - Regular Portion, White Rice & Stew - Regular Portion"
frozenset({'M023'}),frozenset({'M022'}),0.1710713297917998,0.09234055946056785,0.02278471354588893,0.1331883815576741,1.4423605654517337,1.0,0.00698789124525083,1.0471242207972598,0.36998609586726683,0.09468886246531907,0.04500346746003096,0.18996746076437723,Yam Porridge (Asaro) - Regular Portion,Yam Porridge (Asaro) - Small Portion
frozenset({'M022'}),frozenset({'M023'}),0.09234055946056785,0.1710713297917998,0.02278471354588893,0.24674653997108037,1.4423605654517337,1.0,0.00698789124525083,1.1004644707192917,0.3378933427503455,0.09468886246531907,0.09129278899265653,0.18996746076437723,Yam Porridge (Asaro) - Small Portion,Yam Porridge (Asaro) - Regular Portion
frozenset({'M080'}),frozenset({'M068'}),0.10570237765972666,0.10782920525316879,0.016366081391689158,0.1548317242623838,1.4358978525238992,1.0,0.004968278015270529,1.0556132078764953,0.33945257491136677,0.08300682049049483,0.05268331947870227,0.15330477067532777,Grilled Titus Fish - Regular Portion,Chicken Suya - Regular Portion
frozenset({'M068'}),frozenset({'M080'}),0.10782920525316879,0.10570237765972666,0.016366081391689158,0.1517778170882717,1.4358978525238992,1.0,0.004968278015270529,1.0543200123231629,0.3402617889175161,0.08300682049049483,0.051521370825040276,0.15330477067532777,Chicken Suya - Regular Portion,Grilled Titus Fish - Regular Portion
"frozenset({'M023', 'M025'})",frozenset({'M026'}),0.07229306349009547,0.26049346215105246,0.027028831389304824,0.37387862796833776,1.4352706777398374,1.0,0.008196960991264008,1.181091352063848,0.32689990576785427,0.08839951339717397,0.15332544070143905,0.2388193710998281,"Yam Porridge (Asaro) - Regular Portion, Party Jollof Rice",Ofada Rice & Ayamase
frozenset({'M026'}),"frozenset({'M023', 'M025'})",0.26049346215105246,0.07229306349009547,0.027028831389304824,0.10376011423131842,1.4352706777398374,1.0,0.008196960991264008,1.035110076265167,0.4100941568514142,0.08839951339717397,0.033919171564679794,0.2388193710998281,Ofada Rice & Ayamase,"Yam Porridge (Asaro) - Regular Portion, Party Jollof Rice"
"frozenset({'M083', 'M025'})",frozenset({'M074'}),0.15090938569970722,0.09913114801003328,0.02143041077338318,0.14200846868482586,1.432531263235778,1.0,0.006470590123482304,1.0499740604771097,0.35559803680271074,0.09374217772215268,0.04759551912587396,0.17909544080768136,"Suya Platter, Party Jollof Rice",Asun (Peppered Goat) - Regular Portion
frozenset({'M074'}),"frozenset({'M083', 'M025'})",0.09913114801003328,0.15090938569970722,0.02143041077338318,0.21618241293053683,1.432531263235778,1.0,0.006470590123482304,1.0832757880247015,0.33515972368878677,0.09374217772215268,0.07687404162937184,0.17909544080768136,Asun (Peppered Goat) - Regular Portion,"Suya Platter, Party Jollof Rice"
"frozenset({'M017', 'M011'})",frozenset({'M025'}),0.03240789310545441,0.35541864169154325,0.016490066856777712,0.5088287227781048,1.431632061718646,1.0,0.004971697509152377,1.3123352040336345,0.31159462951264905,0.04440734557595993,0.23799956221065416,0.277612450800312,"Concoction Rice - Regular Portion, White Rice & Stew - Regular Portion",Party Jollof Rice
frozenset({'M025'}),"frozenset({'M017', 'M011'})",0.35541864169154325,0.03240789310545441,0.016490066856777712,0.04639617882251918,1.4316320617186458,1.0,0.004971697509152377,1.0146688650007636,0.4677400303017945,0.04440734557595993,0.014456800151005474,0.277612450800312,Party Jollof Rice,"Concoction Rice - Regular Portion, White Rice & Stew - Regular Portion"
frozenset({'M080'}),frozenset({'M074'}),0.10570237765972666,0.09913114801003328,0.014983166588778362,0.14174862401876748,1.4299100420426967,1.0,0.004504768543979562,1.0496561697439868,0.33619155306776893,0.07892092836330755,0.04730708128557745,0.1464467576511001,Grilled Titus Fish - Regular Portion,Asun (Peppered Goat) - Regular Portion
frozenset({'M074'}),frozenset({'M080'}),0.09913114801003328,0.10570237765972666,0.014983166588778362,0.15114489128343275,1.4299100420426967,1.0,0.004504768543979562,1.053533887181775,0.3337392628186218,0.07892092836330755,0.050813635738836356,0.1464467576511001,Asun (Peppered Goat) - Regular Portion,Grilled Titus Fish - Regular Portion
frozenset({'M072'}),frozenset({'M066'}),0.11843473118997434,0.09942680565755214,0.016823873878169974,0.14205186020293123,1.4287078747374142,1.0,0.005048286877039966,1.0496825537210923,0.3403796211721953,0.0836851843066559,0.04733102740916212,0.15563024664822822,Grilled Catfish - Regular Portion,Beef Suya - Regular Portion
frozenset({'M066'}),frozenset({'M072'}),0.09942680565755214,0.11843473118997434,0.016823873878169974,0.16920863309352518,1.4287078747374142,1.0,0.005048286877039966,1.061115105339397,0.3331954072375143,0.0836851843066559,0.057595170431439094,0.15563024664822822,Beef Suya - Regular Portion,Grilled Catfish - Regular Portion
frozenset({'M083'}),"frozenset({'M066', 'M085'})",0.40491745429228143,0.02109660375199092,0.012160112922146665,0.030031091011871115,1.4235035821363917,1.0,0.0036177298366775086,1.009211106847951,0.4999439434720919,0.029382619316479616,0.009127036737358103,0.30321626883324115,Suya Platter,"Beef Suya - Regular Portion, Fried Plantain (Dodo)"
"frozenset({'M066', 'M085'})",frozenset({'M083'}),0.02109660375199092,0.40491745429228143,0.012160112922146665,0.5764014466546112,1.4235035821363917,1.0,0.0036177298366775086,1.4048266714039206,0.30391958566374555,0.029382619316479616,0.288168412263525,0.30321626883324115,"Beef Suya - Regular Portion, Fried Plantain (Dodo)",Suya Platter
"frozenset({'M074', 'M011'})",frozenset({'M083'}),0.019465718018903014,0.40491745429228143,0.011215915918779983,0.576188143067124,1.4229767992446536,1.0,0.003333906932594383,1.4041196251901198,0.30314886386419176,0.02714618776113201,0.2878099685668886,0.3019437040943308,"Asun (Peppered Goat) - Regular Portion, White Rice & Stew - Regular Portion",Suya Platter
frozenset({'M083'}),"frozenset({'M074', 'M011'})",0.40491745429228143,0.019465718018903014,0.011215915918779983,0.02769926512153759,1.4229767992446536,1.0,0.003333906932594383,1.00846810745614,0.49950692673896235,0.02714618776113201,0.008397000751467152,0.3019437040943308,Suya Platter,"Asun (Peppered Goat) - Regular Portion, White Rice & Stew - Regular Portion"
frozenset({'M066'}),"frozenset({'M083', 'M085'})",0.09942680565755214,0.08618897292348189,0.012160112922146665,0.1223021582733813,1.4190000660752797,1.0,0.003590618661459608,1.0411453505216066,0.32787828875646174,0.07010502006928025,0.03951931447515293,0.13169440103555088,Beef Suya - Regular Portion,"Suya Platter, Fried Plantain (Dodo)"
"frozenset({'M083', 'M085'})",frozenset({'M066'}),0.08618897292348189,0.09942680565755214,0.012160112922146665,0.14108664379772048,1.4190000660752797,1.0,0.003590618661459608,1.04850295764915,0.32312851247330926,0.07010502006928025,0.04625924733478905,0.13169440103555088,"Suya Platter, Fried Plantain (Dodo)",Beef Suya - Regular Portion
frozenset({'M017'}),"frozenset({'M020', 'M025'})",0.1432508988946219,0.04955603666154829,0.010071434702577944,0.07030625832223703,1.418722380936273,1.0,0.002972487905156314,1.0223194163093343,0.3444887925913407,0.055114822546972864,0.021832135781896283,0.13676975733663815,Concoction Rice - Regular Portion,"Basmati Rice & Chicken Sauce - Regular Portion, Party Jollof Rice"
"frozenset({'M020', 'M025'})",frozenset({'M017'}),0.04955603666154829,0.1432508988946219,0.010071434702577944,0.20323325635103925,1.4187223809362728,1.0,0.002972487905156314,1.0752822051554456,0.31052905250386564,0.055114822546972864,0.07001157909477594,0.13676975733663815,"Basmati Rice & Chicken Sauce - Regular Portion, Party Jollof Rice",Concoction Rice - Regular Portion
frozenset({'M008'}),"frozenset({'M011', 'M025'})",0.12407130117976939,0.07722387006323259,0.013571639755462514,0.10938580982396802,1.416476663684435,1.0,0.003990373714579807,1.036112089966115,0.335669971756163,0.0722958898541889,0.034853458728867755,0.14256495628903723,Coconut Rice - Regular Portion,"White Rice & Stew - Regular Portion, Party Jollof Rice"
"frozenset({'M011', 'M025'})",frozenset({'M008'}),0.07722387006323259,0.12407130117976939,0.013571639755462514,0.17574410275410646,1.416476663684435,1.0,0.003990373714579807,1.0626902418860364,0.31862870316503217,0.0722958898541889,0.05899201800778311,0.14256495628903723,"White Rice & Stew - Regular Portion, Party Jollof Rice",Coconut Rice - Regular Portion
frozenset({'M023'}),"frozenset({'M026', 'M025', 'M083'})",0.1710713297917998,0.04227904359519699,0.010243106885008249,0.059876233483860175,1.416215420035241,1.0,0.0030103746748524245,1.018717950248055,0.3545452622980683,0.05043200601051841,0.0183740261408933,0.1510750443304706,Yam Porridge (Asaro) - Regular Portion,"Ofada Rice & Ayamase, Party Jollof Rice, Suya Platter"
"frozenset({'M026', 'M025', 'M083'})",frozenset({'M023'}),0.04227904359519699,0.1710713297917998,0.010243106885008249,0.24227385517708097,1.416215420035241,1.0,0.0030103746748524245,1.0939686796763772,0.30686676619106446,0.05043200601051841,0.08589704753172236,0.1510750443304706,"Ofada Rice & Ayamase, Party Jollof Rice, Suya Platter",Yam Porridge (Asaro) - Regular Portion
frozenset({'M078'}),frozenset({'M072'}),0.09819648835013495,0.11843473118997434,0.01646145482637266,0.16763791763791763,1.4154455872325094,1.0,0.004831580124824982,1.0591127196812165,0.32546856523081563,0.08223746902992186,0.05581343570211182,0.15331485187742233,Roasted Turkey Wings - Regular Portion,Grilled Catfish - Regular Portion
frozenset({'M072'}),frozenset({'M078'}),0.11843473118997434,0.09819648835013495,0.01646145482637266,0.13899178611692703,1.4154455872325094,1.0,0.004831580124824982,1.0473808462091305,0.3329404020793415,0.08223746902992186,0.04523745720634463,0.15331485187742233,Grilled Catfish - Regular Portion,Roasted Turkey Wings - Regular Portion
frozenset({'M011'}),"frozenset({'M025', 'M004'})",0.1738180847106847,0.04331861403324718,0.010653212654147313,0.06128943758573388,1.4148522281597937,1.0,0.0031236541305669,1.0191441582443341,0.3549005396189519,0.051593533487297914,0.01878454396217471,0.15360817101655694,White Rice & Stew - Regular Portion,"Party Jollof Rice, Fried Rice - Small Portion"
"frozenset({'M025', 'M004'})",frozenset({'M011'}),0.04331861403324718,0.1738180847106847,0.010653212654147313,0.24592690444738,1.4148522281597937,1.0,0.0031236541305669,1.095625769122356,0.30648909016171355,0.051593533487297914,0.08727959109519359,0.15360817101655694,"Party Jollof Rice, Fried Rice - Small Portion",White Rice & Stew - Regular Portion
frozenset({'M051'}),frozenset({'M035'}),0.05214065674147123,0.14032293444983834,0.010338480319691753,0.19828059264678982,1.4130305457492394,1.0,0.003021950361586764,1.072291699147327,0.3083803703136041,0.05676581483033096,0.06741794159631409,0.13597846664895735,Okro Soup & Semo - Large Portion,Efo Riro & Amala - Regular Portion
frozenset({'M035'}),frozenset({'M051'}),0.14032293444983834,0.05214065674147123,0.010338480319691753,0.07367634065112486,1.4130305457492394,1.0,0.003021950361586764,1.0232485521580992,0.34001281061535904,0.05676581483033096,0.022720337213345126,0.13597846664895735,Efo Riro & Amala - Regular Portion,Okro Soup & Semo - Large Portion
"frozenset({'M083', 'M145'})",frozenset({'M066'}),0.07371412766687967,0.09942680565755214,0.010348017663160104,0.14038038556087465,1.4118967680041503,1.0,0.003018857417409272,1.047641514008546,0.3149491204800424,0.06356552815044818,0.045475015424176264,0.12222856208499369,"Suya Platter, Fresh Watermelon Juice",Beef Suya - Regular Portion
frozenset({'M066'}),"frozenset({'M083', 'M145'})",0.09942680565755214,0.07371412766687967,0.010348017663160104,0.10407673860911272,1.4118967680041503,1.0,0.003018857417409272,1.0338897450827387,0.32394137715526106,0.06356552815044818,0.032778877287371326,0.12222856208499369,Beef Suya - Regular Portion,"Suya Platter, Fresh Watermelon Juice"
frozenset({'M017'}),"frozenset({'M026', 'M025'})",0.1432508988946219,0.10765753307073847,0.021745143107838743,0.151797603195739,1.4100044731286705,1.0,0.006323104722677974,1.0520395489228813,0.33940203895541093,0.09488929582154153,0.04946539222423855,0.17689100570842942,Concoction Rice - Regular Portion,"Ofada Rice & Ayamase, Party Jollof Rice"
"frozenset({'M026', 'M025'})",frozenset({'M017'}),0.10765753307073847,0.1432508988946219,0.021745143107838743,0.2019844082211198,1.4100044731286705,1.0,0.006323104722677974,1.0735994508522988,0.3258641189509049,0.09488929582154153,0.06855391998745013,0.17689100570842942,"Ofada Rice & Ayamase, Party Jollof Rice",Concoction Rice - Regular Portion
frozenset({'M083'}),"frozenset({'M066', 'M145'})",0.40491745429228143,0.01815910196373902,0.010348017663160104,0.025555869606180517,1.4073311365953958,1.0,0.0029950803237689316,1.0075907560133304,0.4863781992457006,0.025072212593876375,0.0075335705176220145,0.2977044053913256,Suya Platter,"Beef Suya - Regular Portion, Fresh Watermelon Juice"
"frozenset({'M066', 'M145'})",frozenset({'M083'}),0.01815910196373902,0.40491745429228143,0.010348017663160104,0.5698529411764707,1.4073311365953958,1.0,0.0029950803237689316,1.3834397643803376,0.29478826718540113,0.025072212593876375,0.277164047364278,0.2977044053913256,"Beef Suya - Regular Portion, Fresh Watermelon Juice",Suya Platter
"frozenset({'M026', 'M011'})",frozenset({'M023'}),0.05082450334283888,0.1710713297917998,0.012226874326425118,0.24057046350159508,1.4062582186879493,1.0,0.0035322589535578975,1.0915149205681984,0.30436209731502556,0.05831513828238719,0.08384211598368212,0.1560214195190977,"Ofada Rice & Ayamase, White Rice & Stew - Regular Portion",Yam Porridge (Asaro) - Regular Portion
frozenset({'M023'}),"frozenset({'M026', 'M011'})",0.1710713297917998,0.05082450334283888,0.012226874326425118,0.07147237553660032,1.406258218687949,1.0,0.0035322589535578975,1.022237219065716,0.34851375669036033,0.05831513828238719,0.021753482118406792,0.1560214195190977,Yam Porridge (Asaro) - Regular Portion,"Ofada Rice & Ayamase, White Rice & Stew - Regular Portion"
frozenset({'M017'}),"frozenset({'M025', 'M015'})",0.1432508988946219,0.052016671276382674,0.010472003128248657,0.07310252996005326,1.4053673210197184,1.0,0.0030205682104007796,1.0227488577380213,0.3366706261356708,0.05666804293971924,0.02224285812289651,0.1372113309866273,Concoction Rice - Regular Portion,"Party Jollof Rice, Native Jollof (Palm Oil) - Large Portion"
"frozenset({'M025', 'M015'})",frozenset({'M017'}),0.052016671276382674,0.1432508988946219,0.010472003128248657,0.20132013201320131,1.4053673210197184,1.0,0.0030205682104007796,1.0727065191526015,0.3042693342494586,0.05666804293971924,0.06777857489860038,0.1372113309866273,"Party Jollof Rice, Native Jollof (Palm Oil) - Large Portion",Concoction Rice - Regular Portion
frozenset({'M086'}),frozenset({'M091'}),0.11781480386453157,0.14072350287550905,0.023299730093179847,0.19776572492511943,1.4053496458233614,1.0,0.006720418202771902,1.0711041946497313,0.32695323867873655,0.09904723292114333,0.06638401287652834,0.18166835890444383,Moi Moi,Boiled Yam & Egg Sauce
frozenset({'M091'}),frozenset({'M086'}),0.14072350287550905,0.11781480386453157,0.023299730093179847,0.16557099288376823,1.4053496458233614,1.0,0.006720418202771902,1.057232177467417,0.3356699595021507,0.09904723292114333,0.05413397235460208,0.18166835890444383,Boiled Yam & Egg Sauce,Moi Moi
"frozenset({'M026', 'M025'})",frozenset({'M014'}),0.10765753307073847,0.08723808070500043,0.013142459299386748,0.12207654145995749,1.3993492345706793,1.0,0.0037506227408604133,1.039682799697473,0.319812312767317,0.07230938762659392,0.03816817947649003,0.13636351397913146,"Ofada Rice & Ayamase, Party Jollof Rice",Native Jollof (Palm Oil) - Regular Portion
frozenset({'M014'}),"frozenset({'M026', 'M025'})",0.08723808070500043,0.10765753307073847,0.013142459299386748,0.15065048649830545,1.399349234570679,1.0,0.0037506227408604133,1.050618682584883,0.31265777208317813,0.07230938762659392,0.04817988050654452,0.13636351397913146,Native Jollof (Palm Oil) - Regular Portion,"Ofada Rice & Ayamase, Party Jollof Rice"
"frozenset({'M023', 'M011'})",frozenset({'M025'}),0.03243650513585946,0.35541864169154325,0.01611811046151205,0.4969126727433107,1.3981052608224351,1.0,0.0045895718649041125,1.2812514316815082,0.2942920784716287,0.043358903969007365,0.21951306724582184,0.27113116060822484,"Yam Porridge (Asaro) - Regular Portion, White Rice & Stew - Regular Portion",Party Jollof Rice
frozenset({'M025'}),"frozenset({'M023', 'M011'})",0.35541864169154325,0.03243650513585946,0.01611811046151205,0.04534964847313905,1.3981052608224351,1.0,0.0045895718649041125,1.0135265684620829,0.44175381165860367,0.043358903969007365,0.013346042307117813,0.27113116060822484,Party Jollof Rice,"Yam Porridge (Asaro) - Regular Portion, White Rice & Stew - Regular Portion"
"frozenset({'M011', 'M004'})",frozenset({'M025'}),0.021439948116851532,0.35541864169154325,0.010653212654147313,0.49688612099644125,1.3980305552674788,1.0,0.003033055416518781,1.281183813861548,0.2909459168183429,0.029090814386540615,0.21947187501069557,0.26342991178357456,"White Rice & Stew - Regular Portion, Fried Rice - Small Portion",Party Jollof Rice
frozenset({'M025'}),"frozenset({'M011', 'M004'})",0.35541864169154325,0.021439948116851532,0.010653212654147313,0.02997370257070788,1.3980305552674788,1.0,0.003033055416518781,1.0087974464985867,0.4416945165837455,0.029090814386540615,0.008720726374874926,0.26342991178357456,Party Jollof Rice,"White Rice & Stew - Regular Portion, Fried Rice - Small Portion"
"frozenset({'M026', 'M025'})",frozenset({'M004'}),0.10765753307073847,0.10215448588950034,0.015374197670980725,0.14280652019844084,1.3979466389064252,1.0,0.004376497728007555,1.0474245724761595,0.3190088158377595,0.07906999558542208,0.04527731516174549,0.14665300335381848,"Ofada Rice & Ayamase, Party Jollof Rice",Fried Rice - Small Portion
frozenset({'M004'}),"frozenset({'M026', 'M025'})",0.10215448588950034,0.10765753307073847,0.015374197670980725,0.15049948650919615,1.397946638906425,1.0,0.004376497728007555,1.0504319335398749,0.31705355679018793,0.07906999558542208,0.04801066297548952,0.14665300335381848,Fried Rice - Small Portion,"Ofada Rice & Ayamase, Party Jollof Rice"
"frozenset({'M023', 'M025'})","frozenset({'M026', 'M083'})",0.07229306349009547,0.10136288638162726,0.010243106885008249,0.14168865435356198,1.3978356320686234,1.0,0.002915273304281937,1.0469826807911566,0.3067868691526584,0.06268238589938134,0.04487436292227299,0.12137123722570836,"Yam Porridge (Asaro) - Regular Portion, Party Jollof Rice","Ofada Rice & Ayamase, Suya Platter"
"frozenset({'M026', 'M083'})","frozenset({'M023', 'M025'})",0.10136288638162726,0.07229306349009547,0.010243106885008249,0.10105382009785473,1.3978356320686234,1.0,0.002915273304281937,1.031993858198374,0.31671105302684305,0.06268238589938134,0.031001985083736836,0.12137123722570836,"Ofada Rice & Ayamase, Suya Platter","Yam Porridge (Asaro) - Regular Portion, Party Jollof Rice"
frozenset({'M015'}),"frozenset({'M017', 'M025'})",0.11913095726316392,0.0630132282953906,0.010472003128248657,0.08790329036906572,1.3949974116069184,1.0,0.0029651769211764874,1.0272888409867704,0.32144709148725853,0.061,0.026563941802928516,0.1270453336967169,Native Jollof (Palm Oil) - Large Portion,"Concoction Rice - Regular Portion, Party Jollof Rice"
"frozenset({'M017', 'M025'})",frozenset({'M015'}),0.0630132282953906,0.11913095726316392,0.010472003128248657,0.1661873770243681,1.3949974116069184,1.0,0.0029651769211764874,1.0564352451193093,0.30219507928996375,0.061,0.053420448986379584,0.1270453336967169,"Concoction Rice - Regular Portion, Party Jollof Rice",Native Jollof (Palm Oil) - Large Portion
frozenset({'M064'}),frozenset({'M046'}),0.1536752153055288,0.05891217060399996,0.01260836806515913,0.08204555327996027,1.3926757822498161,1.0,0.0035550275634733917,1.0252010137960752,0.33315553625047045,0.06304845478824876,0.02458153421323869,0.14803265198399826,Isi Ewu,Edikang Ikong & Fufu - Small Portion
frozenset({'M046'}),frozenset({'M064'}),0.05891217060399996,0.1536752153055288,0.01260836806515913,0.21401975068803625,1.3926757822498161,1.0,0.0035550275634733917,1.0767761472827495,0.2996083667003897,0.06304845478824876,0.0713018648086647,0.14803265198399826,Edikang Ikong & Fufu - Small Portion,Isi Ewu
frozenset({'M083'}),frozenset({'M066'}),0.40491745429228143,0.09942680565755214,0.05606050490696322,0.13844921801394386,1.3924737609573168,1.0,0.015800855871693796,1.0452932237684665,0.47363784291328387,0.12505584749909582,0.0433306394211343,0.3511430742347897,Suya Platter,Beef Suya - Regular Portion
frozenset({'M066'}),frozenset({'M083'}),0.09942680565755214,0.40491745429228143,0.05606050490696322,0.5638369304556355,1.3924737609573168,1.0,0.015800855871693796,1.3643579368821128,0.31297135543784915,0.12505584749909582,0.2670545074958545,0.3511430742347897,Beef Suya - Regular Portion,Suya Platter
frozenset({'M005'}),"frozenset({'M026', 'M025'})",0.07217861536847527,0.10765753307073847,0.01081534749310927,0.1498414376321353,1.391834211301118,1.0,0.0030447758220775323,1.0496188669133746,0.3034243753759669,0.06398826317571381,0.0472732231455492,0.12515105191316192,Fried Rice - Regular Portion,"Ofada Rice & Ayamase, Party Jollof Rice"
"frozenset({'M026', 'M025'})",frozenset({'M005'}),0.10765753307073847,0.07217861536847527,0.01081534749310927,0.10046066619418853,1.391834211301118,1.0,0.0030447758220775323,1.0314405938271274,0.315488318135376,0.06398826317571381,0.030482214889825165,0.12515105191316192,"Ofada Rice & Ayamase, Party Jollof Rice",Fried Rice - Regular Portion
frozenset({'M083'}),"frozenset({'M011', 'M068'})",0.40491745429228143,0.019694614262143424,0.011091930453691428,0.027393065762200866,1.390891204955217,1.0,0.0031172373833958534,1.0079152751528453,0.47226474440947264,0.026823192951704412,0.007853115582204997,0.29529459583509554,Suya Platter,"White Rice & Stew - Regular Portion, Chicken Suya - Regular Portion"
"frozenset({'M011', 'M068'})",frozenset({'M083'}),0.019694614262143424,0.40491745429228143,0.011091930453691428,0.5631961259079902,1.3908912049552167,1.0,0.0031172373833958534,1.3623563823574705,0.286682609766204,0.026823192951704412,0.2659776744543421,0.29529459583509554,"White Rice & Stew - Regular Portion, Chicken Suya - Regular Portion",Suya Platter
"frozenset({'M083', 'M011'})",frozenset({'M066'}),0.07616522493824571,0.09942680565755214,0.01052922718905876,0.1382419233658903,1.3903888639651765,1.0,0.0029563621712600605,1.0450417800085423,0.3039252859762242,0.06378921823539609,0.04310045863254786,0.12207060197071494,"Suya Platter, White Rice & Stew - Regular Portion",Beef Suya - Regular Portion
frozenset({'M066'}),"frozenset({'M083', 'M011'})",0.09942680565755214,0.07616522493824571,0.01052922718905876,0.10589928057553957,1.3903888639651765,1.0,0.0029563621712600605,1.033255823411521,0.3117756002169631,0.06378921823539609,0.032185469133597266,0.12207060197071494,Beef Suya - Regular Portion,"Suya Platter, White Rice & Stew - Regular Portion"
"frozenset({'M058', 'M083'})",frozenset({'M072'}),0.06777236268609742,0.11843473118997434,0.011158691857969881,0.16464959189417394,1.3902137509821253,1.0,0.003132090301132486,1.0553239218605193,0.30109186077675515,0.06374632232755803,0.05242364047143371,0.12943383121846722,"Vegetable Soup & Eba - Small Portion, Suya Platter",Grilled Catfish - Regular Portion
frozenset({'M072'}),"frozenset({'M058', 'M083'})",0.11843473118997434,0.06777236268609742,0.011158691857969881,0.0942180705427605,1.390213750982125,1.0,0.003132090301132486,1.0291965505124505,0.3183952044359042,0.06374632232755803,0.028368294178515333,0.12943383121846722,Grilled Catfish - Regular Portion,"Vegetable Soup & Eba - Small Portion, Suya Platter"
frozenset({'M083'}),"frozenset({'M085', 'M080'})",0.40491745429228143,0.020638811265510103,0.011606947000982346,0.028664970793291878,1.3888867156411493,1.0,0.0032499320837331355,1.0082630187179975,0.47052106536516275,0.02803953643757344,0.008195300794136034,0.29552472199553687,Suya Platter,"Fried Plantain (Dodo), Grilled Titus Fish - Regular Portion"
"frozenset({'M085', 'M080'})",frozenset({'M083'}),0.020638811265510103,0.40491745429228143,0.011606947000982346,0.5623844731977818,1.388886715641149,1.0,0.0032499320837331355,1.3598295975834243,0.28589949919132246,0.02803953643757344,0.26461374147384603,0.29552472199553687,"Fried Plantain (Dodo), Grilled Titus Fish - Regular Portion",Suya Platter
"frozenset({'M008', 'M011'})",frozenset({'M025'}),0.02750569856272234,0.35541864169154325,0.013571639755462514,0.4934119278779473,1.3882556230862086,1.0,0.003795601733522707,1.2723974246143663,0.2875817008328815,0.03674439021871046,0.21408203077503368,0.2657984342872804,"Coconut Rice - Regular Portion, White Rice & Stew - Regular Portion",Party Jollof Rice
frozenset({'M025'}),"frozenset({'M008', 'M011'})",0.35541864169154325,0.02750569856272234,0.013571639755462514,0.03818494069661353,1.3882556230862084,1.0,0.003795601733522707,1.0111032178489967,0.43388093939226785,0.03674439021871046,0.010981290191734829,0.2657984342872804,Party Jollof Rice,"Coconut Rice - Regular Portion, White Rice & Stew - Regular Portion"
frozenset({'M067'}),frozenset({'M083'}),0.033781270564896854,0.40491745429228143,0.0189888508454855,0.562111801242236,1.3882133143030357,1.0,0.005310224765588685,1.3589828348786197,0.2894268173258456,0.045242802281455226,0.26415553284797966,0.3045037054072495,Beef Suya - Large Portion,Suya Platter
frozenset({'M083'}),frozenset({'M067'}),0.40491745429228143,0.033781270564896854,0.0189888508454855,0.04689560957226305,1.3882133143030357,1.0,0.005310224765588685,1.0137596040256205,0.46993415235938923,0.045242802281455226,0.01357284702505555,0.3045037054072495,Suya Platter,Beef Suya - Large Portion
frozenset({'M064'}),frozenset({'M038'}),0.1536752153055288,0.07278900535044969,0.01550772047953763,0.10091230683299199,1.386367437597752,1.0,0.004321854410431985,1.0312798203070481,0.3292949791496156,0.07351146073511461,0.03033106989113283,0.1569813106492004,Isi Ewu,Banga Soup & Starch - Regular Portion
frozenset({'M038'}),frozenset({'M064'}),0.07278900535044969,0.1536752153055288,0.01550772047953763,0.21305031446540879,1.386367437597752,1.0,0.004321854410431985,1.0754496764549124,0.3005685911167425,0.07351146073511461,0.07015639885970583,0.1569813106492004,Banga Soup & Starch - Regular Portion,Isi Ewu
"frozenset({'M023', 'M015'})",frozenset({'M025'}),0.027305414349886984,0.35541864169154325,0.013447654290373959,0.4924903946908837,1.3856628125834232,1.0,0.0037428010113123543,1.2700870122760575,0.2861367920631463,0.03641622975799995,0.21265236922000214,0.26516324596885193,"Yam Porridge (Asaro) - Regular Portion, Native Jollof (Palm Oil) - Large Portion",Party Jollof Rice
frozenset({'M025'}),"frozenset({'M023', 'M015'})",0.35541864169154325,0.027305414349886984,0.013447654290373959,0.037836097246820154,1.385662812583423,1.0,0.0037428010113123543,1.0109447910764477,0.43178988161479864,0.03641622975799995,0.010826299490394358,0.26516324596885193,Party Jollof Rice,"Yam Porridge (Asaro) - Regular Portion, Native Jollof (Palm Oil) - Large Portion"
frozenset({'M068'}),"frozenset({'M083', 'M025'})",0.10782920525316879,0.15090938569970722,0.022498593241838418,0.20865027419069518,1.3826195980009213,1.0,0.006226154116595075,1.07296507044586,0.3101819344132148,0.09523617278966491,0.06800321133989957,0.17886852330529512,Chicken Suya - Regular Portion,"Suya Platter, Party Jollof Rice"
"frozenset({'M083', 'M025'})",frozenset({'M068'}),0.15090938569970722,0.10782920525316879,0.022498593241838418,0.14908677241989507,1.3826195980009213,1.0,0.006226154116595075,1.048486221425959,0.3259195877104302,0.09523617278966491,0.046244023464625764,0.17886852330529512,"Suya Platter, Party Jollof Rice",Chicken Suya - Regular Portion
"frozenset({'M026', 'M083'})",frozenset({'M074'}),0.10136288638162726,0.09913114801003328,0.013886372089918074,0.13699661272111405,1.3819734308660314,1.0,0.0038381527972967955,1.0438763801732847,0.3075736390160682,0.07441480118573036,0.04203216109363551,0.13853871428820758,"Ofada Rice & Ayamase, Suya Platter",Asun (Peppered Goat) - Regular Portion
frozenset({'M074'}),"frozenset({'M026', 'M083'})",0.09913114801003328,0.10136288638162726,0.013886372089918074,0.14008081585530113,1.3819734308660312,1.0,0.0038381527972967955,1.0450250793185685,0.3068116813895317,0.07441480118573036,0.04308516628895471,0.13853871428820758,Asun (Peppered Goat) - Regular Portion,"Ofada Rice & Ayamase, Suya Platter"
frozenset({'M025'}),"frozenset({'M011', 'M015'})",0.35541864169154325,0.024749406300369096,0.012150575578678316,0.03418665807975098,1.381312249063572,1.0,0.003354175208729009,1.0097712998669273,0.42826358899874795,0.033016300826703295,0.009676745485056816,0.26256539069690826,Party Jollof Rice,"White Rice & Stew - Regular Portion, Native Jollof (Palm Oil) - Large Portion"
"frozenset({'M011', 'M015'})",frozenset({'M025'}),0.024749406300369096,0.35541864169154325,0.012150575578678316,0.4909441233140655,1.381312249063572,1.0,0.003354175208729009,1.2662290876687698,0.28305619878031973,0.033016300826703295,0.21025349224832554,0.26256539069690826,"White Rice & Stew - Regular Portion, Native Jollof (Palm Oil) - Large Portion",Party Jollof Rice
frozenset({'M023'}),"frozenset({'M035', 'M025'})",0.1710713297917998,0.05271289734957225,0.012455770569665525,0.07281039192730111,1.3812633262112266,1.0,0.003438105122895562,1.0216757116373472,0.33299015262873966,0.058940337575593464,0.021215843139316272,0.1545524729674501,Yam Porridge (Asaro) - Regular Portion,"Efo Riro & Amala - Regular Portion, Party Jollof Rice"
"frozenset({'M035', 'M025'})",frozenset({'M023'}),0.05271289734957225,0.1710713297917998,0.012455770569665525,0.23629455400759905,1.3812633262112264,1.0,0.003438105122895562,1.0854036390051462,0.29138482265690346,0.058940337575593464,0.07868375960433036,0.1545524729674501,"Efo Riro & Amala - Regular Portion, Party Jollof Rice",Yam Porridge (Asaro) - Regular Portion
frozenset({'M026'}),"frozenset({'M025', 'M015'})",0.26049346215105246,0.052016671276382674,0.01871226788490334,0.0718339252370666,1.3809788953120041,1.0,0.005162265094545211,1.0213509785581696,0.37305413551591504,0.06369095925986042,0.02090464395335543,0.21578494941721318,Ofada Rice & Ayamase,"Party Jollof Rice, Native Jollof (Palm Oil) - Large Portion"
"frozenset({'M025', 'M015'})",frozenset({'M026'}),0.052016671276382674,0.26049346215105246,0.01871226788490334,0.35973597359735976,1.3809788953120041,1.0,0.005162265094545211,1.1550024792176863,0.29101352716513607,0.06369095925986042,0.13420099264433913,0.21578494941721318,"Party Jollof Rice, Native Jollof (Palm Oil) - Large Portion",Ofada Rice & Ayamase
frozenset({'M083'}),frozenset({'M074'}),0.40491745429228143,0.09913114801003328,0.05543104023805209,0.13689466742038817,1.3809450426876198,1.0,0.015291108144758057,1.0437530831810398,0.4635629509330666,0.12355967515625664,0.041918997784125264,0.3480317093115025,Suya Platter,Asun (Peppered Goat) - Regular Portion
frozenset({'M074'}),frozenset({'M083'}),0.09913114801003328,0.40491745429228143,0.05543104023805209,0.5591687512026169,1.3809450426876198,1.0,0.015291108144758057,1.3499100785870857,0.3062135185689646,0.12355967515625664,0.25920991637704277,0.3480317093115025,Asun (Peppered Goat) - Regular Portion,Suya Platter
"frozenset({'M023', 'M083'})","frozenset({'M026', 'M025'})",0.06897406796310955,0.10765753307073847,0.010243106885008249,0.14850663716814158,1.3794356319734953,1.0,0.0028175288822464197,1.047973485032871,0.2954438094684341,0.06156138943024189,0.04577738436900071,0.12182596209930821,"Yam Porridge (Asaro) - Regular Portion, Suya Platter","Ofada Rice & Ayamase, Party Jollof Rice"
"frozenset({'M026', 'M025'})","frozenset({'M023', 'M083'})",0.10765753307073847,0.06897406796310955,0.010243106885008249,0.09514528703047484,1.3794356319734953,1.0,0.0028175288822464197,1.0289231173714921,0.30825143738977023,0.06156138943024189,0.028110086053251087,0.12182596209930821,"Ofada Rice & Ayamase, Party Jollof Rice","Yam Porridge (Asaro) - Regular Portion, Suya Platter"
"frozenset({'M005', 'M025'})",frozenset({'M026'}),0.030128468016518677,0.26049346215105246,0.01081534749310927,0.35897435897435903,1.3780551573543922,1.0,0.002967078550179067,1.1536301990443583,0.2828618348964099,0.038652941577476306,0.133171096917905,0.20024652485385472,"Fried Rice - Regular Portion, Party Jollof Rice",Ofada Rice & Ayamase
frozenset({'M026'}),"frozenset({'M005', 'M025'})",0.26049346215105246,0.030128468016518677,0.01081534749310927,0.04151869073335042,1.3780551573543922,1.0,0.002967078550179067,1.0118836148464352,0.3709766271284495,0.038652941577476306,0.011744053043332071,0.20024652485385472,Ofada Rice & Ayamase,"Fried Rice - Regular Portion, Party Jollof Rice"
"frozenset({'M025', 'M014'})",frozenset({'M026'}),0.0366138615749969,0.26049346215105246,0.013142459299386748,0.35894764261526435,1.3779525967800343,1.0,0.0036047877349964196,1.1535821206022387,0.2847099616036652,0.046281990998858054,0.1331349696387975,0.20469990412533803,"Party Jollof Rice, Native Jollof (Palm Oil) - Regular Portion",Ofada Rice & Ayamase
frozenset({'M026'}),"frozenset({'M025', 'M014'})",0.26049346215105246,0.0366138615749969,0.013142459299386748,0.0504521656354117,1.3779525967800343,1.0,0.0036047877349964196,1.0145735723463316,0.37090359103290554,0.046281990998858054,0.01436423414087982,0.20469990412533803,Ofada Rice & Ayamase,"Party Jollof Rice, Native Jollof (Palm Oil) - Regular Portion"
frozenset({'M011'}),"frozenset({'M020', 'M025'})",0.1738180847106847,0.04955603666154829,0.011864455274627804,0.06825788751714677,1.377387945354187,1.0,0.0032507198962650075,1.0200719175456854,0.3316317186577951,0.05609415159850295,0.019676963163517698,0.1538364110410984,White Rice & Stew - Regular Portion,"Basmati Rice & Chicken Sauce - Regular Portion, Party Jollof Rice"
"frozenset({'M020', 'M025'})",frozenset({'M011'}),0.04955603666154829,0.1738180847106847,0.011864455274627804,0.23941493456505003,1.377387945354187,1.0,0.0032507198962650075,1.0862452509724905,0.2882738373433361,0.05609415159850295,0.0793975862221511,0.1538364110410984,"Basmati Rice & Chicken Sauce - Regular Portion, Party Jollof Rice",White Rice & Stew - Regular Portion
frozenset({'M023'}),frozenset({'M026'}),0.1710713297917998,0.26049346215105246,0.061353730531897646,0.35864414339075656,1.3767875033377592,1.0,0.016790767559647236,1.1530362282159747,0.3301508457533138,0.1657263570085272,0.132724561875006,0.2970865062137395,Yam Porridge (Asaro) - Regular Portion,Ofada Rice & Ayamase
frozenset({'M026'}),frozenset({'M023'}),0.26049346215105246,0.1710713297917998,0.061353730531897646,0.23552886903672243,1.376787503337759,1.0,0.016790767559647236,1.0843165119442801,0.3700731332740529,0.1657263570085272,0.07776005531179539,0.2970865062137395,Ofada Rice & Ayamase,Yam Porridge (Asaro) - Regular Portion
frozenset({'M078'}),frozenset({'M080'}),0.09819648835013495,0.10570237765972666,0.014277403172120437,0.1453962703962704,1.3755250696850445,1.0,0.0038978008756755233,1.0464471325850044,0.3027321206847093,0.0752942359923549,0.04438555101227868,0.14023400093845823,Roasted Turkey Wings - Regular Portion,Grilled Titus Fish - Regular Portion
frozenset({'M080'}),frozenset({'M078'}),0.10570237765972666,0.09819648835013495,0.014277403172120437,0.13507173148064602,1.3755250696850443,1.0,0.0038978008756755233,1.0426338743600516,0.30527296808444976,0.0752942359923549,0.04089055171569157,0.14023400093845823,Grilled Titus Fish - Regular Portion,Roasted Turkey Wings - Regular Portion
frozenset({'M083'}),frozenset({'M068'}),0.40491745429228143,0.10782920525316879,0.0600375771332653,0.14827115130959112,1.3750555887105906,1.0,0.0163756498437923,1.0474821841700028,0.4583509897899321,0.13261845071312703,0.04532982506774213,0.3525275799003289,Suya Platter,Chicken Suya - Regular Portion
frozenset({'M068'}),frozenset({'M083'}),0.10782920525316879,0.40491745429228143,0.0600375771332653,0.5567840084910667,1.3750555887105906,1.0,0.0163756498437923,1.3426468293297678,0.3057224865887307,0.13261845071312703,0.25520250139108636,0.3525275799003289,Chicken Suya - Regular Portion,Suya Platter
frozenset({'M011'}),"frozenset({'M141', 'M025'})",0.1738180847106847,0.051768700346205565,0.012369934478450372,0.07116598079561043,1.3746912771555913,1.0,0.003371598136311561,1.0208834733099246,0.3299079047725632,0.05801574521381284,0.02045627523209468,0.15505609282964017,White Rice & Stew - Regular Portion,"Fresh Orange Juice, Party Jollof Rice"
"frozenset({'M141', 'M025'})",frozenset({'M011'}),0.051768700346205565,0.1738180847106847,0.012369934478450372,0.23894620486366988,1.3746912771555913,1.0,0.003371598136311561,1.085576237276786,0.2874445767963958,0.05801574521381284,0.07883024179992901,0.15505609282964017,"Fresh Orange Juice, Party Jollof Rice",White Rice & Stew - Regular Portion
"frozenset({'M023', 'M026'})",frozenset({'M008'}),0.061353730531897646,0.12407130117976939,0.010462465784780307,0.17052697030934244,1.3744271937816022,1.0,0.0028502286054548215,1.0560062442860838,0.290230924511089,0.05979831016625784,0.05303590257077224,0.12742660299616557,"Yam Porridge (Asaro) - Regular Portion, Ofada Rice & Ayamase",Coconut Rice - Regular Portion
frozenset({'M008'}),"frozenset({'M023', 'M026'})",0.12407130117976939,0.061353730531897646,0.010462465784780307,0.08432623568298869,1.3744271937816022,1.0,0.0028502286054548215,1.0250880892806031,0.31101181516661613,0.05979831016625784,0.024474081342813786,0.12742660299616557,Coconut Rice - Regular Portion,"Yam Porridge (Asaro) - Regular Portion, Ofada Rice & Ayamase"
frozenset({'M083'}),"frozenset({'M078', 'M085'})",0.40491745429228143,0.019818599727231975,0.011025169049412977,0.027228189184096478,1.373870483225072,1.0,0.0030002721002245023,1.0076169861980784,0.4572968122778449,0.026649453640094058,0.007559406304590699,0.29176616388944965,Suya Platter,"Roasted Turkey Wings - Regular Portion, Fried Plantain (Dodo)"
"frozenset({'M078', 'M085'})",frozenset({'M083'}),0.019818599727231975,0.40491745429228143,0.011025169049412977,0.5563041385948028,1.373870483225072,1.0,0.0030002721002245023,1.34119471798334,0.2776316211658328,0.026649453640094058,0.25439610923637573,0.29176616388944965,"Roasted Turkey Wings - Regular Portion, Fried Plantain (Dodo)",Suya Platter
frozenset({'M007'}),frozenset({'M011'}),0.045521740374436105,0.1738180847106847,0.010863034210451022,0.23863398282002934,1.3728950196248504,1.0,0.002950532485869491,1.0851310626515966,0.2845661332360934,0.05210668374582552,0.07845233224046934,0.15056527673237408,Coconut Rice - Small Portion,White Rice & Stew - Regular Portion
frozenset({'M011'}),frozenset({'M007'}),0.1738180847106847,0.045521740374436105,0.010863034210451022,0.062496570644718794,1.3728950196248502,1.0,0.002950532485869491,1.0181064193887335,0.32875591025791046,0.05210668374582552,0.017784407448883974,0.15056527673237408,White Rice & Stew - Regular Portion,Coconut Rice - Small Portion
frozenset({'M083'}),frozenset({'M069'}),0.40491745429228143,0.03720517687003462,0.020676960639383506,0.05106463161861692,1.372514147614356,1.0,0.005611935134675016,1.0146052673452595,0.45608808776604476,0.049061983751612394,0.014395024168832123,0.3034097831253813,Suya Platter,Chicken Suya - Large Portion
frozenset({'M069'}),frozenset({'M083'}),0.03720517687003462,0.40491745429228143,0.020676960639383506,0.5557549346321456,1.372514147614356,1.0,0.005611935134675016,1.3395366478971784,0.281898130125432,0.049061983751612394,0.25347320540291857,0.3034097831253813,Chicken Suya - Large Portion,Suya Platter
"frozenset({'M026', 'M025'})",frozenset({'M008'}),0.10765753307073847,0.12407130117976939,0.018330774146169328,0.17026931254429487,1.3723505026967378,1.0,0.004973563936278751,1.0556783207647624,0.30405723163844395,0.08589944134078213,0.052741748759629156,0.15900659108650672,"Ofada Rice & Ayamase, Party Jollof Rice",Coconut Rice - Regular Portion
frozenset({'M008'}),"frozenset({'M026', 'M025'})",0.12407130117976939,0.10765753307073847,0.018330774146169328,0.1477438696287186,1.3723505026967378,1.0,0.004973563936278751,1.047035550850795,0.30975486992647944,0.08589944134078213,0.044922591990859365,0.15900659108650672,Coconut Rice - Regular Portion,"Ofada Rice & Ayamase, Party Jollof Rice"
frozenset({'M022'}),frozenset({'M026'}),0.09234055946056785,0.26049346215105246,0.03299920840049213,0.3573641809543483,1.3718738965783464,1.0,0.008945096369643687,1.1507396816865174,0.29864728623622216,0.10317578649172507,0.1309937287168146,0.242021892036871,Yam Porridge (Asaro) - Small Portion,Ofada Rice & Ayamase
frozenset({'M026'}),frozenset({'M022'}),0.26049346215105246,0.09234055946056785,0.03299920840049213,0.1266796031193937,1.3718738965783464,1.0,0.008945096369643687,1.039320098077957,0.3665552836520806,0.10317578649172507,0.037832519693088595,0.242021892036871,Ofada Rice & Ayamase,Yam Porridge (Asaro) - Small Portion
"frozenset({'M074', 'M025'})",frozenset({'M083'}),0.03858809167294542,0.40491745429228143,0.02143041077338318,0.5553633217993079,1.3715470052284537,1.0,0.005805418927176937,1.3383568537706665,0.2817692342994037,0.050773923850412385,0.25281512387177235,0.3041443516854086,"Asun (Peppered Goat) - Regular Portion, Party Jollof Rice",Suya Platter
frozenset({'M083'}),"frozenset({'M074', 'M025'})",0.40491745429228143,0.03858809167294542,0.02143041077338318,0.052925381571509326,1.3715470052284537,1.0,0.005805418927176937,1.015138500831491,0.4552247401803252,0.050773923850412385,0.014912744240407958,0.3041443516854086,Suya Platter,"Asun (Peppered Goat) - Regular Portion, Party Jollof Rice"
frozenset({'M083'}),"frozenset({'M085', 'M072'})",0.40491745429228143,0.024482360683255287,0.013581177098930863,0.03354060674580742,1.3699907120781667,1.0,0.0036678419360016926,1.0093726090571191,0.45383291120092983,0.03266129957109108,0.00928557895569839,0.29413687914228426,Suya Platter,"Fried Plantain (Dodo), Grilled Catfish - Regular Portion"
"frozenset({'M085', 'M072'})",frozenset({'M083'}),0.024482360683255287,0.40491745429228143,0.013581177098930863,0.5547331515387611,1.3699907120781667,1.0,0.0036678419360016926,1.336462725137107,0.2768458849319739,0.03266129957109108,0.2517561611025025,0.29413687914228426,"Fried Plantain (Dodo), Grilled Catfish - Regular Portion",Suya Platter
frozenset({'M096'}),frozenset({'M089'}),0.11731886200417736,0.06436753106789635,0.010328942976223403,0.08804162263230632,1.3677955511364572,1.0,0.0027774174813192725,1.025959618500072,0.3046361503576964,0.060277174820504265,0.025302768288311656,0.12425492007300604,Jollof Spaghetti,Extra Fish
frozenset({'M089'}),frozenset({'M096'}),0.06436753106789635,0.11731886200417736,0.010328942976223403,0.16046821751370574,1.3677955511364572,1.0,0.0027774174813192725,1.0513969291093905,0.2873955242054678,0.060277174820504265,0.04888442003813679,0.12425492007300604,Extra Fish,Jollof Spaghetti
"frozenset({'M020', 'M025'})",frozenset({'M023'}),0.04955603666154829,0.1710713297917998,0.011587872314045646,0.2338337182448037,1.3668784741977986,1.0,0.003110255223143397,1.0819174504902809,0.28240072695243035,0.05543388995346291,0.0757150653713546,0.1507853990120155,"Basmati Rice & Chicken Sauce - Regular Portion, Party Jollof Rice",Yam Porridge (Asaro) - Regular Portion
frozenset({'M023'}),"frozenset({'M020', 'M025'})",0.1710713297917998,0.04955603666154829,0.011587872314045646,0.0677370797792273,1.3668784741977986,1.0,0.003110255223143397,1.01950205540018,0.3237987486992251,0.05543388995346291,0.019129000571288562,0.1507853990120155,Yam Porridge (Asaro) - Regular Portion,"Basmati Rice & Chicken Sauce - Regular Portion, Party Jollof Rice"
frozenset({'M025'}),"frozenset({'M017', 'M015'})",0.35541864169154325,0.021563933581940087,0.010472003128248657,0.029463854451779098,1.3663487851054799,1.0,0.002807779145028857,1.008139749257228,0.4159637065003349,0.028572172057560692,0.008074028688210257,0.25754484186542953,Party Jollof Rice,"Concoction Rice - Regular Portion, Native Jollof (Palm Oil) - Large Portion"
"frozenset({'M017', 'M015'})",frozenset({'M025'}),0.021563933581940087,0.35541864169154325,0.010472003128248657,0.48562582927908,1.3663487851054799,1.0,0.002807779145028857,1.2531371032978682,0.2740316512703493,0.028572172057560692,0.20200271991922492,0.25754484186542953,"Concoction Rice - Regular Portion, Native Jollof (Palm Oil) - Large Portion",Party Jollof Rice
"frozenset({'M008', 'M025'})",frozenset({'M017'}),0.05243631438899009,0.1432508988946219,0.01026218157194495,0.19570753001091307,1.3661870991460883,1.0,0.002750632401001124,1.0652208407682877,0.28286841140992636,0.05534410040119329,0.06122752979677668,0.13367267312795986,"Coconut Rice - Regular Portion, Party Jollof Rice",Concoction Rice - Regular Portion
frozenset({'M017'}),"frozenset({'M008', 'M025'})",0.1432508988946219,0.05243631438899009,0.01026218157194495,0.07163781624500666,1.3661870991460883,1.0,0.002750632401001124,1.020683201224711,0.3128521922143849,0.05534410040119329,0.020264075278101253,0.13367267312795986,Concoction Rice - Regular Portion,"Coconut Rice - Regular Portion, Party Jollof Rice"
frozenset({'M083'}),"frozenset({'M058', 'M072'})",0.40491745429228143,0.020181018779029287,0.011158691857969881,0.027557942340305258,1.3655377184892943,1.0,0.002987045108940616,1.0075859774915839,0.44983297067278155,0.026957283074512693,0.0075288637010108225,0.2902439995255402,Suya Platter,"Vegetable Soup & Eba - Small Portion, Grilled Catfish - Regular Portion"
"frozenset({'M058', 'M072'})",frozenset({'M083'}),0.020181018779029287,0.40491745429228143,0.011158691857969881,0.5529300567107751,1.3655377184892943,1.0,0.002987045108940616,1.3310725863821697,0.2732012284530901,0.026957283074512693,0.2487261699844776,0.2902439995255402,"Vegetable Soup & Eba - Small Portion, Grilled Catfish - Regular Portion",Suya Platter
frozenset({'M005'}),frozenset({'M020'}),0.07217861536847527,0.12081906705706193,0.011893067305032857,0.1647727272727273,1.3637973813761233,1.0,0.0031725143347431633,1.0526247904622932,0.2875049579842954,0.06566959818842488,0.049993873352708516,0.13160486695180412,Fried Rice - Regular Portion,Basmati Rice & Chicken Sauce - Regular Portion
frozenset({'M020'}),frozenset({'M005'}),0.12081906705706193,0.07217861536847527,0.011893067305032857,0.09843700663088097,1.363797381376123,1.0,0.0031725143347431633,1.029125409378527,0.3034110934509206,0.06566959818842488,0.028301127455511242,0.13160486695180412,Basmati Rice & Chicken Sauce - Regular Portion,Fried Rice - Regular Portion
frozenset({'M073'}),"frozenset({'M083', 'M025'})",0.05243631438899009,0.15090938569970722,0.010786735462704219,0.20571116769734452,1.3631436291622492,1.0,0.002873603469905006,1.0689947784343965,0.28114373026193884,0.05601783060921249,0.0645417356812943,0.13859469779672257,Grilled Catfish - Large Portion,"Suya Platter, Party Jollof Rice"
"frozenset({'M083', 'M025'})",frozenset({'M073'}),0.15090938569970722,0.05243631438899009,0.010786735462704219,0.07147822789610062,1.3631436291622492,1.0,0.002873603469905006,1.0205077727622522,0.31374930395734385,0.05601783060921249,0.02009565562322271,0.13859469779672257,"Suya Platter, Party Jollof Rice",Grilled Catfish - Large Portion
"frozenset({'M025', 'M004'})",frozenset({'M026'}),0.04331861403324718,0.26049346215105246,0.015374197670980725,0.35490973139586085,1.3624515888619853,1.0,0.004089981925875001,1.146361329320792,0.2780747811842053,0.053301590450682806,0.12767469172002635,0.2069646229563788,"Party Jollof Rice, Fried Rice - Small Portion",Ofada Rice & Ayamase
frozenset({'M026'}),"frozenset({'M025', 'M004'})",0.26049346215105246,0.04331861403324718,0.015374197670980725,0.059019514516896715,1.3624515888619853,1.0,0.004089981925875001,1.0166856812929426,0.3597384924270222,0.053301590450682806,0.01641183858488408,0.2069646229563788,Ofada Rice & Ayamase,"Party Jollof Rice, Fried Rice - Small Portion"
frozenset({'M058'}),frozenset({'M038'}),0.15923548654757705,0.07278900535044969,0.015784303440119787,0.09912553905126975,1.3618202168585802,1.0,0.004193710757826742,1.0292344103895281,0.31600843817219065,0.07299431041326687,0.028404035168688058,0.15798782193653632,Vegetable Soup & Eba - Small Portion,Banga Soup & Starch - Regular Portion
frozenset({'M038'}),frozenset({'M058'}),0.07278900535044969,0.15923548654757705,0.015784303440119787,0.21685010482180292,1.3618202168585802,1.0,0.004193710757826742,1.0735678043615344,0.28654608530297027,0.07299431041326687,0.06852646294221379,0.15798782193653632,Banga Soup & Starch - Regular Portion,Vegetable Soup & Eba - Small Portion
frozenset({'M019'}),frozenset({'M022'}),0.09061430029279645,0.09234055946056785,0.011387588101210289,0.12567098200189453,1.3609510570006862,1.0,0.0030202129170455675,1.0381211441633735,0.29164711865568005,0.06637389515815222,0.03672128669924706,0.12449630488237673,Basmati Rice & Chicken Sauce - Small Portion,Yam Porridge (Asaro) - Small Portion
frozenset({'M022'}),frozenset({'M019'}),0.09234055946056785,0.09061430029279645,0.011387588101210289,0.12332162776285892,1.3609510570006862,1.0,0.0030202129170455675,1.0373082404058842,0.29220179642340566,0.06637389515815222,0.03596639740496613,0.12449630488237673,Yam Porridge (Asaro) - Small Portion,Basmati Rice & Chicken Sauce - Small Portion
frozenset({'M011'}),"frozenset({'M058', 'M025'})",0.1738180847106847,0.05896939466481006,0.013943596150728176,0.08021947873799726,1.3603578465401505,1.0,0.003693648913542423,1.0231034291137526,0.3206307218196008,0.06371480868125162,0.02258171408316527,0.15833713707237884,White Rice & Stew - Regular Portion,"Vegetable Soup & Eba - Small Portion, Party Jollof Rice"
"frozenset({'M058', 'M025'})",frozenset({'M011'}),0.05896939466481006,0.1738180847106847,0.013943596150728176,0.23645479540676045,1.3603578465401502,1.0,0.003693648913542423,1.082034056817165,0.28149913759622913,0.06371480868125162,0.0758146717289756,0.15833713707237884,"Vegetable Soup & Eba - Small Portion, Party Jollof Rice",White Rice & Stew - Regular Portion
"frozenset({'M025', 'M068'})",frozenset({'M083'}),0.040848442074944445,0.40491745429228143,0.022498593241838418,0.5507821620359561,1.3602331936977585,1.0,0.005958346065046194,1.3247081825707685,0.27611062762491656,0.05315457413249211,0.24511676370914387,0.3031727844285678,"Party Jollof Rice, Chicken Suya - Regular Portion",Suya Platter
frozenset({'M083'}),"frozenset({'M025', 'M068'})",0.40491745429228143,0.040848442074944445,0.022498593241838418,0.05556340682117957,1.3602331936977583,1.0,0.005958346065046194,1.0155806804316072,0.44503395462749595,0.05315457413249211,0.015341647130374465,0.3031727844285678,Suya Platter,"Party Jollof Rice, Chicken Suya - Regular Portion"
"frozenset({'M023', 'M026'})",frozenset({'M020'}),0.061353730531897646,0.12081906705706193,0.010080972046046294,0.16430903155603915,1.359959446454236,1.0,0.0026682715627120443,1.052040725748125,0.28198477395845983,0.05857902904012414,0.04946645550353385,0.12387380848405052,"Yam Porridge (Asaro) - Regular Portion, Ofada Rice & Ayamase",Basmati Rice & Chicken Sauce - Regular Portion
frozenset({'M020'}),"frozenset({'M023', 'M026'})",0.12081906705706193,0.061353730531897646,0.010080972046046294,0.08343858541206188,1.359959446454236,1.0,0.0026682715627120443,1.0240953355974438,0.30105743448839484,0.05857902904012414,0.023528410646833912,0.12387380848405052,Basmati Rice & Chicken Sauce - Regular Portion,"Yam Porridge (Asaro) - Regular Portion, Ofada Rice & Ayamase"
frozenset({'M070'}),"frozenset({'M083', 'M025'})",0.06133465584496094,0.15090938569970722,0.01257021869128573,0.20494479863162807,1.3580652898517875,1.0,0.003314243455619717,1.0679643537189873,0.2808864505314469,0.06295376385173862,0.06363915938047393,0.1441206328998373,Grilled Tilapia - Regular Portion,"Suya Platter, Party Jollof Rice"
"frozenset({'M083', 'M025'})",frozenset({'M070'}),0.15090938569970722,0.06133465584496094,0.01257021869128573,0.0832964671680465,1.3580652898517873,1.0,0.003314243455619717,1.0239573761161795,0.3105185386766524,0.06295376385173862,0.023396849004641784,0.1441206328998373,"Suya Platter, Party Jollof Rice",Grilled Tilapia - Regular Portion
"frozenset({'M083', 'M025'})",frozenset({'M072'}),0.15090938569970722,0.11843473118997434,0.02427253912695158,0.1608418125513493,1.358062883541756,1.0,0.006399626597562599,1.0505352649782373,0.3105170020901572,0.09904265255292652,0.04810430136230054,0.18289312402410435,"Suya Platter, Party Jollof Rice",Grilled Catfish - Regular Portion
frozenset({'M072'}),"frozenset({'M083', 'M025'})",0.11843473118997434,0.15090938569970722,0.02427253912695158,0.20494443549685942,1.358062883541756,1.0,0.006399626597562599,1.0679638659354842,0.2990783341672619,0.09904265255292652,0.06363873170554439,0.18289312402410435,Grilled Catfish - Regular Portion,"Suya Platter, Party Jollof Rice"
"frozenset({'M023', 'M025'})",frozenset({'M008'}),0.07229306349009547,0.12407130117976939,0.012179187609083366,0.16846965699208444,1.3578454919883962,1.0,0.0032096931555955412,1.0533935486367363,0.2840759003897651,0.06612468931234466,0.05068718021468441,0.13331623367707074,"Yam Porridge (Asaro) - Regular Portion, Party Jollof Rice",Coconut Rice - Regular Portion
frozenset({'M008'}),"frozenset({'M023', 'M025'})",0.12407130117976939,0.07229306349009547,0.012179187609083366,0.09816281036205704,1.3578454919883962,1.0,0.0032096931555955412,1.0286856066363237,0.3008683054246733,0.06612468931234466,0.02788568873839112,0.13331623367707074,Coconut Rice - Regular Portion,"Yam Porridge (Asaro) - Regular Portion, Party Jollof Rice"
frozenset({'M023'}),"frozenset({'M008', 'M025'})",0.1710713297917998,0.05243631438899009,0.012179187609083366,0.071193622121871,1.3577159827392318,1.0,0.003208837577177947,1.0201950677553833,0.3178427089531199,0.057631555194512143,0.019795300324099888,0.15172995038432585,Yam Porridge (Asaro) - Regular Portion,"Coconut Rice - Regular Portion, Party Jollof Rice"
"frozenset({'M008', 'M025'})",frozenset({'M023'}),0.05243631438899009,0.1710713297917998,0.012179187609083366,0.23226627864678068,1.3577159827392318,1.0,0.003208837577177947,1.079708559299854,0.27804878771603736,0.057631555194512143,0.07382414320355296,0.15172995038432585,"Coconut Rice - Regular Portion, Party Jollof Rice",Yam Porridge (Asaro) - Regular Portion
"frozenset({'M066', 'M025'})",frozenset({'M083'}),0.03600347159302248,0.40491745429228143,0.019789987696826924,0.5496688741721854,1.3574837743976778,1.0,0.005211553633695791,1.3214333000274336,0.27317831220405775,0.046992481203007516,0.24324595121127984,0.29927150134085057,"Beef Suya - Regular Portion, Party Jollof Rice",Suya Platter
frozenset({'M083'}),"frozenset({'M066', 'M025'})",0.40491745429228143,0.03600347159302248,0.019789987696826924,0.04887412850951573,1.3574837743976778,1.0,0.005211553633695791,1.0135320227346187,0.4425317907578707,0.046992481203007516,0.013351351936673729,0.29927150134085057,Suya Platter,"Beef Suya - Regular Portion, Party Jollof Rice"
"frozenset({'M026', 'M017'})",frozenset({'M011'}),0.04664714690370144,0.1738180847106847,0.011006094362476276,0.23594356982212228,1.3574166935209515,1.0,0.0028979766304569454,1.0813100743056037,0.27619001673459675,0.05254530552772971,0.07519589083438394,0.14963159286716537,"Ofada Rice & Ayamase, Concoction Rice - Regular Portion",White Rice & Stew - Regular Portion
frozenset({'M011'}),"frozenset({'M026', 'M017'})",0.1738180847106847,0.04664714690370144,0.011006094362476276,0.0633196159122085,1.3574166935209515,1.0,0.0028979766304569454,1.0177995283041439,0.31870286141332044,0.05254530552772971,0.017488245778421105,0.14963159286716537,White Rice & Stew - Regular Portion,"Ofada Rice & Ayamase, Concoction Rice - Regular Portion"
"frozenset({'M023', 'M008'})",frozenset({'M025'}),0.025254885504191662,0.35541864169154325,0.012179187609083366,0.4822507552870091,1.3568527328556377,1.0,0.0032031305071081213,1.2449682252376322,0.2698144757446087,0.03305122033284158,0.19676664855512602,0.2582589578506639,"Yam Porridge (Asaro) - Regular Portion, Coconut Rice - Regular Portion",Party Jollof Rice
frozenset({'M025'}),"frozenset({'M023', 'M008'})",0.35541864169154325,0.025254885504191662,0.012179187609083366,0.03426716041431868,1.3568527328556375,1.0,0.0032031305071081213,1.0093320580399787,0.40801729473294723,0.03305122033284158,0.0092457759224458,0.2582589578506639,Party Jollof Rice,"Yam Porridge (Asaro) - Regular Portion, Coconut Rice - Regular Portion"
frozenset({'M050'}),frozenset({'M038'}),0.10893553709549741,0.07278900535044969,0.010758123432299167,0.09875678515146209,1.3567541509323837,1.0,0.002828814039800894,1.0288132874380382,0.29509289452475335,0.06292535981256275,0.028006332917597913,0.12327776364491344,Okro Soup & Semo - Regular Portion,Banga Soup & Starch - Regular Portion
frozenset({'M038'}),frozenset({'M050'}),0.07278900535044969,0.10893553709549741,0.010758123432299167,0.14779874213836477,1.3567541509323837,1.0,0.002828814039800894,1.0456033180945823,0.2835889491000029,0.06292535981256275,0.04361435862472771,0.12327776364491344,Banga Soup & Starch - Regular Portion,Okro Soup & Semo - Regular Portion
frozenset({'M035'}),"frozenset({'M023', 'M026'})",0.14032293444983834,0.061353730531897646,0.011673708405260799,0.08319173520016312,1.3559360527704498,1.0,0.00306437289758028,1.0238195983901097,0.3053496530447069,0.061439614496536496,0.023265425303016764,0.13673033052562172,Efo Riro & Amala - Regular Portion,"Yam Porridge (Asaro) - Regular Portion, Ofada Rice & Ayamase"
"frozenset({'M023', 'M026'})",frozenset({'M035'}),0.061353730531897646,0.14032293444983834,0.011673708405260799,0.19026892585108035,1.3559360527704496,1.0,0.00306437289758028,1.061682196714185,0.2796602961464752,0.061439614496536496,0.05809855049381643,0.13673033052562172,"Yam Porridge (Asaro) - Regular Portion, Ofada Rice & Ayamase",Efo Riro & Amala - Regular Portion
frozenset({'M096'}),frozenset({'M086'}),0.11731886200417736,0.11781480386453157,0.01873134257184004,0.15966181611251115,1.3551931580355305,1.0,0.004909443855207838,1.0497978231268643,0.29693373758446195,0.08655795504627588,0.04743563191866751,0.15932576760454342,Jollof Spaghetti,Moi Moi
frozenset({'M086'}),frozenset({'M096'}),0.11781480386453157,0.11731886200417736,0.01873134257184004,0.15898971909657572,1.3551931580355305,1.0,0.004909443855207838,1.0495485703785152,0.29710066610566666,0.08655795504627588,0.04720941152884992,0.15932576760454342,Moi Moi,Jollof Spaghetti
frozenset({'M071'}),frozenset({'M083'}),0.02082955813487711,0.40491745429228143,0.01140666278814699,0.5476190476190477,1.352421442479385,1.0,0.002972411134139468,1.3154456273539044,0.2661288649119293,0.027529693398397937,0.2398013424457852,0.2878946943390132,Grilled Tilapia - Large Portion,Suya Platter
frozenset({'M083'}),frozenset({'M071'}),0.40491745429228143,0.02082955813487711,0.01140666278814699,0.02817034105897871,1.352421442479385,1.0,0.002972411134139468,1.0075535695546693,0.43789810359665104,0.027529693398397937,0.007496940890207921,0.2878946943390132,Suya Platter,Grilled Tilapia - Large Portion
"frozenset({'M011', 'M072'})",frozenset({'M083'}),0.021811904512117196,0.40491745429228143,0.011940754022374607,0.5474420638390904,1.3519843564064555,1.0,0.0031087331740617848,1.3149311903705818,0.2661517477811406,0.028787565243383686,0.23950393197519787,0.2884657087614521,"White Rice & Stew - Regular Portion, Grilled Catfish - Regular Portion",Suya Platter
frozenset({'M083'}),"frozenset({'M011', 'M072'})",0.40491745429228143,0.021811904512117196,0.011940754022374607,0.029489353683813828,1.3519843564064553,1.0,0.0031087331740617848,1.0079107315317335,0.43749639970229837,0.028787565243383686,0.00784864302388327,0.2884657087614521,Suya Platter,"White Rice & Stew - Regular Portion, Grilled Catfish - Regular Portion"
frozenset({'M068'}),"frozenset({'M083', 'M011'})",0.10782920525316879,0.07616522493824571,0.011091930453691428,0.10286573500796037,1.3505603783270288,1.0,0.002879094780671561,1.0297620000836236,0.2909382497477887,0.06415135969992829,0.028901823995454004,0.12424779362469142,Chicken Suya - Regular Portion,"Suya Platter, White Rice & Stew - Regular Portion"
"frozenset({'M083', 'M011'})",frozenset({'M068'}),0.07616522493824571,0.10782920525316879,0.011091930453691428,0.14562985224142247,1.3505603783270288,1.0,0.002879094780671561,1.0442438761319353,0.2809664850323326,0.06415135969992829,0.04236929432214855,0.12424779362469142,"Suya Platter, White Rice & Stew - Regular Portion",Chicken Suya - Regular Portion
frozenset({'M004'}),"frozenset({'M011', 'M025'})",0.10215448588950034,0.07722387006323259,0.010653212654147313,0.10428531416300998,1.3504284889842855,1.0,0.002764447909440212,1.030212125052399,0.28901886920925207,0.06313944943756712,0.029326120628664035,0.12111882109286722,Fried Rice - Small Portion,"White Rice & Stew - Regular Portion, Party Jollof Rice"
"frozenset({'M011', 'M025'})",frozenset({'M004'}),0.07722387006323259,0.10215448588950034,0.010653212654147313,0.13795232802272445,1.3504284889842855,1.0,0.002764447909440212,1.0415265226006756,0.2812104548376191,0.06313944943756712,0.03987082584991163,0.12111882109286722,"White Rice & Stew - Regular Portion, Party Jollof Rice",Fried Rice - Small Portion
"frozenset({'M023', 'M083'})",frozenset({'M015'}),0.06897406796310955,0.11913095726316392,0.011082393110223078,0.16067477876106195,1.3487239794953252,1.0,0.002865446367443311,1.0494966914452717,0.27771347663954493,0.06260438553957222,0.04716231299129609,0.12685087909312404,"Yam Porridge (Asaro) - Regular Portion, Suya Platter",Native Jollof (Palm Oil) - Large Portion
frozenset({'M015'}),"frozenset({'M023', 'M083'})",0.11913095726316392,0.06897406796310955,0.011082393110223078,0.09302697942518613,1.3487239794953252,1.0,0.002865446367443311,1.0265199856185716,0.29352654694755015,0.06260438553957222,0.025834845877443856,0.12685087909312404,Native Jollof (Palm Oil) - Large Portion,"Yam Porridge (Asaro) - Regular Portion, Suya Platter"
"frozenset({'M078', 'M025'})",frozenset({'M083'}),0.03602254627995918,0.40491745429228143,0.01964692754480167,0.5454064072014826,1.34695701906639,1.0,0.0050607698079947055,1.3090429674653772,0.26721144999789626,0.046634822176442624,0.2360831348903382,0.29696361437895874,"Roasted Turkey Wings - Regular Portion, Party Jollof Rice",Suya Platter
frozenset({'M083'}),"frozenset({'M078', 'M025'})",0.40491745429228143,0.03602254627995918,0.01964692754480167,0.0485208215564349,1.34695701906639,1.0,0.0050607698079947055,1.013135626674375,0.4328572817867998,0.046634822176442624,0.012965319083184152,0.29696361437895874,Suya Platter,"Roasted Turkey Wings - Regular Portion, Party Jollof Rice"
frozenset({'M064'}),frozenset({'M045'}),0.1536752153055288,0.08703779649216507,0.018006504468245414,0.11717246943461801,1.3462251361701876,1.0,0.004630952352593148,1.0341342696043405,0.30388120513597255,0.08085306839107533,0.03300757997063602,0.1620269535426432,Isi Ewu,Ogbono Soup & Eba - Large Portion
frozenset({'M045'}),frozenset({'M064'}),0.08703779649216507,0.1536752153055288,0.018006504468245414,0.2068814376506684,1.3462251361701876,1.0,0.004630952352593148,1.067084828007978,0.2817008135947342,0.08085306839107533,0.06286738059354767,0.1620269535426432,Ogbono Soup & Eba - Large Portion,Isi Ewu
frozenset({'M057'}),frozenset({'M058'}),0.0482494206063843,0.15923548654757705,0.010338480319691753,0.21427159517691244,1.3456271577560162,1.0,0.002655460353795459,1.0700446977498888,0.26987332914454676,0.05244061728992308,0.06545959986267874,0.13959866294542794,Bitterleaf Soup & Pounded Yam - Large Portion,Vegetable Soup & Eba - Small Portion
frozenset({'M058'}),frozenset({'M057'}),0.15923548654757705,0.0482494206063843,0.010338480319691753,0.06492573071394345,1.345627157756016,1.0,0.002655460353795459,1.0178342091696009,0.30549826172074884,0.05244061728992308,0.017521723094914263,0.13959866294542794,Vegetable Soup & Eba - Small Portion,Bitterleaf Soup & Pounded Yam - Large Portion
"frozenset({'M023', 'M017'})",frozenset({'M025'}),0.029117509608873545,0.35541864169154325,0.013924521463791476,0.47821814608581725,1.3455066504385773,1.0,0.003575615749165182,1.2353464450192835,0.2644867340020944,0.037571733703903855,0.1905104806576019,0.2586979744543829,"Yam Porridge (Asaro) - Regular Portion, Concoction Rice - Regular Portion",Party Jollof Rice
frozenset({'M025'}),"frozenset({'M023', 'M017'})",0.35541864169154325,0.029117509608873545,0.013924521463791476,0.03917780282294853,1.3455066504385773,1.0,0.003575615749165182,1.0104705045778841,0.3983756831833278,0.037571733703903855,0.010362009114019691,0.2586979744543829,Party Jollof Rice,"Yam Porridge (Asaro) - Regular Portion, Concoction Rice - Regular Portion"
frozenset({'M017'}),"frozenset({'M023', 'M025'})",0.1432508988946219,0.07229306349009547,0.013924521463791476,0.09720372836218376,1.3445789079819697,1.0,0.0035684751349893285,1.0275927866061036,0.29912226352589333,0.06906338694418165,0.026851868722469485,0.144907932782675,Concoction Rice - Regular Portion,"Yam Porridge (Asaro) - Regular Portion, Party Jollof Rice"
"frozenset({'M023', 'M025'})",frozenset({'M017'}),0.07229306349009547,0.1432508988946219,0.013924521463791476,0.19261213720316622,1.3445789079819694,1.0,0.0035684751349893285,1.0611369585586217,0.27624319740513126,0.06906338694418165,0.057614578462771,0.144907932782675,"Yam Porridge (Asaro) - Regular Portion, Party Jollof Rice",Concoction Rice - Regular Portion
frozenset({'M017'}),"frozenset({'M023', 'M026'})",0.1432508988946219,0.061353730531897646,0.011816768557286054,0.08249001331557923,1.3444987387147207,1.0,0.003027791508053308,1.0230365697272257,0.2990705019412787,0.06129415256752747,0.022517836027472593,0.13754533309957417,Concoction Rice - Regular Portion,"Yam Porridge (Asaro) - Regular Portion, Ofada Rice & Ayamase"
"frozenset({'M023', 'M026'})",frozenset({'M017'}),0.061353730531897646,0.1432508988946219,0.011816768557286054,0.19260065288356912,1.3444987387147207,1.0,0.003027791508053308,1.0611218651156906,0.2729765110029365,0.06129415256752747,0.05760117393210702,0.13754533309957417,"Yam Porridge (Asaro) - Regular Portion, Ofada Rice & Ayamase",Concoction Rice - Regular Portion
frozenset({'M083'}),"frozenset({'M025', 'M070'})",0.40491745429228143,0.02308990853687614,0.01257021869128573,0.031043904277369513,1.344479309122871,1.0,0.0032207117066922267,1.0082088298691814,0.43055814192729974,0.03025781124451893,0.008141993628687599,0.28772352173802385,Suya Platter,"Party Jollof Rice, Grilled Tilapia - Regular Portion"
"frozenset({'M025', 'M070'})",frozenset({'M083'}),0.02308990853687614,0.40491745429228143,0.01257021869128573,0.5444031391986782,1.344479309122871,1.0,0.0032207117066922267,1.306160329246044,0.26227350644883207,0.03025781124451893,0.234397204072772,0.28772352173802385,"Party Jollof Rice, Grilled Tilapia - Regular Portion",Suya Platter
"frozenset({'M025', 'M015'})",frozenset({'M011'}),0.052016671276382674,0.1738180847106847,0.012150575578678316,0.23359002566923362,1.3438764214784533,1.0,0.003109137404392193,1.0779895133942405,0.26992453663566196,0.05686230752064272,0.07234719116021535,0.1517470018606799,"Party Jollof Rice, Native Jollof (Palm Oil) - Large Portion",White Rice & Stew - Regular Portion
frozenset({'M011'}),"frozenset({'M025', 'M015'})",0.1738180847106847,0.052016671276382674,0.012150575578678316,0.0699039780521262,1.3438764214784533,1.0,0.003109137404392193,1.0192316775404358,0.309718666081487,0.05686230752064272,0.01886879888470964,0.1517470018606799,White Rice & Stew - Regular Portion,"Party Jollof Rice, Native Jollof (Palm Oil) - Large Portion"
frozenset({'M045'}),frozenset({'M050'}),0.08703779649216507,0.10893553709549741,0.012741890873716036,0.14639491562568485,1.343867387346234,1.0,0.003260381765233432,1.043883734077855,0.28027333163393764,0.06953987091401206,0.04203890974182195,0.13168108589899197,Ogbono Soup & Eba - Large Portion,Okro Soup & Semo - Regular Portion
frozenset({'M050'}),frozenset({'M045'}),0.10893553709549741,0.08703779649216507,0.012741890873716036,0.11696725617229908,1.343867387346234,1.0,0.003260381765233432,1.033893940954441,0.28716099573642745,0.06953987091401206,0.03278280257949053,0.13168108589899197,Okro Soup & Semo - Regular Portion,Ogbono Soup & Eba - Large Portion
"frozenset({'M008', 'M025'})",frozenset({'M026'}),0.05243631438899009,0.26049346215105246,0.018330774146169328,0.34958166606038565,1.3419978496722256,1.0,0.00467145706854025,1.13697062222973,0.2689447970827027,0.0622227977597203,0.12046979891275883,0.20997554360757356,"Coconut Rice - Regular Portion, Party Jollof Rice",Ofada Rice & Ayamase
frozenset({'M026'}),"frozenset({'M008', 'M025'})",0.26049346215105246,0.05243631438899009,0.018330774146169328,0.07036942115476147,1.3419978496722254,1.0,0.00467145706854025,1.0192905732382935,0.3446113186380582,0.0622227977597203,0.018925489693294568,0.20997554360757356,Ofada Rice & Ayamase,"Coconut Rice - Regular Portion, Party Jollof Rice"
frozenset({'M126'}),frozenset({'M086'}),0.0775862891150299,0.11781480386453157,0.012265023700298519,0.15808236017209587,1.3417868976284648,1.0,0.00312421026563443,1.0478283794075098,0.27615067784037106,0.06697219039683366,0.04564524147986362,0.1310933131711285,Moi Moi & Custard,Moi Moi
frozenset({'M086'}),frozenset({'M126'}),0.11781480386453157,0.0775862891150299,0.012265023700298519,0.1041042661701611,1.3417868976284646,1.0,0.00312421026563443,1.0295994009724438,0.28874342102542033,0.06697219039683366,0.028748463668964393,0.1310933131711285,Moi Moi,Moi Moi & Custard
frozenset({'M073'}),frozenset({'M083'}),0.05243631438899009,0.40491745429228143,0.02846897025302572,0.5429246998908694,1.3408280975187854,1.0,0.007236591318166129,1.3019354700760195,0.26825873957267343,0.06637906113100135,0.23191277679714004,0.30661639177697797,Grilled Catfish - Large Portion,Suya Platter
frozenset({'M083'}),frozenset({'M073'}),0.40491745429228143,0.05243631438899009,0.02846897025302572,0.07030808366308648,1.3408280975187852,1.0,0.007236591318166129,1.0192233243723503,0.42715458855299016,0.06637906113100135,0.018860757905229647,0.30661639177697797,Suya Platter,Grilled Catfish - Large Portion
frozenset({'M025'}),"frozenset({'M026', 'M011'})",0.35541864169154325,0.05082450334283888,0.024215315066141475,0.06813180915579885,1.3405307415640206,1.0,0.006151339123382379,1.0185726972795164,0.394095798667953,0.0633862592370681,0.018234041938412264,0.2722907122341201,Party Jollof Rice,"Ofada Rice & Ayamase, White Rice & Stew - Regular Portion"
"frozenset({'M026', 'M011'})",frozenset({'M025'}),0.05082450334283888,0.35541864169154325,0.024215315066141475,0.47644961531244134,1.3405307415640204,1.0,0.006151339123382379,1.2311734976436437,0.26762891172779485,0.0633862592370681,0.18776679167159557,0.2722907122341201,"Ofada Rice & Ayamase, White Rice & Stew - Regular Portion",Party Jollof Rice
frozenset({'M023'}),frozenset({'M015'}),0.1710713297917998,0.11913095726316392,0.027305414349886984,0.15961420527401463,1.3398213943788093,1.0,0.0069255230715074625,1.0481722183607953,0.3059754966249052,0.10386359513876293,0.04595830486342256,0.19440961644695048,Yam Porridge (Asaro) - Regular Portion,Native Jollof (Palm Oil) - Large Portion
frozenset({'M015'}),frozenset({'M023'}),0.11913095726316392,0.1710713297917998,0.027305414349886984,0.22920502761988634,1.3398213943788093,1.0,0.0069255230715074625,1.075420442414897,0.2879336759815614,0.10386359513876293,0.07013112215491984,0.19440961644695048,Native Jollof (Palm Oil) - Large Portion,Yam Porridge (Asaro) - Regular Portion
frozenset({'M072'}),frozenset({'M083'}),0.11843473118997434,0.40491745429228143,0.06421493357240274,0.5421968110806893,1.3390304748120725,1.0,0.016258643719167666,1.2998654446083462,0.28720619598392183,0.13985999459919815,0.23068960395258198,0.3503922627101204,Grilled Catfish - Regular Portion,Suya Platter
frozenset({'M083'}),frozenset({'M072'}),0.40491745429228143,0.11843473118997434,0.06421493357240274,0.15858771433955152,1.3390304748120725,1.0,0.016258643719167666,1.0477209375639909,0.4254720781053265,0.13985999459919815,0.045547374165247435,0.3503922627101204,Suya Platter,Grilled Catfish - Regular Portion
frozenset({'M083'}),"frozenset({'M145', 'M068'})",0.40491745429228143,0.019131910997510753,0.010367092350096804,0.025602977199924628,1.3382341786586727,1.0,0.0026202476532382465,1.0066410980852736,0.4247253288007753,0.02506051873198847,0.0065972848693596885,0.2837386770346582,Suya Platter,"Fresh Watermelon Juice, Chicken Suya - Regular Portion"
"frozenset({'M145', 'M068'})",frozenset({'M083'}),0.019131910997510753,0.40491745429228143,0.010367092350096804,0.5418743768693918,1.3382341786586724,1.0,0.0026202476532382465,1.2989505839931266,0.25767647324152243,0.02506051873198847,0.23014777288456761,0.2837386770346582,"Fresh Watermelon Juice, Chicken Suya - Regular Portion",Suya Platter
frozenset({'M023'}),"frozenset({'M026', 'M083'})",0.1710713297917998,0.10136288638162726,0.023194819315027992,0.13558566092434632,1.3376262827981404,1.0,0.005854535550187903,1.0395907066735086,0.30449789371344693,0.09306241151035088,0.03808297478936816,0.18220758394354314,Yam Porridge (Asaro) - Regular Portion,"Ofada Rice & Ayamase, Suya Platter"
"frozenset({'M026', 'M083'})",frozenset({'M023'}),0.10136288638162726,0.1710713297917998,0.023194819315027992,0.22882950696273993,1.3376262827981404,1.0,0.005854535550187903,1.0748967675662215,0.28087759818951347,0.09306241151035088,0.06967810288964085,0.18220758394354314,"Ofada Rice & Ayamase, Suya Platter",Yam Porridge (Asaro) - Regular Portion
frozenset({'M004'}),frozenset({'M019'}),0.10215448588950034,0.09061430029279645,0.012379471821918724,0.12118382970777707,1.3373587757804581,1.0,0.003122814561271302,1.034784896373511,0.28095868592919504,0.06862641429628848,0.033615581842581364,0.12890051394872065,Fried Rice - Small Portion,Basmati Rice & Chicken Sauce - Small Portion
frozenset({'M019'}),frozenset({'M004'}),0.09061430029279645,0.10215448588950034,0.012379471821918724,0.13661719818966425,1.3373587757804581,1.0,0.003122814561271302,1.0399159124178785,0.27739329515862005,0.06862641429628848,0.03838378847869648,0.12890051394872065,Basmati Rice & Chicken Sauce - Small Portion,Fried Rice - Small Portion
frozenset({'M066'}),"frozenset({'M026', 'M083'})",0.09942680565755214,0.10136288638162726,0.01347626632077901,0.13553956834532374,1.3371715544387974,1.0,0.003398078315624418,1.039535276239629,0.27999145850424534,0.07194501018329938,0.03803168314079938,0.13424513230965848,Beef Suya - Regular Portion,"Ofada Rice & Ayamase, Suya Platter"
"frozenset({'M026', 'M083'})",frozenset({'M066'}),0.10136288638162726,0.09942680565755214,0.01347626632077901,0.13295069627399322,1.3371715544387974,1.0,0.003398078315624418,1.0386643417766181,0.2805946898392311,0.07194501018329938,0.037225059358910295,0.13424513230965848,"Ofada Rice & Ayamase, Suya Platter",Beef Suya - Regular Portion
"frozenset({'M026', 'M015'})",frozenset({'M025'}),0.03938922852428685,0.35541864169154325,0.01871226788490334,0.4750605326876513,1.3366224417118264,1.0,0.004712601785523516,1.227915594932623,0.2621723368397644,0.049754019374144136,0.18561177647159763,0.2638545297474644,"Ofada Rice & Ayamase, Native Jollof (Palm Oil) - Large Portion",Party Jollof Rice
frozenset({'M025'}),"frozenset({'M026', 'M015'})",0.35541864169154325,0.03938922852428685,0.01871226788490334,0.05264852680727741,1.3366224417118264,1.0,0.004712601785523516,1.0139961763486836,0.39071184343919374,0.049754019374144136,0.013802987304234902,0.2638545297474644,Party Jollof Rice,"Ofada Rice & Ayamase, Native Jollof (Palm Oil) - Large Portion"
frozenset({'M083'}),"frozenset({'M073', 'M025'})",0.40491745429228143,0.019933047848852182,0.010786735462704219,0.026639344262295084,1.3364410934190918,1.0,0.002715496471460757,1.0068898371573898,0.423040554285045,0.02605090406541518,0.006842692122944519,0.2838938348105734,Suya Platter,"Grilled Catfish - Large Portion, Party Jollof Rice"
"frozenset({'M073', 'M025'})",frozenset({'M083'}),0.019933047848852182,0.40491745429228143,0.010786735462704219,0.5411483253588517,1.3364410934190918,1.0,0.002715496471460757,1.2968952247436203,0.25686413507668654,0.02605090406541518,0.22892768751023257,0.2838938348105734,"Grilled Catfish - Large Portion, Party Jollof Rice",Suya Platter
frozenset({'M044'}),frozenset({'M064'}),0.06184013504878351,0.1536752153055288,0.012694204156374284,0.2052745219000617,1.335768565490186,1.0,0.003190908088229501,1.0649272082202506,0.2679365534291434,0.06258816890811625,0.060968681914663043,0.1439393151919473,Ogbono Soup & Eba - Regular Portion,Isi Ewu
frozenset({'M064'}),frozenset({'M044'}),0.1536752153055288,0.06184013504878351,0.012694204156374284,0.08260410848383293,1.335768565490186,1.0,0.003190908088229501,1.0226336019455387,0.2970104684708304,0.06258816890811625,0.02213266012624525,0.1439393151919473,Isi Ewu,Ogbono Soup & Eba - Regular Portion
frozenset({'M058'}),frozenset({'M045'}),0.15923548654757705,0.08703779649216507,0.018511983672067984,0.11625539051269765,1.335688576665227,1.0,0.004652477799609084,1.0330611284152362,0.298921379609489,0.08127800343369207,0.03200307078241693,0.16447220544701285,Vegetable Soup & Eba - Small Portion,Ogbono Soup & Eba - Large Portion
frozenset({'M045'}),frozenset({'M058'}),0.08703779649216507,0.15923548654757705,0.018511983672067984,0.2126890203813281,1.335688576665227,1.0,0.004652477799609084,1.0678937995500086,0.2752824676884252,0.08127800343369207,0.0635772954001773,0.16447220544701285,Ogbono Soup & Eba - Large Portion,Vegetable Soup & Eba - Small Portion
"frozenset({'M035', 'M025'})",frozenset({'M026'}),0.05271289734957225,0.26049346215105246,0.018340311489637676,0.34792835172788134,1.3356509942891694,1.0,0.004608946359034563,1.1340878564625785,0.2652853832730893,0.06219879030953843,0.11823409949985922,0.2091671927423502,"Efo Riro & Amala - Regular Portion, Party Jollof Rice",Ofada Rice & Ayamase
frozenset({'M026'}),"frozenset({'M035', 'M025'})",0.26049346215105246,0.05271289734957225,0.018340311489637676,0.07040603375681909,1.3356509942891692,1.0,0.004608946359034563,1.019033187660147,0.3398231242515453,0.06219879030953843,0.018677691649915815,0.2091671927423502,Ofada Rice & Ayamase,"Efo Riro & Amala - Regular Portion, Party Jollof Rice"
frozenset({'M045'}),frozenset({'M035'}),0.08703779649216507,0.14032293444983834,0.016308857330879056,0.18737672583826429,1.3353250241873071,1.0,0.004095458319050607,1.05790357338333,0.2750592019353685,0.07727416512268967,0.05473426391608254,0.15180023677218726,Ogbono Soup & Eba - Large Portion,Efo Riro & Amala - Regular Portion
frozenset({'M035'}),frozenset({'M045'}),0.14032293444983834,0.08703779649216507,0.016308857330879056,0.11622374770611024,1.3353250241873071,1.0,0.004095458319050607,1.0330241405991523,0.2921081242679353,0.07727416512268967,0.031968411289980306,0.15180023677218726,Efo Riro & Amala - Regular Portion,Ogbono Soup & Eba - Large Portion
frozenset({'M089'}),frozenset({'M091'}),0.06436753106789635,0.14072350287550905,0.012093351517868212,0.18787968587938952,1.3350981324391644,1.0,0.003035327074545683,1.0580655134269639,0.2682585263249151,0.06266060486262108,0.0548789396215134,0.13690832819892892,Extra Fish,Boiled Yam & Egg Sauce
frozenset({'M091'}),frozenset({'M089'}),0.14072350287550905,0.06436753106789635,0.012093351517868212,0.08593697051846831,1.3350981324391644,1.0,0.003035327074545683,1.0235973217982641,0.29209618572996376,0.06266060486262108,0.023053325068111977,0.13690832819892892,Boiled Yam & Egg Sauce,Extra Fish
frozenset({'M083'}),"frozenset({'M080', 'M011'})",0.40491745429228143,0.018874402723865296,0.010185882824198148,0.025155455059355566,1.332781515123037,1.0,0.0025433077219633093,1.0064431322594851,0.4195879639592266,0.024627020545576125,0.0064018840736885674,0.2824109766453928,Suya Platter,"Grilled Titus Fish - Regular Portion, White Rice & Stew - Regular Portion"
"frozenset({'M080', 'M011'})",frozenset({'M083'}),0.018874402723865296,0.40491745429228143,0.010185882824198148,0.53966649823143,1.332781515123037,1.0,0.0025433077219633093,1.292720480741575,0.2544928747495523,0.024627020545576125,0.22643756720993133,0.2824109766453928,"Grilled Titus Fish - Regular Portion, White Rice & Stew - Regular Portion",Suya Platter
"frozenset({'M023', 'M145'})",frozenset({'M026'}),0.030986828928670208,0.26049346215105246,0.010748586088830817,0.3468759618344106,1.331611008468487,1.0,0.0026767197401191267,1.132260481371928,0.25699334810724384,0.03828775267538644,0.11681100201578304,0.19406918217667882,"Yam Porridge (Asaro) - Regular Portion, Fresh Watermelon Juice",Ofada Rice & Ayamase
frozenset({'M026'}),"frozenset({'M023', 'M145'})",0.26049346215105246,0.030986828928670208,0.010748586088830817,0.04126240251894702,1.331611008468487,1.0,0.0026767197401191267,1.0107178164466215,0.33675150448028307,0.03828775267538644,0.010604162974292968,0.19406918217667882,Ofada Rice & Ayamase,"Yam Porridge (Asaro) - Regular Portion, Fresh Watermelon Juice"
frozenset({'M023'}),"frozenset({'M026', 'M145'})",0.1710713297917998,0.04719077548139741,0.010748586088830817,0.06283101967999108,1.331425878024807,1.0,0.002675597373321901,1.0166888197614619,0.3002978762737428,0.05179704016913319,0.01641487487329454,0.14529990757645472,Yam Porridge (Asaro) - Regular Portion,"Ofada Rice & Ayamase, Fresh Watermelon Juice"
"frozenset({'M026', 'M145'})",frozenset({'M023'}),0.04719077548139741,0.1710713297917998,0.010748586088830817,0.22776879547291834,1.331425878024807,1.0,0.002675597373321901,1.0734203245721472,0.26125431286804285,0.05179704016913319,0.06839848556194585,0.14529990757645472,"Ofada Rice & Ayamase, Fresh Watermelon Juice",Yam Porridge (Asaro) - Regular Portion
frozenset({'M083'}),frozenset({'M070'}),0.40491745429228143,0.06133465584496094,0.03304689511783388,0.08161390616167327,1.3306328214830672,1.0,0.008211422413199096,1.0220813995908373,0.4175519530820438,0.07628461978776804,0.021604345407006748,0.31020518041717626,Suya Platter,Grilled Tilapia - Regular Portion
frozenset({'M070'}),frozenset({'M083'}),0.06133465584496094,0.40491745429228143,0.03304689511783388,0.5387964546726792,1.330632821483067,1.0,0.008211422413199096,1.2902818110068572,0.26471402268394756,0.07628461978776804,0.224975511962258,0.31020518041717626,Grilled Tilapia - Regular Portion,Suya Platter
frozenset({'M072'}),"frozenset({'M083', 'M085'})",0.11843473118997434,0.08618897292348189,0.013581177098930863,0.11467224995973586,1.3304747239712587,1.0,0.0033734092591983077,1.032172579064599,0.28175857897436063,0.07108981079327042,0.031169767262907985,0.1361233331241636,Grilled Catfish - Regular Portion,"Suya Platter, Fried Plantain (Dodo)"
"frozenset({'M083', 'M085'})",frozenset({'M072'}),0.08618897292348189,0.11843473118997434,0.013581177098930863,0.15757441628859134,1.3304747239712587,1.0,0.0033734092591983077,1.0464607033017472,0.2718161305272411,0.07108981079327042,0.044397943616187846,0.1361233331241636,"Suya Platter, Fried Plantain (Dodo)",Grilled Catfish - Regular Portion
frozenset({'M017'}),frozenset({'M004'}),0.1432508988946219,0.10215448588950034,0.019456180675434663,0.13581890812250333,1.3295442382179625,1.0,0.004822458745645771,1.0389552867441991,0.2893058883336705,0.08610864885399519,0.037494671080864635,0.16313865768369587,Concoction Rice - Regular Portion,Fried Rice - Small Portion
frozenset({'M004'}),frozenset({'M017'}),0.10215448588950034,0.1432508988946219,0.019456180675434663,0.1904584072448884,1.3295442382179623,1.0,0.004822458745645771,1.0583138763625537,0.27606370570322875,0.08610864885399519,0.055100738698598425,0.16313865768369587,Fried Rice - Small Portion,Concoction Rice - Regular Portion
frozenset({'M083'}),"frozenset({'M025', 'M072'})",0.40491745429228143,0.045092559918360337,0.02427253912695158,0.05994441303938195,1.32936371649582,1.0,0.006013774557286949,1.015798909476237,0.416346311311845,0.05701292591679921,0.015553186097023036,0.29911349247569774,Suya Platter,"Party Jollof Rice, Grilled Catfish - Regular Portion"
"frozenset({'M025', 'M072'})",frozenset({'M083'}),0.045092559918360337,0.40491745429228143,0.02427253912695158,0.5382825719120136,1.32936371649582,1.0,0.006013774557286949,1.2888457517664194,0.25946014496471914,0.05701292591679921,0.2241119632590197,0.29911349247569774,"Party Jollof Rice, Grilled Catfish - Regular Portion",Suya Platter
frozenset({'M083'}),frozenset({'M078'}),0.40491745429228143,0.09819648835013495,0.052846420158129154,0.13051158846806105,1.3290861074654885,1.0,0.013084948074950843,1.0371656478560658,0.4160822775657801,0.11736671538412657,0.03583385926143165,0.3343408758191121,Suya Platter,Roasted Turkey Wings - Regular Portion
frozenset({'M078'}),frozenset({'M083'}),0.09819648835013495,0.40491745429228143,0.052846420158129154,0.5381701631701632,1.3290861074654885,1.0,0.013084948074950843,1.2885320484977225,0.2745645783799571,0.11736671538412657,0.22392306720978894,0.3343408758191121,Roasted Turkey Wings - Regular Portion,Suya Platter
frozenset({'M025'}),"frozenset({'M017', 'M020'})",0.35541864169154325,0.02132549999523133,0.010071434702577944,0.02833682176783127,1.3287764307597836,1.0,0.0024919544608798137,1.0072157944539548,0.38385837363051245,0.027467096707069656,0.00716409978247699,0.25030436795010524,Party Jollof Rice,"Concoction Rice - Regular Portion, Basmati Rice & Chicken Sauce - Regular Portion"
"frozenset({'M017', 'M020'})",frozenset({'M025'}),0.02132549999523133,0.35541864169154325,0.010071434702577944,0.47227191413237923,1.3287764307597836,1.0,0.0024919544608798137,1.2214270484556857,0.2528194531191169,0.027467096707069656,0.1812855288702241,0.25030436795010524,"Concoction Rice - Regular Portion, Basmati Rice & Chicken Sauce - Regular Portion",Party Jollof Rice
frozenset({'M137'}),frozenset({'M141'}),0.056995164566861545,0.14290755452976128,0.01081534749310927,0.18975903614457834,1.3278446809126523,1.0,0.002670307904837785,1.0578241334428224,0.2618224871069372,0.0571976192878039,0.054663276829038286,0.13271988112621336,Fanta (50cl),Fresh Orange Juice
frozenset({'M141'}),frozenset({'M137'}),0.14290755452976128,0.056995164566861545,0.01081534749310927,0.07568072610784837,1.3278446809126523,1.0,0.002670307904837785,1.020215484052718,0.2880667921784238,0.0571976192878039,0.019814915935615778,0.13271988112621336,Fresh Orange Juice,Fanta (50cl)
frozenset({'M081'}),frozenset({'M083'}),0.0468474311165368,0.40491745429228143,0.02518812409991321,0.5376628664495113,1.3278332676205415,1.0,0.006218781552072117,1.2871182142299926,0.25902820409961624,0.059047108010821206,0.2230705859459526,0.2999342219943053,Grilled Titus Fish - Large Portion,Suya Platter
frozenset({'M083'}),frozenset({'M081'}),0.40491745429228143,0.0468474311165368,0.02518812409991321,0.0622055775390993,1.3278332676205415,1.0,0.006218781552072117,1.0163768796814345,0.41488932910508125,0.059047108010821206,0.01611299903493231,0.2999342219943053,Suya Platter,Grilled Titus Fish - Large Portion
frozenset({'M025'}),"frozenset({'M011', 'M141'})",0.35541864169154325,0.026227694537963395,0.012369934478450372,0.03480384264477003,1.326988256417012,1.0,0.0030481229110667137,1.0088853939600282,0.38228506790814654,0.033497765954699235,0.008807139059820985,0.2532201031405668,Party Jollof Rice,"White Rice & Stew - Regular Portion, Fresh Orange Juice"
"frozenset({'M011', 'M141'})",frozenset({'M025'}),0.026227694537963395,0.35541864169154325,0.012369934478450372,0.47163636363636363,1.326988256417012,1.0,0.0030481229110667137,1.219957835752413,0.2530507665407007,0.033497765954699235,0.18029953930067857,0.2532201031405668,"White Rice & Stew - Regular Portion, Fresh Orange Juice",Party Jollof Rice
frozenset({'M020'}),"frozenset({'M023', 'M025'})",0.12081906705706193,0.07229306349009547,0.011587872314045646,0.09591095674139564,1.3266965336796932,1.0,0.002853491828475366,1.0261234149748948,0.28008810886950625,0.06383649450953607,0.025458355782217463,0.12810059710420707,Basmati Rice & Chicken Sauce - Regular Portion,"Yam Porridge (Asaro) - Regular Portion, Party Jollof Rice"
"frozenset({'M023', 'M025'})",frozenset({'M020'}),0.07229306349009547,0.12081906705706193,0.011587872314045646,0.16029023746701848,1.3266965336796932,1.0,0.002853491828475366,1.0470057300404512,0.2654374082708895,0.06383649450953607,0.044895389482381295,0.12810059710420707,"Yam Porridge (Asaro) - Regular Portion, Party Jollof Rice",Basmati Rice & Chicken Sauce - Regular Portion
frozenset({'M140'}),frozenset({'M136'}),0.13895909433386425,0.08769587319148124,0.016165797178853802,0.11633493479752917,1.3265725120669638,1.0,0.003979658063348164,1.0324094079689414,0.28590703970190223,0.07680108744902583,0.03139201146248778,0.1503371248212768,Malt (Maltina),Coke (50cl)
frozenset({'M136'}),frozenset({'M140'}),0.08769587319148124,0.13895909433386425,0.016165797178853802,0.18433931484502447,1.3265725120669636,1.0,0.003979658063348164,1.0556361503466825,0.26984165605218113,0.07680108744902583,0.05270390780801786,0.1503371248212768,Coke (50cl),Malt (Maltina)
frozenset({'M078'}),"frozenset({'M083', 'M025'})",0.09819648835013495,0.15090938569970722,0.01964692754480167,0.2000777000777001,1.3258134949659945,1.0,0.00482815581001435,1.0614663628989576,0.2725051480286041,0.0856228438422212,0.057907028472468564,0.16513396474529002,Roasted Turkey Wings - Regular Portion,"Suya Platter, Party Jollof Rice"
"frozenset({'M083', 'M025'})",frozenset({'M078'}),0.15090938569970722,0.09819648835013495,0.01964692754480167,0.13019022941287997,1.3258134949659945,1.0,0.00482815581001435,1.036782457664449,0.2894227015303574,0.0856228438422212,0.03547750773803478,0.16513396474529002,"Suya Platter, Party Jollof Rice",Roasted Turkey Wings - Regular Portion
frozenset({'M024'}),frozenset({'M020'}),0.07020438527052675,0.12081906705706193,0.011244527949185033,0.16016845537291127,1.325688562859577,1.0,0.0027624996174854515,1.0468539060810365,0.26422475552830665,0.06254641909814324,0.04475687181264571,0.12661880299431796,Yam Porridge (Asaro) - Large Portion,Basmati Rice & Chicken Sauce - Regular Portion
frozenset({'M020'}),frozenset({'M024'}),0.12081906705706193,0.07020438527052675,0.011244527949185033,0.09306915061572466,1.325688562859577,1.0,0.0027624996174854515,1.025211145216552,0.279436245473185,0.06254641909814324,0.024591173568667,0.12661880299431796,Basmati Rice & Chicken Sauce - Regular Portion,Yam Porridge (Asaro) - Large Portion
frozenset({'M026'}),"frozenset({'M023', 'M083', 'M025'})",0.26049346215105246,0.029680212873506213,0.010243106885008249,0.03932193460989272,1.3248535237088246,1.0,0.0025116054762083784,1.0100363712712346,0.33157188548338606,0.0365915982419679,0.009936643428595347,0.19221880792191293,Ofada Rice & Ayamase,"Yam Porridge (Asaro) - Regular Portion, Suya Platter, Party Jollof Rice"
"frozenset({'M023', 'M083', 'M025'})",frozenset({'M026'}),0.029680212873506213,0.26049346215105246,0.010243106885008249,0.34511568123393316,1.3248535237088246,1.0,0.0025116054762083784,1.1292170489626716,0.25269975974415704,0.0365915982419679,0.11443065713661849,0.19221880792191293,"Yam Porridge (Asaro) - Regular Portion, Suya Platter, Party Jollof Rice",Ofada Rice & Ayamase
"frozenset({'M017', 'M025'})",frozenset({'M026'}),0.0630132282953906,0.26049346215105246,0.021745143107838743,0.345088542454972,1.3247493415203848,1.0,0.005330609107857782,1.1291702555045058,0.26162612403632335,0.0720606826801517,0.11439395863894178,0.2142826375731822,"Concoction Rice - Regular Portion, Party Jollof Rice",Ofada Rice & Ayamase
frozenset({'M026'}),"frozenset({'M017', 'M025'})",0.26049346215105246,0.0630132282953906,0.021745143107838743,0.08347673269139237,1.3247493415203846,1.0,0.005330609107857782,1.0223273157659087,0.33149161610854744,0.0720606826801517,0.02183969402126523,0.2142826375731822,Ofada Rice & Ayamase,"Concoction Rice - Regular Portion, Party Jollof Rice"
frozenset({'M137'}),frozenset({'M140'}),0.056995164566861545,0.13895909433386425,0.010491077815185358,0.18406961178045517,1.324631631077042,1.0,0.002571081365564727,1.0552872133430737,0.25988534651189515,0.05656690321917104,0.05239067871193833,0.1297836047920807,Fanta (50cl),Malt (Maltina)
frozenset({'M140'}),frozenset({'M137'}),0.13895909433386425,0.056995164566861545,0.010491077815185358,0.07549759780370624,1.324631631077042,1.0,0.002571081365564727,1.0200133966043672,0.28462426907503935,0.05656690321917104,0.01962071936603189,0.1297836047920807,Malt (Maltina),Fanta (50cl)
frozenset({'M051'}),frozenset({'M058'}),0.05214065674147123,0.15923548654757705,0.010996557019007926,0.21090177428205598,1.3244646583162345,1.0,0.002693914173869551,1.065475103162818,0.25845392352363233,0.054878629224178965,0.06145155618226816,0.13998011569876637,Okro Soup & Semo - Large Portion,Vegetable Soup & Eba - Small Portion
frozenset({'M058'}),frozenset({'M051'}),0.15923548654757705,0.05214065674147123,0.010996557019007926,0.06905845711547676,1.3244646583162343,1.0,0.002693914173869551,1.0181727848577748,0.2913752451417693,0.054878629224178965,0.01784842919398347,0.13998011569876637,Vegetable Soup & Eba - Small Portion,Okro Soup & Semo - Large Portion
"frozenset({'M083', 'M011'})",frozenset({'M072'}),0.07616522493824571,0.11843473118997434,0.011940754022374607,0.15677435512146254,1.3237194321823538,1.0,0.002920146080789547,1.045467810620265,0.2647149807816913,0.06537176274018378,0.04349039746454696,0.1287978717143792,"Suya Platter, White Rice & Stew - Regular Portion",Grilled Catfish - Regular Portion
frozenset({'M072'}),"frozenset({'M083', 'M011'})",0.11843473118997434,0.07616522493824571,0.011940754022374607,0.10082138830729585,1.3237194321823538,1.0,0.002920146080789547,1.027420762736599,0.27740759916283714,0.06537176274018378,0.02668893186814925,0.1287978717143792,Grilled Catfish - Regular Portion,"Suya Platter, White Rice & Stew - Regular Portion"
frozenset({'M023'}),frozenset({'M004'}),0.1710713297917998,0.10215448588950034,0.02312805791074954,0.13519540614372527,1.3234407179138958,1.0,0.00565235416543507,1.038206226572978,0.2948309277876058,0.09247607062502385,0.036800228697426586,0.1807990848289348,Yam Porridge (Asaro) - Regular Portion,Fried Rice - Small Portion
frozenset({'M004'}),frozenset({'M023'}),0.10215448588950034,0.1710713297917998,0.02312805791074954,0.22640276351414432,1.3234407179138956,1.0,0.00565235416543507,1.0715248595945006,0.2722002895446353,0.09247607062502385,0.06675053682055304,0.1807990848289348,Fried Rice - Small Portion,Yam Porridge (Asaro) - Regular Portion
frozenset({'M020'}),"frozenset({'M017', 'M025'})",0.12081906705706193,0.0630132282953906,0.010071434702577944,0.08335964635301547,1.322891218368401,1.0,0.002458235247675195,1.0221967295861172,0.27762197493194535,0.05796146879631153,0.021714733518179482,0.12159506458713282,Basmati Rice & Chicken Sauce - Regular Portion,"Concoction Rice - Regular Portion, Party Jollof Rice"
"frozenset({'M017', 'M025'})",frozenset({'M020'}),0.0630132282953906,0.12081906705706193,0.010071434702577944,0.15983048282125017,1.322891218368401,1.0,0.002458235247675195,1.046432791200503,0.26049454943967587,0.05796146879631153,0.04437245429516182,0.12159506458713282,"Concoction Rice - Regular Portion, Party Jollof Rice",Basmati Rice & Chicken Sauce - Regular Portion
frozenset({'M025'}),"frozenset({'M017', 'M008'})",0.35541864169154325,0.021830979199053895,0.01026218157194495,0.028873503998282615,1.3225931706963436,1.0,0.0025030445982208802,1.0072519129363928,0.37840002112168813,0.027963304659684503,0.00719970132918557,0.24947388611884422,Party Jollof Rice,"Concoction Rice - Regular Portion, Coconut Rice - Regular Portion"
"frozenset({'M017', 'M008'})",frozenset({'M025'}),0.021830979199053895,0.35541864169154325,0.01026218157194495,0.47007426823940585,1.3225931706963436,1.0,0.0025030445982208802,1.216361689338877,0.2493532246593211,0.027963304659684503,0.17787611303055326,0.24947388611884422,"Concoction Rice - Regular Portion, Coconut Rice - Regular Portion",Party Jollof Rice
"frozenset({'M139', 'M011'})",frozenset({'M025'}),0.02402456819677447,0.35541864169154325,0.011292214666526785,0.47002778880508134,1.32246239693022,1.0,0.002753435270803354,1.2162550124187284,0.24983705989830654,0.030672780497914564,0.17780400508991023,0.25089968842390065,"Bottled Water, White Rice & Stew - Regular Portion",Party Jollof Rice
frozenset({'M025'}),"frozenset({'M139', 'M011'})",0.35541864169154325,0.02402456819677447,0.011292214666526785,0.0317715880427199,1.32246239693022,1.0,0.002753435270803354,1.0080012316828058,0.3782840277208479,0.030672780497914564,0.007937720144893329,0.25089968842390065,Party Jollof Rice,"Bottled Water, White Rice & Stew - Regular Portion"
"frozenset({'M023', 'M004'})",frozenset({'M025'}),0.02312805791074954,0.35541864169154325,0.010863034210451022,0.4696907216494846,1.321514030367362,1.0,0.0026428912828490685,1.2154819548196016,0.24905227623850654,0.029544511309400293,0.1772810809450338,0.2501273873368445,"Yam Porridge (Asaro) - Regular Portion, Fried Rice - Small Portion",Party Jollof Rice
frozenset({'M025'}),"frozenset({'M023', 'M004'})",0.35541864169154325,0.02312805791074954,0.010863034210451022,0.03056405302420437,1.3215140303673618,1.0,0.0026428912828490685,1.0076704346859138,0.37744216092335975,0.029544511309400293,0.007612046976752508,0.2501273873368445,Party Jollof Rice,"Yam Porridge (Asaro) - Regular Portion, Fried Rice - Small Portion"
frozenset({'M026'}),"frozenset({'M025', 'M086'})",0.26049346215105246,0.03921755634185654,0.013495341007715711,0.05180683191154395,1.3210112190557624,1.0,0.0032794239791215374,1.013277121153559,0.32860312331069946,0.04715094968343885,0.013103149056048749,0.19796080895188092,Ofada Rice & Ayamase,"Party Jollof Rice, Moi Moi"
"frozenset({'M025', 'M086'})",frozenset({'M026'}),0.03921755634185654,0.26049346215105246,0.013495341007715711,0.3441147859922179,1.3210112190557624,1.0,0.0032794239791215374,1.127493838945077,0.2529231873977805,0.04715094968343885,0.11307719345443572,0.19796080895188092,"Party Jollof Rice, Moi Moi",Ofada Rice & Ayamase
"frozenset({'M011', 'M025'})",frozenset({'M015'}),0.07722387006323259,0.11913095726316392,0.012150575578678316,0.15734222551562307,1.3207501150859495,1.0,0.002950822014479231,1.0453461291279733,0.2631781391633329,0.06596251423837632,0.04337905681613897,0.12966783039450996,"White Rice & Stew - Regular Portion, Party Jollof Rice",Native Jollof (Palm Oil) - Large Portion
frozenset({'M015'}),"frozenset({'M011', 'M025'})",0.11913095726316392,0.07722387006323259,0.012150575578678316,0.10199343527339685,1.3207501150859495,1.0,0.002950822014479231,1.0275828331140378,0.2756987621980198,0.06596251423837632,0.026842442502128427,0.12966783039450996,Native Jollof (Palm Oil) - Large Portion,"White Rice & Stew - Regular Portion, Party Jollof Rice"
frozenset({'M058'}),frozenset({'M056'}),0.15923548654757705,0.0732086484630571,0.015393272357917426,0.09666986104456157,1.320470505521538,1.0,0.0037358576004120018,1.0259719138881314,0.2886589233211724,0.07092011600316372,0.025314449193551077,0.15346781223150435,Vegetable Soup & Eba - Small Portion,Bitterleaf Soup & Pounded Yam - Regular Portion
frozenset({'M056'}),frozenset({'M058'}),0.0732086484630571,0.15923548654757705,0.015393272357917426,0.21026576341844713,1.320470505521538,1.0,0.0037358576004120018,1.0646170249522928,0.26186495894394596,0.07092011600316372,0.060695088879673294,0.15346781223150435,Bitterleaf Soup & Pounded Yam - Regular Portion,Vegetable Soup & Eba - Small Portion
"frozenset({'M083', 'M025'})",frozenset({'M066'}),0.15090938569970722,0.09942680565755214,0.019789987696826924,0.1311382165202553,1.318942267660939,1.0,0.004785549532961557,1.0364976472272731,0.28479492846706944,0.0858395730774004,0.03521247474599464,0.1650894919531732,"Suya Platter, Party Jollof Rice",Beef Suya - Regular Portion
frozenset({'M066'}),"frozenset({'M083', 'M025'})",0.09942680565755214,0.15090938569970722,0.019789987696826924,0.1990407673860911,1.318942267660939,1.0,0.004785549532961557,1.0600921741413833,0.268514211038975,0.0858395730774004,0.056685801109752416,0.1650894919531732,Beef Suya - Regular Portion,"Suya Platter, Party Jollof Rice"
"frozenset({'M139', 'M025'})",frozenset({'M011'}),0.04926037901402943,0.1738180847106847,0.011292214666526785,0.2292352371732817,1.3188227079756247,1.0,0.0027298699341857836,1.0718989179777225,0.2542735795126427,0.05331892281365396,0.06707621098579826,0.1471004718102348,"Bottled Water, Party Jollof Rice",White Rice & Stew - Regular Portion
frozenset({'M011'}),"frozenset({'M139', 'M025'})",0.1738180847106847,0.04926037901402943,0.011292214666526785,0.06496570644718792,1.3188227079756247,1.0,0.0027298699341857836,1.0167965255835523,0.2926086399845,0.05331892281365396,0.01651906272389404,0.1471004718102348,White Rice & Stew - Regular Portion,"Bottled Water, Party Jollof Rice"
frozenset({'M093'}),frozenset({'M095'}),0.14924988793621424,0.09005159702816377,0.017710846820726555,0.11866572943958081,1.3177526368851395,1.0,0.004270656055795989,1.032466832809329,0.283434853957951,0.07992597056038564,0.03144588453363402,0.15767008141116934,Akara (5 pcs),Ponmo (Cow Skin)
frozenset({'M095'}),frozenset({'M093'}),0.09005159702816377,0.14924988793621424,0.017710846820726555,0.1966744333827579,1.3177526368851395,1.0,0.004270656055795989,1.0590352746349723,0.2649955019207532,0.07992597056038564,0.055744389303104734,0.15767008141116934,Ponmo (Cow Skin),Akara (5 pcs)
frozenset({'M035'}),frozenset({'M050'}),0.14032293444983834,0.10893553709549741,0.02014286940515589,0.1435465234826344,1.3177198856310368,1.0,0.004856715174046471,1.0404119865656651,0.28046970444981,0.0879157474087333,0.038842292368297865,0.16422642230864343,Efo Riro & Amala - Regular Portion,Okro Soup & Semo - Regular Portion
frozenset({'M050'}),frozenset({'M035'}),0.10893553709549741,0.14032293444983834,0.02014286940515589,0.18490632113465244,1.3177198856310366,1.0,0.004856715174046471,1.0546972548564926,0.2705902687569916,0.0879157474087333,0.05186062123953763,0.16422642230864343,Okro Soup & Semo - Regular Portion,Efo Riro & Amala - Regular Portion
"frozenset({'M083', 'M145'})",frozenset({'M140'}),0.07371412766687967,0.13895909433386425,0.01347626632077901,0.18281795833872427,1.3156242793255717,1.0,0.003233017900578566,1.0536708612877712,0.2589962547451828,0.06765297328353921,0.050937027168214556,0.139899027213288,"Suya Platter, Fresh Watermelon Juice",Malt (Maltina)
frozenset({'M140'}),"frozenset({'M083', 'M145'})",0.13895909433386425,0.07371412766687967,0.01347626632077901,0.09698009608785174,1.3156242793255717,1.0,0.003233017900578566,1.0257646241463527,0.2786215732364688,0.06765297328353921,0.025117481671581548,0.139899027213288,Malt (Maltina),"Suya Platter, Fresh Watermelon Juice"
frozenset({'M025'}),"frozenset({'M026', 'M024'})",0.35541864169154325,0.026561501559355657,0.012417621195792124,0.03493801320238287,1.3153628805325122,1.0,0.002977168390278128,1.0086797654012083,0.371952301743938,0.033600867119151466,0.008605075365773582,0.251221250766362,Party Jollof Rice,"Ofada Rice & Ayamase, Yam Porridge (Asaro) - Large Portion"
"frozenset({'M026', 'M024'})",frozenset({'M025'}),0.026561501559355657,0.35541864169154325,0.012417621195792124,0.46750448833034114,1.3153628805325122,1.0,0.002977168390278128,1.2104916270324022,0.24629549814202625,0.033600867119151466,0.17388937051009246,0.251221250766362,"Ofada Rice & Ayamase, Yam Porridge (Asaro) - Large Portion",Party Jollof Rice
frozenset({'M072'}),"frozenset({'M026', 'M083'})",0.11843473118997434,0.10136288638162726,0.015784303440119787,0.13327427927202448,1.3148232457612947,1.0,0.0037794172388718513,1.0368183291752255,0.27160949403933393,0.07736898695713149,0.03551087798044044,0.1444975084730465,Grilled Catfish - Regular Portion,"Ofada Rice & Ayamase, Suya Platter"
"frozenset({'M026', 'M083'})",frozenset({'M072'}),0.10136288638162726,0.11843473118997434,0.015784303440119787,0.1557207376740685,1.3148232457612945,1.0,0.0037794172388718513,1.0441631201284913,0.26644959683450703,0.07736898695713149,0.04229523077108561,0.1444975084730465,"Ofada Rice & Ayamase, Suya Platter",Grilled Catfish - Regular Portion
frozenset({'M072'}),"frozenset({'M023', 'M083'})",0.11843473118997434,0.06897406796310955,0.010739048745362467,0.09067482686422935,1.3146219955117966,1.0,0.0025701235470725666,1.0238646850898074,0.2714774211473882,0.06078600734182683,0.023308436590636174,0.12318586475954832,Grilled Catfish - Regular Portion,"Yam Porridge (Asaro) - Regular Portion, Suya Platter"
"frozenset({'M023', 'M083'})",frozenset({'M072'}),0.06897406796310955,0.11843473118997434,0.010739048745362467,0.15569690265486727,1.3146219955117964,1.0,0.0025701235470725666,1.0441336429797092,0.25705520922071046,0.06078600734182683,0.042268193613379294,0.12318586475954832,"Yam Porridge (Asaro) - Regular Portion, Suya Platter",Grilled Catfish - Regular Portion
frozenset({'M080'}),frozenset({'M083'}),0.10570237765972666,0.40491745429228143,0.05624171443286187,0.5320761526662455,1.3140361005089625,1.0,0.01344097675824403,1.2717508395832324,0.26723307133057134,0.12377733932244657,0.2136824534531374,0.3354864464103792,Grilled Titus Fish - Regular Portion,Suya Platter
frozenset({'M083'}),frozenset({'M080'}),0.40491745429228143,0.10570237765972666,0.05624171443286187,0.1388967401545129,1.3140361005089625,1.0,0.01344097675824403,1.0385486434004936,0.4016012602375993,0.12377733932244657,0.03711780246929476,0.3354864464103792,Suya Platter,Grilled Titus Fish - Regular Portion
frozenset({'M008'}),"frozenset({'M017', 'M025'})",0.12407130117976939,0.0630132282953906,0.01026218157194495,0.08271196863709739,1.3126127778974266,1.0,0.002444048345797976,1.0214749780529007,0.2718950757438688,0.058036677454153175,0.02102349887594456,0.12278477196801138,Coconut Rice - Regular Portion,"Concoction Rice - Regular Portion, Party Jollof Rice"
"frozenset({'M017', 'M025'})",frozenset({'M008'}),0.0630132282953906,0.12407130117976939,0.01026218157194495,0.16285757529892536,1.3126127778974266,1.0,0.002444048345797976,1.0463317506970284,0.2541772275810064,0.058036677454153175,0.04428017277136411,0.12278477196801138,"Concoction Rice - Regular Portion, Party Jollof Rice",Coconut Rice - Regular Portion
frozenset({'M035'}),frozenset({'M024'}),0.14032293444983834,0.07020438527052675,0.012923100399614692,0.09209542581390608,1.3118187056125343,1.0,0.0030718150472073703,1.0241116094860563,0.2764986430400815,0.06539890921376515,0.023543927500398666,0.13808683802582275,Efo Riro & Amala - Regular Portion,Yam Porridge (Asaro) - Large Portion
frozenset({'M024'}),frozenset({'M035'}),0.07020438527052675,0.14032293444983834,0.012923100399614692,0.18407825023773944,1.3118187056125343,1.0,0.0030718150472073703,1.0536268530660573,0.25564708879215164,0.06539890921376515,0.050897386403927505,0.13808683802582275,Yam Porridge (Asaro) - Large Portion,Efo Riro & Amala - Regular Portion
"frozenset({'M026', 'M017'})",frozenset({'M025'}),0.04664714690370144,0.35541864169154325,0.021745143107838743,0.4661623389899816,1.3115866313915785,1.0,0.0051658775165393,1.2074482663679287,0.24918859649122813,0.057175815633071704,0.17180716735131404,0.26367205663071774,"Ofada Rice & Ayamase, Concoction Rice - Regular Portion",Party Jollof Rice
frozenset({'M025'}),"frozenset({'M026', 'M017'})",0.35541864169154325,0.04664714690370144,0.021745143107838743,0.061181774271453875,1.3115866313915785,1.0,0.0051658775165393,1.0154818334044093,0.36855651557687596,0.057175815633071704,0.015245800461546723,0.26367205663071774,Party Jollof Rice,"Ofada Rice & Ayamase, Concoction Rice - Regular Portion"
frozenset({'M015'}),frozenset({'M022'}),0.11913095726316392,0.09234055946056785,0.014420463324145693,0.12104715395084462,1.310877415709565,1.0,0.003419844081392138,1.0326599937861416,0.2692252223299214,0.07318135617830696,0.031627054386407435,0.13860661766949378,Native Jollof (Palm Oil) - Large Portion,Yam Porridge (Asaro) - Small Portion
frozenset({'M022'}),frozenset({'M015'}),0.09234055946056785,0.11913095726316392,0.014420463324145693,0.15616608138814295,1.310877415709565,1.0,0.003419844081392138,1.0438891152727108,0.2612787938760683,0.07318135617830696,0.04204384798211538,0.13860661766949378,Yam Porridge (Asaro) - Small Portion,Native Jollof (Palm Oil) - Large Portion
frozenset({'M140'}),frozenset({'M145'}),0.13895909433386425,0.18876310192558965,0.03437258585993457,0.24735758407687028,1.3104127954751377,1.0,0.008142236172703727,1.077851687483509,0.2751108418049202,0.11717276806034203,0.07222857132159942,0.21472567966980133,Malt (Maltina),Fresh Watermelon Juice
frozenset({'M145'}),frozenset({'M140'}),0.18876310192558965,0.13895909433386425,0.03437258585993457,0.1820937752627324,1.3104127954751377,1.0,0.008142236172703727,1.0527379296357895,0.2920006337834915,0.11717276806034203,0.05009597179996627,0.21472567966980133,Fresh Watermelon Juice,Malt (Maltina)
frozenset({'M025'}),"frozenset({'M011', 'M020'})",0.35541864169154325,0.02547424440396372,0.011864455274627804,0.033381634734073955,1.3104072570207368,1.0,0.0028104339304526223,1.0081804677153374,0.36749195427836845,0.03215051818158323,0.008114090658664986,0.24956240104356261,Party Jollof Rice,"White Rice & Stew - Regular Portion, Basmati Rice & Chicken Sauce - Regular Portion"
"frozenset({'M011', 'M020'})",frozenset({'M025'}),0.02547424440396372,0.35541864169154325,0.011864455274627804,0.46574316735305127,1.3104072570207368,1.0,0.0028104339304526223,1.2065009166376228,0.2430705003905219,0.03215051818158323,0.17115686676237002,0.24956240104356261,"White Rice & Stew - Regular Portion, Basmati Rice & Chicken Sauce - Regular Portion",Party Jollof Rice
"frozenset({'M026', 'M025'})",frozenset({'M019'}),0.10765753307073847,0.09061430029279645,0.012780040247589436,0.11871013465627216,1.3100596072881583,1.0,0.003024728217135876,1.0318803556790221,0.2652299567966097,0.0688981438634377,0.03089539935862393,0.12987396007626784,"Ofada Rice & Ayamase, Party Jollof Rice",Basmati Rice & Chicken Sauce - Small Portion
frozenset({'M019'}),"frozenset({'M026', 'M025'})",0.09061430029279645,0.10765753307073847,0.012780040247589436,0.14103778549626353,1.310059607288158,1.0,0.003024728217135876,1.0388611418079787,0.26025915519413945,0.0688981438634377,0.03740744575386347,0.12987396007626784,Basmati Rice & Chicken Sauce - Small Portion,"Ofada Rice & Ayamase, Party Jollof Rice"
frozenset({'M036'}),frozenset({'M026'}),0.035869948784465575,0.26049346215105246,0.012226874326425118,0.34086679074714177,1.3085425942455446,1.0,0.002882987180378745,1.1219379140177055,0.24456350120658304,0.043031686358754026,0.10868508185184761,0.19390207329251058,Efo Riro & Amala - Large Portion,Ofada Rice & Ayamase
frozenset({'M026'}),frozenset({'M036'}),0.26049346215105246,0.035869948784465575,0.012226874326425118,0.0469373558378794,1.3085425942455444,1.0,0.002882987180378745,1.0116124654776955,0.3188491363843984,0.043031686358754026,0.011479164081091035,0.19390207329251058,Ofada Rice & Ayamase,Efo Riro & Amala - Large Portion
frozenset({'M064'}),frozenset({'M047'}),0.1536752153055288,0.07409562140561368,0.014897330497563208,0.09694035871656426,1.308314268476056,1.0,0.003510669924858576,1.025297041597921,0.2784482460833858,0.06998207885304658,0.0246728904615735,0.14899791780595878,Isi Ewu,Edikang Ikong & Fufu - Regular Portion
frozenset({'M047'}),frozenset({'M064'}),0.07409562140561368,0.1536752153055288,0.014897330497563208,0.2010554768953533,1.3083142684760558,1.0,0.003510669924858576,1.0593035689207906,0.2545161869445159,0.06998207885304658,0.05598354490696983,0.14899791780595878,Edikang Ikong & Fufu - Regular Portion,Isi Ewu
frozenset({'M141'}),frozenset({'M139'}),0.14290755452976128,0.1387206607471555,0.025922499546976185,0.18139348638547784,1.3076169433484863,1.0,0.006098269156847545,1.0521286172643585,0.2744745274090884,0.10137630077207115,0.0495458600868573,0.1841309130105457,Fresh Orange Juice,Bottled Water
frozenset({'M139'}),frozenset({'M141'}),0.1387206607471555,0.14290755452976128,0.025922499546976185,0.18686833963561358,1.3076169433484863,1.0,0.006098269156847545,1.0540635511426921,0.2731402382418947,0.10137630077207115,0.05129059920920605,0.1841309130105457,Bottled Water,Fresh Orange Juice
frozenset({'M137'}),frozenset({'M145'}),0.056995164566861545,0.18876310192558965,0.01406758161581673,0.2468206157965194,1.3075681278739317,1.0,0.003308997557416489,1.0770832488097482,0.2494382686579957,0.06071707899394887,0.07156665828284903,0.16067283821353862,Fanta (50cl),Fresh Watermelon Juice
frozenset({'M145'}),frozenset({'M137'}),0.18876310192558965,0.056995164566861545,0.01406758161581673,0.0745250606305578,1.3075681278739317,1.0,0.003308997557416489,1.0189415135061788,0.2899541355242752,0.06071707899394887,0.0185894020953185,0.16067283821353862,Fresh Watermelon Juice,Fanta (50cl)
frozenset({'M026'}),"frozenset({'M025', 'M019'})",0.26049346215105246,0.037529446547958534,0.012780040247589436,0.04906088675722183,1.3072637960308682,1.0,0.0030038647836988543,1.012126370709414,0.3178382347336289,0.04480406580179216,0.01198108364760262,0.19479727946501496,Ofada Rice & Ayamase,"Party Jollof Rice, Basmati Rice & Chicken Sauce - Small Portion"
"frozenset({'M025', 'M019'})",frozenset({'M026'}),0.037529446547958534,0.26049346215105246,0.012780040247589436,0.3405336721728081,1.3072637960308682,1.0,0.0030038647836988543,1.1213711855243194,0.24420846094550036,0.04480406580179216,0.10823462123076558,0.19479727946501496,"Party Jollof Rice, Basmati Rice & Chicken Sauce - Small Portion",Ofada Rice & Ayamase
frozenset({'M017'}),frozenset({'M005'}),0.1432508988946219,0.07217861536847527,0.013514415694652412,0.09434087882822903,1.307047500795275,1.0,0.0031747641621491605,1.0244708665122033,0.2741956359407642,0.06693117944357849,0.023886346905611894,0.1407883041075606,Concoction Rice - Regular Portion,Fried Rice - Regular Portion
frozenset({'M005'}),frozenset({'M017'}),0.07217861536847527,0.1432508988946219,0.013514415694652412,0.18723572938689217,1.307047500795275,1.0,0.0031747641621491605,1.0541175739173307,0.25319190580260464,0.06693117944357849,0.05133921989007171,0.1407883041075606,Fried Rice - Regular Portion,Concoction Rice - Regular Portion
frozenset({'M080'}),frozenset({'M066'}),0.10570237765972666,0.09942680565755214,0.013733774594424469,0.12992871966074168,1.3067775717168755,1.0,0.0032241248333096436,1.0350567990145547,0.2625063765534794,0.07175602949970102,0.033869444699006906,0.13402910803180967,Grilled Titus Fish - Regular Portion,Beef Suya - Regular Portion
frozenset({'M066'}),frozenset({'M080'}),0.09942680565755214,0.10570237765972666,0.013733774594424469,0.1381294964028777,1.3067775717168753,1.0,0.0032241248333096436,1.037624119409833,0.2606771219438148,0.07175602949970102,0.0362598735958763,0.13402910803180967,Beef Suya - Regular Portion,Grilled Titus Fish - Regular Portion
frozenset({'M079'}),frozenset({'M083'}),0.02047667642654815,0.40491745429228143,0.01082488483657762,0.5286446204005589,1.3055614540611222,1.0,0.0025335211455729725,1.2624923178206242,0.2389386838906797,0.02611116223428729,0.20791597233142084,0.2776890899251711,Roasted Turkey Wings - Large Portion,Suya Platter
frozenset({'M083'}),frozenset({'M079'}),0.40491745429228143,0.02047667642654815,0.01082488483657762,0.026733559449783305,1.305561454061122,1.0,0.0025335211455729725,1.0064287462944863,0.39330008158199165,0.02611116223428729,0.006387681510644466,0.2776890899251711,Suya Platter,Roasted Turkey Wings - Large Portion
frozenset({'M017'}),frozenset({'M018'}),0.1432508988946219,0.05421026027410325,0.010138196106856396,0.07077230359520639,1.3055149198207223,1.0,0.002372527593279693,1.0178234499307135,0.2731473094460128,0.0541214805763454,0.01751133748385033,0.12889424468993255,Concoction Rice - Regular Portion,Concoction Rice - Large Portion
frozenset({'M018'}),frozenset({'M017'}),0.05421026027410325,0.1432508988946219,0.010138196106856396,0.18701618578465867,1.305514919820722,1.0,0.002372527593279693,1.0538329129372361,0.24743206868055678,0.0541214805763454,0.051082967969935174,0.12889424468993255,Concoction Rice - Large Portion,Concoction Rice - Regular Portion
frozenset({'M144'}),frozenset({'M142'}),0.10884970100428226,0.11601224594901337,0.016480529513309364,0.15140629107158507,1.3050888708604707,1.0,0.0038526312289240035,1.0417090590587414,0.26232236686160687,0.0790882877934917,0.040039067238628566,0.14673241222438183,Lemonade,Pineapple Smoothie
frozenset({'M142'}),frozenset({'M144'}),0.11601224594901337,0.10884970100428226,0.016480529513309364,0.14205853337717855,1.3050888708604704,1.0,0.0038526312289240035,1.0387075734940505,0.26444784397827986,0.0790882877934917,0.03726513070839004,0.14673241222438183,Pineapple Smoothie,Lemonade
"frozenset({'M026', 'M083'})",frozenset({'M080'}),0.10136288638162726,0.10570237765972666,0.013981745524601578,0.13793752352277006,1.304961407460612,1.0,0.0032674474276108492,1.0373930506693325,0.26005359640048153,0.0724129414670289,0.036045210294407076,0.1351060891998042,"Ofada Rice & Ayamase, Suya Platter",Grilled Titus Fish - Regular Portion
frozenset({'M080'}),"frozenset({'M026', 'M083'})",0.10570237765972666,0.10136288638162726,0.013981745524601578,0.1322746548768384,1.304961407460612,1.0,0.0032674474276108492,1.035623908727506,0.26131548090652,0.0724129414670289,0.03439849971335431,0.1351060891998042,Grilled Titus Fish - Regular Portion,"Ofada Rice & Ayamase, Suya Platter"
frozenset({'M068'}),"frozenset({'M083', 'M145'})",0.10782920525316879,0.07371412766687967,0.010367092350096804,0.09614364054484344,1.304276989878041,1.0,0.002418556547846548,1.0248153510713631,0.26148770672188765,0.060563851125473585,0.024214460727408613,0.11839139589669392,Chicken Suya - Regular Portion,"Suya Platter, Fresh Watermelon Juice"
"frozenset({'M083', 'M145'})",frozenset({'M068'}),0.07371412766687967,0.10782920525316879,0.010367092350096804,0.14063915124854443,1.3042769898780409,1.0,0.002418556547846548,1.0381794749470428,0.25185712326042486,0.060563851125473585,0.03677540913529457,0.11839139589669392,"Suya Platter, Fresh Watermelon Juice",Chicken Suya - Regular Portion
frozenset({'M026'}),"frozenset({'M017', 'M011'})",0.26049346215105246,0.03240789310545441,0.011006094362476276,0.04225094277450298,1.303723837801475,1.0,0.0025640500864152344,1.0102772741928485,0.31502952228309766,0.03904320465541158,0.010172726295421644,0.19093123948613316,Ofada Rice & Ayamase,"Concoction Rice - Regular Portion, White Rice & Stew - Regular Portion"
"frozenset({'M017', 'M011'})",frozenset({'M026'}),0.03240789310545441,0.26049346215105246,0.011006094362476276,0.33961153619776335,1.3037238378014748,1.0,0.0025640500864152344,1.1198053545502336,0.24076921430403067,0.03904320465541158,0.10698766001021026,0.19093123948613316,"Concoction Rice - Regular Portion, White Rice & Stew - Regular Portion",Ofada Rice & Ayamase
frozenset({'M022'}),"frozenset({'M026', 'M083'})",0.09234055946056785,0.10136288638162726,0.012198262296020066,0.13210080561867382,1.3032462899815176,1.0,0.0028383566590026305,1.035416462460203,0.2563575249136446,0.06720613735484209,0.034205040912766195,0.1262216485752383,Yam Porridge (Asaro) - Small Portion,"Ofada Rice & Ayamase, Suya Platter"
"frozenset({'M026', 'M083'})",frozenset({'M022'}),0.10136288638162726,0.09234055946056785,0.012198262296020066,0.12034249153180278,1.3032462899815176,1.0,0.0028383566590026305,1.0318327665047689,0.25893135740219103,0.06720613735484209,0.030850703271034195,0.1262216485752383,"Ofada Rice & Ayamase, Suya Platter",Yam Porridge (Asaro) - Small Portion
"frozenset({'M145', 'M072'})",frozenset({'M083'}),0.020858170165282162,0.40491745429228143,0.011006094362476276,0.5276634659350709,1.3031383565752335,1.0,0.002560257197955008,1.259869823294076,0.23757719989395842,0.026535445744901007,0.20626720196743512,0.2774222737627116,"Fresh Watermelon Juice, Grilled Catfish - Regular Portion",Suya Platter
frozenset({'M083'}),"frozenset({'M145', 'M072'})",0.40491745429228143,0.020858170165282162,0.011006094362476276,0.027181081590352364,1.3031383565752335,1.0,0.002560257197955008,1.0064995769566312,0.3909067337112485,0.026535445744901007,0.0064576052543251355,0.2774222737627116,Suya Platter,"Fresh Watermelon Juice, Grilled Catfish - Regular Portion"
"frozenset({'M045', 'M025'})",frozenset({'M026'}),0.031215725171910617,0.26049346215105246,0.010595988593337212,0.3394439352276199,1.3030804398107558,1.0,0.002464496269750458,1.119521229592787,0.24008200107257963,0.03769296013570823,0.10676102108064656,0.19006026805682244,"Ogbono Soup & Eba - Large Portion, Party Jollof Rice",Ofada Rice & Ayamase
frozenset({'M026'}),"frozenset({'M045', 'M025'})",0.26049346215105246,0.031215725171910617,0.010595988593337212,0.04067660088602497,1.3030804398107558,1.0,0.002464496269750458,1.0098620295542176,0.3145173915364143,0.03769296013570823,0.00976571973754754,0.19006026805682244,Ofada Rice & Ayamase,"Ogbono Soup & Eba - Large Portion, Party Jollof Rice"
frozenset({'M091'}),frozenset({'M090'}),0.14072350287550905,0.1230317307417192,0.02255581730264852,0.1602846492714334,1.3027911442448887,1.0,0.00524236118783734,1.0443637459972503,0.2704801746823589,0.09351522340846184,0.0424792091522557,0.17180899130238336,Boiled Yam & Egg Sauce,Coleslaw
frozenset({'M090'}),frozenset({'M091'}),0.1230317307417192,0.14072350287550905,0.02255581730264852,0.18333333333333332,1.3027911442448887,1.0,0.00524236118783734,1.0521753026014176,0.265023564922424,0.09351522340846184,0.04958803202509914,0.17180899130238336,Coleslaw,Boiled Yam & Egg Sauce
frozenset({'M078'}),"frozenset({'M083', 'M085'})",0.09819648835013495,0.08618897292348189,0.011025169049412977,0.11227661227661229,1.3026795478383397,1.0,0.002561714573822191,1.0293871263435264,0.25765202471822585,0.06359685316608903,0.028548177446042072,0.12009758465993943,Roasted Turkey Wings - Regular Portion,"Suya Platter, Fried Plantain (Dodo)"
"frozenset({'M083', 'M085'})",frozenset({'M078'}),0.08618897292348189,0.09819648835013495,0.011025169049412977,0.12791855704326657,1.3026795478383395,1.0,0.002561714573822191,1.0340817579976946,0.2542664662495235,0.06359685316608903,0.03295847522123149,0.12009758465993943,"Suya Platter, Fried Plantain (Dodo)",Roasted Turkey Wings - Regular Portion
frozenset({'M087'}),frozenset({'M091'}),0.15739477925818543,0.14072350287550905,0.028831389304823034,0.1831788159728534,1.3016931232510778,1.0,0.006682244633293664,1.051976263504857,0.2750633037028666,0.10706569860102708,0.04940820939408689,0.19402925888442737,Extra Beef,Boiled Yam & Egg Sauce
frozenset({'M091'}),frozenset({'M087'}),0.14072350287550905,0.15739477925818543,0.028831389304823034,0.20487970179600135,1.3016931232510778,1.0,0.006682244633293664,1.059720425506774,0.2697266555179015,0.10706569860102708,0.05635488763766624,0.19402925888442737,Boiled Yam & Egg Sauce,Extra Beef
frozenset({'M005'}),frozenset({'M026'}),0.07217861536847527,0.26049346215105246,0.024472823339786936,0.33905919661733613,1.3016034790950943,1.0,0.005670765929183651,1.1188695478690196,0.24974296771897278,0.07940584867708494,0.1062407571065066,0.2165035667486051,Fried Rice - Regular Portion,Ofada Rice & Ayamase
frozenset({'M026'}),frozenset({'M005'}),0.26049346215105246,0.07217861536847527,0.024472823339786936,0.09394793687987404,1.3016034790950943,1.0,0.005670765929183651,1.0240265680058527,0.3133398479275301,0.07940584867708494,0.02346283656745447,0.2165035667486051,Ofada Rice & Ayamase,Fried Rice - Regular Portion
frozenset({'M011'}),frozenset({'M017'}),0.1738180847106847,0.1432508988946219,0.03240789310545441,0.18644718792866943,1.3015428829233635,1.0,0.007508296226507293,1.0530958634683696,0.2804238300598704,0.11384728783462325,0.0504188320458296,0.2063394395036157,White Rice & Stew - Regular Portion,Concoction Rice - Regular Portion
frozenset({'M017'}),frozenset({'M011'}),0.1432508988946219,0.1738180847106847,0.03240789310545441,0.22623169107856195,1.3015428829233635,1.0,0.007508296226507293,1.067738114579721,0.27041883873903594,0.11384728783462325,0.06344075729317178,0.2063394395036157,Concoction Rice - Regular Portion,White Rice & Stew - Regular Portion
frozenset({'M054'}),frozenset({'M023'}),0.05172101362886382,0.1710713297917998,0.011511573566298844,0.2225705329153605,1.3010393570111203,1.0,0.00266359098662931,1.066242926598451,0.24400387115710317,0.05448471990249627,0.06212742419757996,0.14493080361551042,Ewedu & Gbegiri Amala - Large Portion,Yam Porridge (Asaro) - Regular Portion
frozenset({'M023'}),frozenset({'M054'}),0.1710713297917998,0.05172101362886382,0.011511573566298844,0.06729107431566037,1.30103935701112,1.0,0.00266359098662931,1.0166933758839851,0.2791358918172959,0.05448471990249627,0.01641928262734144,0.14493080361551042,Yam Porridge (Asaro) - Regular Portion,Ewedu & Gbegiri Amala - Large Portion
"frozenset({'M083', 'M017'})",frozenset({'M011'}),0.060504906963214464,0.1738180847106847,0.013676550533614367,0.22604035308953344,1.3004420884384456,1.0,0.003159703489670259,1.067474148797437,0.24590946173652972,0.06198400691592825,0.0632091642438837,0.15236174033077493,"Suya Platter, Concoction Rice - Regular Portion",White Rice & Stew - Regular Portion
frozenset({'M011'}),"frozenset({'M083', 'M017'})",0.1738180847106847,0.060504906963214464,0.013676550533614367,0.07868312757201645,1.3004420884384453,1.0,0.003159703489670259,1.0197306932639758,0.27963663735229993,0.06198400691592825,0.019348925548981263,0.15236174033077493,White Rice & Stew - Regular Portion,"Suya Platter, Concoction Rice - Regular Portion"
frozenset({'M096'}),frozenset({'M093'}),0.11731886200417736,0.14924988793621424,0.022765638858952227,0.19404926428745628,1.3001635510131049,1.0,0.0052558118520245715,1.0555857503022623,0.2615508414138622,0.0933771466572781,0.05265867816645455,0.17329148625581198,Jollof Spaghetti,Akara (5 pcs)
frozenset({'M093'}),frozenset({'M096'}),0.14924988793621424,0.11731886200417736,0.022765638858952227,0.15253370822416767,1.3001635510131049,1.0,0.0052558118520245715,1.0415530936884805,0.27136757441372333,0.0933771466572781,0.03989531973000761,0.17329148625581198,Akara (5 pcs),Jollof Spaghetti
frozenset({'M087'}),frozenset({'M094'}),0.15739477925818543,0.06073380320645488,0.012427158539260474,0.07895534145306914,1.300023006704735,1.0,0.002867974990070434,1.019783555637097,0.2738920176163744,0.060413575667655775,0.019399759417318235,0.1417860878119617,Extra Beef,Gizdodo
frozenset({'M094'}),frozenset({'M087'}),0.06073380320645488,0.15739477925818543,0.012427158539260474,0.20461683417085424,1.3000230067047347,1.0,0.002867974990070434,1.0593701965812192,0.24570547172985632,0.060413575667655775,0.05604291754933036,0.1417860878119617,Gizdodo,Extra Beef
frozenset({'M012'}),frozenset({'M023'}),0.05395275200045779,0.1710713297917998,0.011988440739716359,0.22220258087325437,1.2988884878821205,1.0,0.0027586717090708583,1.0657385198563156,0.24323411854679985,0.05627434301831043,0.061683535531002996,0.14614059466810403,White Rice & Stew - Large Portion,Yam Porridge (Asaro) - Regular Portion
frozenset({'M023'}),frozenset({'M012'}),0.1710713297917998,0.05395275200045779,0.011988440739716359,0.07007860846295368,1.2988884878821205,1.0,0.0027586717090708583,1.0173410963649754,0.2776004459020557,0.05627434301831043,0.01704550855847285,0.14614059466810403,Yam Porridge (Asaro) - Regular Portion,White Rice & Stew - Large Portion
frozenset({'M044'}),frozenset({'M058'}),0.06184013504878351,0.15923548654757705,0.012789577591057786,0.2068167797655768,1.2988108633924589,1.0,0.0029424335983968715,1.059987770800216,0.24523001251753582,0.06140391043545949,0.05659288951506428,0.1435677094802968,Ogbono Soup & Eba - Regular Portion,Vegetable Soup & Eba - Small Portion
frozenset({'M058'}),frozenset({'M044'}),0.15923548654757705,0.06184013504878351,0.012789577591057786,0.08031863919501676,1.2988108633924589,1.0,0.0029424335983968715,1.0200922894969398,0.2736378043368209,0.06140391043545949,0.019696540895185407,0.1435677094802968,Vegetable Soup & Eba - Small Portion,Ogbono Soup & Eba - Regular Portion
frozenset({'M023'}),frozenset({'M019'}),0.1710713297917998,0.09061430029279645,0.020133332061687537,0.11768969169872331,1.2987982174826689,1.0,0.004631823212445376,1.0306869263015361,0.27753589316639593,0.08334978481462471,0.029773275975908106,0.16993841494735135,Yam Porridge (Asaro) - Regular Portion,Basmati Rice & Chicken Sauce - Small Portion
frozenset({'M019'}),frozenset({'M023'}),0.09061430029279645,0.1710713297917998,0.020133332061687537,0.22218713819597935,1.2987982174826689,1.0,0.004631823212445376,1.0657173607101638,0.25298117062049436,0.08334978481462471,0.061664905849306575,0.16993841494735135,Basmati Rice & Chicken Sauce - Small Portion,Yam Porridge (Asaro) - Regular Portion
frozenset({'M089'}),frozenset({'M093'}),0.06436753106789635,0.14924988793621424,0.012474845256602226,0.1938064898503482,1.2985369203973967,1.0,0.0028679984579879064,1.0552678747139295,0.24571884302907093,0.062019914651493604,0.052373313012027314,0.13869505270841903,Extra Fish,Akara (5 pcs)
frozenset({'M093'}),frozenset({'M089'}),0.14924988793621424,0.06436753106789635,0.012474845256602226,0.08358361556648987,1.2985369203973967,1.0,0.0028679984579879064,1.020968726470852,0.27023508372948946,0.062019914651493604,0.020538069313184536,0.13869505270841903,Akara (5 pcs),Extra Fish
frozenset({'M056'}),frozenset({'M050'}),0.0732086484630571,0.10893553709549741,0.010338480319691753,0.1412193850964044,1.2963573583210557,1.0,0.002363456879333167,1.0375926603845513,0.24666583758711277,0.06017541911846343,0.03623065372360934,0.11806197761211394,Bitterleaf Soup & Pounded Yam - Regular Portion,Okro Soup & Semo - Regular Portion
frozenset({'M050'}),frozenset({'M056'}),0.10893553709549741,0.0732086484630571,0.010338480319691753,0.0949045701278235,1.2963573583210555,1.0,0.002363456879333167,1.02397086643983,0.25655580994688676,0.06017541911846343,0.02340971528142446,0.11806197761211394,Okro Soup & Semo - Regular Portion,Bitterleaf Soup & Pounded Yam - Regular Portion
frozenset({'M026'}),frozenset({'M014'}),0.26049346215105246,0.08723808070500043,0.029451316630265807,0.11305971515395599,1.2959904005255756,1.0,0.006726366956007316,1.0291131600290742,0.3088401991295058,0.09253266211195013,0.028289561498029754,0.22532837075069617,Ofada Rice & Ayamase,Native Jollof (Palm Oil) - Regular Portion
frozenset({'M014'}),frozenset({'M026'}),0.08723808070500043,0.26049346215105246,0.029451316630265807,0.3375970263474363,1.2959904005255756,1.0,0.006726366956007316,1.1163997857244305,0.250217873444199,0.09253266211195013,0.10426353284267126,0.22532837075069617,Native Jollof (Palm Oil) - Regular Portion,Ofada Rice & Ayamase
frozenset({'M023'}),"frozenset({'M083', 'M015'})",0.1710713297917998,0.04999475446109241,0.011082393110223078,0.0647822935830964,1.2957818131402594,1.0,0.0025297239819494846,1.0158118682105148,0.2753736783827739,0.05277739928237271,0.015565744706615264,0.14322670573851498,Yam Porridge (Asaro) - Regular Portion,"Suya Platter, Native Jollof (Palm Oil) - Large Portion"
"frozenset({'M083', 'M015'})",frozenset({'M023'}),0.04999475446109241,0.1710713297917998,0.011082393110223078,0.2216711178939336,1.2957818131402594,1.0,0.0025297239819494846,1.065010806184163,0.2402777648903252,0.05277739928237271,0.06104239112567403,0.14322670573851498,"Suya Platter, Native Jollof (Palm Oil) - Large Portion",Yam Porridge (Asaro) - Regular Portion
frozenset({'M025'}),"frozenset({'M022', 'M023'})",0.35541864169154325,0.02278471354588893,0.010491077815185358,0.029517522674824236,1.2954967643273319,1.0,0.0023929658753746082,1.0069375895868744,0.35386585242825513,0.02853067047075606,0.00688979104427003,0.2449806114839169,Party Jollof Rice,"Yam Porridge (Asaro) - Small Portion, Yam Porridge (Asaro) - Regular Portion"
"frozenset({'M022', 'M023'})",frozenset({'M025'}),0.02278471354588893,0.35541864169154325,0.010491077815185358,0.4604437002930096,1.2954967643273319,1.0,0.0023929658753746082,1.1946507874312668,0.2334135936870608,0.02853067047075606,0.16293530249940588,0.2449806114839169,"Yam Porridge (Asaro) - Small Portion, Yam Porridge (Asaro) - Regular Portion",Party Jollof Rice
frozenset({'M090'}),frozenset({'M086'}),0.1230317307417192,0.11781480386453157,0.01876949194571344,0.1525581395348837,1.2948978781164164,1.0,0.004274532719263934,1.0409978988426218,0.25968821941484743,0.0845179299978527,0.03938326762061982,0.1559358333066631,Coleslaw,Moi Moi
frozenset({'M086'}),frozenset({'M090'}),0.11781480386453157,0.1230317307417192,0.01876949194571344,0.15931352707844249,1.2948978781164164,1.0,0.004274532719263934,1.043157345223644,0.2581525164156483,0.0845179299978527,0.041371846175699806,0.1559358333066631,Moi Moi,Coleslaw
"frozenset({'M026', 'M025'})",frozenset({'M011'}),0.10765753307073847,0.1738180847106847,0.024215315066141475,0.22492912827781714,1.294049055092313,1.0,0.0055024888631085185,1.0659437032558912,0.2546463681262935,0.09412767850522726,0.06186415197582024,0.18212162861078784,"Ofada Rice & Ayamase, Party Jollof Rice",White Rice & Stew - Regular Portion
frozenset({'M011'}),"frozenset({'M026', 'M025'})",0.1738180847106847,0.10765753307073847,0.024215315066141475,0.13931412894375855,1.294049055092313,1.0,0.0055024888631085185,1.0367806617229243,0.2750384196546118,0.09412767850522726,0.03547583696420624,0.18212162861078784,White Rice & Stew - Regular Portion,"Ofada Rice & Ayamase, Party Jollof Rice"
frozenset({'M095'}),frozenset({'M091'}),0.09005159702816377,0.14072350287550905,0.01639469342209421,0.18205888582927346,1.293734750124375,1.0,0.0037223172487572207,1.0505358909555151,0.24951308036541683,0.07647477533588397,0.048104868563367424,0.1492808831044029,Ponmo (Cow Skin),Boiled Yam & Egg Sauce
frozenset({'M091'}),frozenset({'M095'}),0.14072350287550905,0.09005159702816377,0.01639469342209421,0.11650288037953235,1.2937347501243748,1.0,0.0037223172487572207,1.0299392977791841,0.26422697438936305,0.07647477533588397,0.0290689925549408,0.1492808831044029,Boiled Yam & Egg Sauce,Ponmo (Cow Skin)
frozenset({'M023'}),frozenset({'M014'}),0.1710713297917998,0.08723808070500043,0.01929404583647271,0.11278363159948711,1.2928256867648216,1.0,0.004370111361783936,1.028792921100566,0.2732448826893059,0.08072303579266589,0.027987090997636698,0.16697452051167097,Yam Porridge (Asaro) - Regular Portion,Native Jollof (Palm Oil) - Regular Portion
frozenset({'M014'}),frozenset({'M023'}),0.08723808070500043,0.1710713297917998,0.01929404583647271,0.22116540942385482,1.2928256867648213,1.0,0.004370111361783936,1.064319279392814,0.2481485176592236,0.08072303579266589,0.06043231635295353,0.16697452051167097,Native Jollof (Palm Oil) - Regular Portion,Yam Porridge (Asaro) - Regular Portion
"frozenset({'M017', 'M025'})",frozenset({'M023'}),0.0630132282953906,0.1710713297917998,0.013924521463791476,0.2209777508702891,1.2917287259018053,1.0,0.00314476470482474,1.0640628956801201,0.24103184104658626,0.06324727083694334,0.060205929499282995,0.1511868739856268,"Concoction Rice - Regular Portion, Party Jollof Rice",Yam Porridge (Asaro) - Regular Portion
frozenset({'M023'}),"frozenset({'M017', 'M025'})",0.1710713297917998,0.0630132282953906,0.013924521463791476,0.0813959971009645,1.2917287259018053,1.0,0.00314476470482474,1.0200116358600217,0.27245244945326214,0.06324727083694334,0.019619027035068078,0.1511868739856268,Yam Porridge (Asaro) - Regular Portion,"Concoction Rice - Regular Portion, Party Jollof Rice"
frozenset({'M026'}),"frozenset({'M020', 'M025'})",0.26049346215105246,0.04955603666154829,0.01667127638267637,0.06399882839673415,1.2914436405361764,1.0,0.0037622528222251705,1.0154303137360896,0.30516667608111,0.05682520074119826,0.015195837200601803,0.200205726746481,Ofada Rice & Ayamase,"Basmati Rice & Chicken Sauce - Regular Portion, Party Jollof Rice"
"frozenset({'M020', 'M025'})",frozenset({'M026'}),0.04955603666154829,0.26049346215105246,0.01667127638267637,0.3364126250962278,1.2914436405361762,1.0,0.0037622528222251705,1.1144071840670335,0.237439302894758,0.05682520074119826,0.10266192259233643,0.200205726746481,"Basmati Rice & Chicken Sauce - Regular Portion, Party Jollof Rice",Ofada Rice & Ayamase
frozenset({'M026'}),"frozenset({'M023', 'M083'})",0.26049346215105246,0.06897406796310955,0.023194819315027992,0.08904184820415187,1.290946740328198,1.0,0.005227525552675593,1.0220293107882958,0.30476364051039145,0.07573256936443185,0.021554480439807087,0.21266251702242994,Ofada Rice & Ayamase,"Yam Porridge (Asaro) - Regular Portion, Suya Platter"
"frozenset({'M023', 'M083'})",frozenset({'M026'}),0.06897406796310955,0.26049346215105246,0.023194819315027992,0.336283185840708,1.290946740328198,1.0,0.005227525552675593,1.1141898503590812,0.24207135043275113,0.07573256936443185,0.10248688795924671,0.21266251702242994,"Yam Porridge (Asaro) - Regular Portion, Suya Platter",Ofada Rice & Ayamase
"frozenset({'M026', 'M008'})",frozenset({'M025'}),0.039951931788919516,0.35541864169154325,0.018330774146169328,0.45882072093578424,1.2909303765050693,1.0,0.004131112816798366,1.1910680679109507,0.23474333522900462,0.04861761060379936,0.16041742118573518,0.25519794164107945,"Ofada Rice & Ayamase, Coconut Rice - Regular Portion",Party Jollof Rice
frozenset({'M025'}),"frozenset({'M026', 'M008'})",0.35541864169154325,0.039951931788919516,0.018330774146169328,0.051575162346374714,1.2909303765050693,1.0,0.004131112816798366,1.0122552996252299,0.3496298529381085,0.04861761060379936,0.012106925624165375,0.25519794164107945,Party Jollof Rice,"Ofada Rice & Ayamase, Coconut Rice - Regular Portion"
frozenset({'M086'}),frozenset({'M095'}),0.11781480386453157,0.09005159702816377,0.013695625220551068,0.11624706549016434,1.2908939910727835,1.0,0.003086213978990119,1.0296411671623242,0.2554373531286471,0.07053391620413577,0.028787861351751102,0.13416674392915334,Moi Moi,Ponmo (Cow Skin)
frozenset({'M095'}),frozenset({'M086'}),0.09005159702816377,0.11781480386453157,0.013695625220551068,0.15208642236814235,1.2908939910727835,1.0,0.003086213978990119,1.040418763666137,0.2476437682995692,0.07053391620413577,0.038848553176523755,0.13416674392915334,Ponmo (Cow Skin),Moi Moi
frozenset({'M090'}),frozenset({'M087'}),0.1230317307417192,0.15739477925818543,0.024959227856672803,0.20286821705426356,1.2889132537330539,1.0,0.005594675754827402,1.0570463237935823,0.2555994387983063,0.0977002911968939,0.053967666798983426,0.18072272271849094,Coleslaw,Extra Beef
frozenset({'M087'}),frozenset({'M090'}),0.15739477925818543,0.1230317307417192,0.024959227856672803,0.1585772283827183,1.2889132537330539,1.0,0.005594675754827402,1.0422445158843012,0.26602327157313194,0.0977002911968939,0.04053225058081364,0.18072272271849094,Extra Beef,Coleslaw
frozenset({'M088'}),frozenset({'M091'}),0.07972265405194037,0.14072350287550905,0.014458612698019093,0.1813614068668501,1.2887783714941443,1.0,0.003239761561297648,1.0496408358123075,0.2434824665082218,0.07019168441522362,0.04729316364096186,0.14205311956355043,Extra Chicken,Boiled Yam & Egg Sauce
frozenset({'M091'}),frozenset({'M088'}),0.14072350287550905,0.07972265405194037,0.014458612698019093,0.10274483226025076,1.2887783714941443,1.0,0.003239761561297648,1.0256584515041636,0.26076751640817947,0.07019168441522362,0.025016565179699378,0.14205311956355043,Boiled Yam & Egg Sauce,Extra Chicken
"frozenset({'M026', 'M083'})",frozenset({'M015'}),0.10136288638162726,0.11913095726316392,0.015555407196879381,0.1534625517500941,1.2881836533143156,1.0,0.0034799495112788053,1.0405553169064237,0.24894717817670814,0.07590282948622486,0.03897468615795925,0.14201828251983128,"Ofada Rice & Ayamase, Suya Platter",Native Jollof (Palm Oil) - Large Portion
frozenset({'M015'}),"frozenset({'M026', 'M083'})",0.11913095726316392,0.10136288638162726,0.015555407196879381,0.1305740132895685,1.2881836533143156,1.0,0.0034799495112788053,1.033598175525515,0.25396870906608887,0.07590282948622486,0.03250603215164606,0.14201828251983128,Native Jollof (Palm Oil) - Large Portion,"Ofada Rice & Ayamase, Suya Platter"
frozenset({'M083'}),"frozenset({'M080', 'M025'})",0.40491745429228143,0.03785371622588244,0.019742300979485174,0.04875635952515545,1.288020421408938,1.0,0.00441467056979843,1.0114614624848695,0.37577105188891263,0.04666892120392289,0.011331585937749793,0.28514915481926706,Suya Platter,"Grilled Titus Fish - Regular Portion, Party Jollof Rice"
"frozenset({'M080', 'M025'})",frozenset({'M083'}),0.03785371622588244,0.40491745429228143,0.019742300979485174,0.5215419501133787,1.288020421408938,1.0,0.00441467056979843,1.2437507234933833,0.23241246984207986,0.04666892120392289,0.195980367198299,0.28514915481926706,"Grilled Titus Fish - Regular Portion, Party Jollof Rice",Suya Platter
frozenset({'M004'}),frozenset({'M026'}),0.10215448588950034,0.26049346215105246,0.03422952570790932,0.33507609000093364,1.2863128588103794,1.0,0.007618950004292541,1.1121671618786968,0.24790918927442948,0.10422535211267606,0.10085458888142447,0.23323935939288068,Fried Rice - Small Portion,Ofada Rice & Ayamase
frozenset({'M026'}),frozenset({'M004'}),0.26049346215105246,0.10215448588950034,0.03422952570790932,0.13140262878482772,1.2863128588103792,1.0,0.007618950004292541,1.0336728429817938,0.3009901090858004,0.10422535211267606,0.03257591917057544,0.23323935939288068,Ofada Rice & Ayamase,Fried Rice - Small Portion
frozenset({'M095'}),frozenset({'M090'}),0.09005159702816377,0.1230317307417192,0.014239253798247037,0.1581232789663207,1.2852235599145496,1.0,0.00316004995981619,1.0416825258946645,0.24388772960452276,0.07161014916782579,0.04001461564200162,0.1369298565374239,Ponmo (Cow Skin),Coleslaw
frozenset({'M090'}),frozenset({'M095'}),0.1230317307417192,0.09005159702816377,0.014239253798247037,0.11573643410852713,1.2852235599145496,1.0,0.00316004995981619,1.0290465852841841,0.2530596121177357,0.07161014916782579,0.02822669614725213,0.1369298565374239,Coleslaw,Ponmo (Cow Skin)
frozenset({'M137'}),frozenset({'M139'}),0.056995164566861545,0.1387206607471555,0.010157270793793097,0.17821285140562249,1.2846885997064916,1.0,0.0022508639056851992,1.0480564714671143,0.23499481846833217,0.054738898026315784,0.04585294092010411,0.12571694478153245,Fanta (50cl),Bottled Water
frozenset({'M139'}),frozenset({'M137'}),0.1387206607471555,0.056995164566861545,0.010157270793793097,0.07322103815744241,1.2846885997064916,1.0,0.0022508639056851992,1.0175078139002225,0.25729312200802096,0.054738898026315784,0.01720656456987099,0.12571694478153245,Bottled Water,Fanta (50cl)
frozenset({'M058'}),frozenset({'M042'}),0.15923548654757705,0.06084825132807508,0.012446233226197175,0.07816243411595591,1.284546924685281,1.0,0.0027570323204018886,1.0187822490953453,0.26346901606387735,0.059942124844977254,0.018435979928020364,0.14135394433070522,Vegetable Soup & Eba - Small Portion,Afang Soup & Eba - Large Portion
frozenset({'M042'}),frozenset({'M058'}),0.06084825132807508,0.15923548654757705,0.012446233226197175,0.20454545454545453,1.284546924685281,1.0,0.0027570323204018886,1.0569611026259031,0.23586752557718624,0.059942124844977254,0.05389138964942943,0.14135394433070522,Afang Soup & Eba - Large Portion,Vegetable Soup & Eba - Small Portion
frozenset({'M022'}),frozenset({'M004'}),0.09234055946056785,0.10215448588950034,0.012112426204804913,0.13117124561041107,1.2840478268599769,1.0,0.0026794238263617674,1.033397559155713,0.243717851947257,0.06641217382209905,0.032318209831072996,0.12487047015839385,Yam Porridge (Asaro) - Small Portion,Fried Rice - Small Portion
frozenset({'M004'}),frozenset({'M022'}),0.10215448588950034,0.09234055946056785,0.012112426204804913,0.11856969470637663,1.2840478268599769,1.0,0.0026794238263617674,1.0297574692953986,0.24638181699562886,0.06641217382209905,0.02889755129988017,0.12487047015839385,Fried Rice - Small Portion,Yam Porridge (Asaro) - Small Portion
frozenset({'M025'}),frozenset({'M010'}),0.35541864169154325,0.02220293559431956,0.010128658763388046,0.02849782643696667,1.283516151092093,1.0,0.0022373215528901716,1.0064795437559961,0.3426878644970615,0.027561507318592336,0.006437829557683568,0.24234169672363798,Party Jollof Rice,White Rice & Stew - Small Portion
frozenset({'M010'}),frozenset({'M025'}),0.02220293559431956,0.35541864169154325,0.010128658763388046,0.45618556701030927,1.283516151092093,1.0,0.0022373215528901716,1.185296526178584,0.22590598521340483,0.027561507318592336,0.156329257773144,0.24234169672363798,White Rice & Stew - Small Portion,Party Jollof Rice
frozenset({'M022'}),frozenset({'M014'}),0.09234055946056785,0.08723808070500043,0.010338480319691753,0.1119603387729808,1.2833883765918672,1.0,0.0022828671411258446,1.0278391373126525,0.24327697253582575,0.06108763031839955,0.027085111183292335,0.11523456973633187,Yam Porridge (Asaro) - Small Portion,Native Jollof (Palm Oil) - Regular Portion
frozenset({'M014'}),frozenset({'M022'}),0.08723808070500043,0.09234055946056785,0.010338480319691753,0.11850880069968295,1.283388376591867,1.0,0.0022828671411258446,1.0296863329547545,0.2419170170448675,0.06108763031839955,0.028830462253070403,0.11523456973633187,Native Jollof (Palm Oil) - Regular Portion,Yam Porridge (Asaro) - Small Portion
frozenset({'M145'}),"frozenset({'M083', 'M140'})",0.18876310192558965,0.05565039913782415,0.01347626632077901,0.07139248181083266,1.2828745690398655,1.0,0.002971524356126163,1.0169523532436033,0.2718078614047563,0.05835467085157346,0.016669761557198987,0.15677593242212584,Fresh Watermelon Juice,"Suya Platter, Malt (Maltina)"
"frozenset({'M083', 'M140'})",frozenset({'M145'}),0.05565039913782415,0.18876310192558965,0.01347626632077901,0.24215938303341902,1.2828745690398655,1.0,0.002971524356126163,1.070458457771186,0.23349463605101367,0.05835467085157346,0.06582082402140887,0.15677593242212584,"Suya Platter, Malt (Maltina)",Fresh Watermelon Juice
frozenset({'M011'}),"frozenset({'M023', 'M025'})",0.1738180847106847,0.07229306349009547,0.01611811046151205,0.09272976680384086,1.2826924510751343,1.0,0.0035522686277957276,1.0225254864162692,0.26675710054390095,0.07008086253369271,0.022029266473558594,0.15784245596128718,White Rice & Stew - Regular Portion,"Yam Porridge (Asaro) - Regular Portion, Party Jollof Rice"
"frozenset({'M023', 'M025'})",frozenset({'M011'}),0.07229306349009547,0.1738180847106847,0.01611811046151205,0.2229551451187335,1.2826924510751343,1.0,0.0035522686277957276,1.0632358094894754,0.23756413105361274,0.07008086253369271,0.05947486806321803,0.15784245596128718,"Yam Porridge (Asaro) - Regular Portion, Party Jollof Rice",White Rice & Stew - Regular Portion
frozenset({'M014'}),"frozenset({'M083', 'M026'})",0.08723808070500043,0.10136288638162726,0.011339901383868537,0.129987974199191,1.2824020589724667,1.0,0.00249719772121635,1.0329019449946286,0.2412604531901595,0.06397288281502206,0.031853890056136785,0.12093113425804489,Native Jollof (Palm Oil) - Regular Portion,"Suya Platter, Ofada Rice & Ayamase"
"frozenset({'M083', 'M026'})",frozenset({'M014'}),0.10136288638162726,0.08723808070500043,0.011339901383868537,0.11187429431689876,1.2824020589724665,1.0,0.00249719772121635,1.0277395569729055,0.24505259238308086,0.06397288281502206,0.02699084294722427,0.12093113425804489,"Suya Platter, Ofada Rice & Ayamase",Native Jollof (Palm Oil) - Regular Portion
frozenset({'M093'}),frozenset({'M090'}),0.14924988793621424,0.1230317307417192,0.023547701023356953,0.15777365965876414,1.2823818596031844,1.0,0.0051852289975568774,1.041250109683068,0.2588316691513681,0.094670245398773,0.0396159475033559,0.17458450424798672,Akara (5 pcs),Coleslaw
frozenset({'M090'}),frozenset({'M093'}),0.1230317307417192,0.14924988793621424,0.023547701023356953,0.1913953488372093,1.2823818596031844,1.0,0.0051852289975568774,1.0521212199810983,0.2510935449493789,0.094670245398773,0.04953917760734325,0.17458450424798672,Coleslaw,Akara (5 pcs)
frozenset({'M076'}),frozenset({'M083'}),0.0484210927888146,0.40491745429228143,0.02514043738257146,0.5192042544809927,1.2822471567407803,1.0,0.0055338917564743025,1.2377034348865577,0.2313199150261685,0.058712163396218,0.1920520119654871,0.2906460315178659,Grilled Chicken - Regular Portion,Suya Platter
frozenset({'M083'}),frozenset({'M076'}),0.40491745429228143,0.0484210927888146,0.02514043738257146,0.06208780855473903,1.2822471567407803,1.0,0.0055338917564743025,1.0145714235197913,0.36989683791683525,0.058712163396218,0.014362146599043255,0.2906460315178659,Suya Platter,Grilled Chicken - Regular Portion
frozenset({'M085'}),"frozenset({'M083', 'M093'})",0.2092779277260112,0.05833039265243059,0.015650780631562885,0.07478466937064213,1.2820875356738388,1.0,0.003443516933817661,1.017784267265674,0.27825460271713115,0.062116738587326824,0.01747351362922163,0.17154864599990577,Fried Plantain (Dodo),"Suya Platter, Akara (5 pcs)"
"frozenset({'M083', 'M093'})",frozenset({'M085'}),0.05833039265243059,0.2092779277260112,0.015650780631562885,0.2683126226291694,1.2820875356738386,1.0,0.003443516933817661,1.0806829483860818,0.23365101131383914,0.062116738587326824,0.07465922221367104,0.17154864599990577,"Suya Platter, Akara (5 pcs)",Fried Plantain (Dodo)
"frozenset({'M026', 'M025'})",frozenset({'M020'}),0.10765753307073847,0.12081906705706193,0.01667127638267637,0.15485471296952516,1.2817075710110264,1.0,0.0036641936754049555,1.0402719466519796,0.24630771062834084,0.07871037463976945,0.03871290269971342,0.1464200940913303,"Ofada Rice & Ayamase, Party Jollof Rice",Basmati Rice & Chicken Sauce - Regular Portion
frozenset({'M020'}),"frozenset({'M026', 'M025'})",0.12081906705706193,0.10765753307073847,0.01667127638267637,0.13798547521313545,1.2817075710110264,1.0,0.0036641936754049555,1.0351826347124438,0.24999499180455673,0.07871037463976945,0.03398688649971106,0.1464200940913303,Basmati Rice & Chicken Sauce - Regular Portion,"Ofada Rice & Ayamase, Party Jollof Rice"
frozenset({'M007'}),frozenset({'M025'}),0.045521740374436105,0.35541864169154325,0.020734184700193607,0.45547873454850196,1.2815274189917076,1.0,0.004554909568876442,1.1837579158161846,0.230158360563397,0.05453405242694092,0.1552326817510539,0.25690804649928184,Coconut Rice - Small Portion,Party Jollof Rice
frozenset({'M025'}),frozenset({'M007'}),0.35541864169154325,0.045521740374436105,0.020734184700193607,0.058337358450061716,1.2815274189917076,1.0,0.004554909568876442,1.013609564094559,0.3408121389134223,0.05453405242694092,0.013426830780465446,0.25690804649928184,Party Jollof Rice,Coconut Rice - Small Portion
"frozenset({'M083', 'M020'})",frozenset({'M011'}),0.05230279158043319,0.1738180847106847,0.011645096374855748,0.22264770240700218,1.2809236897161365,1.0,0.0025539253173227257,1.0628152998936442,0.2314171308807354,0.05429562433297759,0.05910274334583827,0.14482179359033237,"Suya Platter, Basmati Rice & Chicken Sauce - Regular Portion",White Rice & Stew - Regular Portion
frozenset({'M011'}),"frozenset({'M083', 'M020'})",0.1738180847106847,0.05230279158043319,0.011645096374855748,0.06699588477366256,1.2809236897161365,1.0,0.0025539253173227257,1.015748154754564,0.26545409050661506,0.05429562433297759,0.015503995435137342,0.14482179359033237,White Rice & Stew - Regular Portion,"Suya Platter, Basmati Rice & Chicken Sauce - Regular Portion"
frozenset({'M026'}),"frozenset({'M022', 'M083'})",0.26049346215105246,0.03656617485765515,0.012198262296020066,0.04682751803170651,1.280623915790939,1.0,0.0026730128097287083,1.010765463091068,0.29632006105972264,0.04282174902906119,0.010650802272315149,0.190210837784763,Ofada Rice & Ayamase,"Yam Porridge (Asaro) - Small Portion, Suya Platter"
"frozenset({'M022', 'M083'})",frozenset({'M026'}),0.03656617485765515,0.26049346215105246,0.012198262296020066,0.3335941575378195,1.280623915790939,1.0,0.0026730128097287083,1.1096939593396733,0.22744750779026082,0.04282174902906119,0.09885064113077345,0.190210837784763,"Yam Porridge (Asaro) - Small Portion, Suya Platter",Ofada Rice & Ayamase
frozenset({'M050'}),frozenset({'M058'}),0.10893553709549741,0.15923548654757705,0.022212472937787907,0.20390474522850638,1.2805232655698444,1.0,0.004866069686064747,1.0561104445896377,0.24585117527428935,0.0903098220171391,0.05312933403611957,0.17169961746331883,Okro Soup & Semo - Regular Portion,Vegetable Soup & Eba - Small Portion
frozenset({'M058'}),frozenset({'M050'}),0.15923548654757705,0.10893553709549741,0.022212472937787907,0.13949448969813127,1.2805232655698444,1.0,0.004866069686064747,1.035512791303235,0.2605595763677792,0.0903098220171391,0.03429488423657283,0.17169961746331883,Vegetable Soup & Eba - Small Portion,Okro Soup & Semo - Regular Portion
frozenset({'M065'}),frozenset({'M074'}),0.09062383763626479,0.09913114801003328,0.011502036222830492,0.12692064828457167,1.280330661274353,1.0,0.0025183911608727023,1.0318292950347956,0.2407713953419651,0.06452648475120386,0.030847442680644363,0.12147456312631508,Nkwobi,Asun (Peppered Goat) - Regular Portion
frozenset({'M074'}),frozenset({'M065'}),0.09913114801003328,0.09062383763626479,0.011502036222830492,0.11602847796805849,1.2803306612743528,1.0,0.0025183911608727023,1.028739206748875,0.24304510808580654,0.06452648475120386,0.02793633853977389,0.12147456312631508,Asun (Peppered Goat) - Regular Portion,Nkwobi
"frozenset({'M083', 'M008'})",frozenset({'M011'}),0.05186407378088907,0.1738180847106847,0.011540185596703894,0.22250827510114013,1.2801215447259064,1.0,0.002525271626816117,1.0626247056157276,0.23079410021121505,0.053890348728454995,0.058933982322047,0.1444502966726551,"Suya Platter, Coconut Rice - Regular Portion",White Rice & Stew - Regular Portion
frozenset({'M011'}),"frozenset({'M083', 'M008'})",0.1738180847106847,0.05186407378088907,0.011540185596703894,0.06639231824417009,1.2801215447259062,1.0,0.002525271626816117,1.015561402018413,0.2648619800556129,0.053890348728454995,0.015322955350099868,0.1444502966726551,White Rice & Stew - Regular Portion,"Suya Platter, Coconut Rice - Regular Portion"
frozenset({'M014'}),frozenset({'M008'}),0.08723808070500043,0.12407130117976939,0.013848222716044674,0.15874057067891112,1.2794302080294035,1.0,0.003024480530549536,1.0412111511512214,0.23927605554454054,0.07013137557959814,0.039580013242900954,0.13517780321169787,Native Jollof (Palm Oil) - Regular Portion,Coconut Rice - Regular Portion
frozenset({'M008'}),frozenset({'M014'}),0.12407130117976939,0.08723808070500043,0.013848222716044674,0.11161503574448459,1.2794302080294035,1.0,0.003024480530549536,1.0274396303632993,0.2493377280529029,0.07013137557959814,0.026706805492403174,0.13517780321169787,Coconut Rice - Regular Portion,Native Jollof (Palm Oil) - Regular Portion
frozenset({'M058'}),frozenset({'M046'}),0.15923548654757705,0.05891217060399996,0.01199797808318471,0.07534738859607092,1.278978313370023,1.0,0.0026170699334829104,1.0177744785332048,0.2594375836966595,0.0582003238491788,0.017464063904236493,0.139503061304673,Vegetable Soup & Eba - Small Portion,Edikang Ikong & Fufu - Small Portion
frozenset({'M046'}),frozenset({'M058'}),0.05891217060399996,0.15923548654757705,0.01199797808318471,0.20365873401327506,1.2789783133700228,1.0,0.0026170699334829104,1.0557841836949822,0.23178061283396856,0.0582003238491788,0.05283672985112474,0.139503061304673,Edikang Ikong & Fufu - Small Portion,Vegetable Soup & Eba - Small Portion
frozenset({'M004'}),frozenset({'M020'}),0.10215448588950034,0.12081906705706193,0.015784303440119787,0.1545140509756325,1.2788879664387467,1.0,0.003442093759256559,1.0398528017614632,0.24288218292868421,0.07618302338427545,0.03832542615065732,0.1425790968487256,Fried Rice - Small Portion,Basmati Rice & Chicken Sauce - Regular Portion
frozenset({'M020'}),frozenset({'M004'}),0.12081906705706193,0.10215448588950034,0.015784303440119787,0.13064414272181873,1.2788879664387467,1.0,0.003442093759256559,1.032770995437375,0.24803845286990367,0.07618302338427545,0.03173113457112191,0.1425790968487256,Basmati Rice & Chicken Sauce - Regular Portion,Fried Rice - Small Portion
frozenset({'M050'}),frozenset({'M047'}),0.10893553709549741,0.07409562140561368,0.010319405632755052,0.09472946944493084,1.2784759429489565,1.0,0.0022477593185098906,1.0227930185981704,0.24444772468399453,0.059749295930200445,0.022285074481061814,0.11700046647687395,Okro Soup & Semo - Regular Portion,Edikang Ikong & Fufu - Regular Portion
frozenset({'M047'}),frozenset({'M050'}),0.07409562140561368,0.10893553709549741,0.010319405632755052,0.13927146350881708,1.2784759429489565,1.0,0.0022477593185098906,1.0352444761933721,0.23524964946643995,0.059749295930200445,0.03404459236814031,0.11700046647687395,Edikang Ikong & Fufu - Regular Portion,Okro Soup & Semo - Regular Portion
frozenset({'M096'}),frozenset({'M091'}),0.11731886200417736,0.14072350287550905,0.02110614109545927,0.17990407283960652,1.2784223613219643,1.0,0.004596619880862969,1.047775593886634,0.24673224351073167,0.08907941874974842,0.0455971623746402,0.1649435647152963,Jollof Spaghetti,Boiled Yam & Egg Sauce
frozenset({'M091'}),frozenset({'M096'}),0.14072350287550905,0.11731886200417736,0.02110614109545927,0.1499830565909861,1.2784223613219643,1.0,0.004596619880862969,1.0384276982242355,0.2534526409265474,0.08907941874974842,0.03700565604129101,0.1649435647152963,Boiled Yam & Egg Sauce,Jollof Spaghetti
frozenset({'M087'}),frozenset({'M086'}),0.15739477925818543,0.11781480386453157,0.023671686488445507,0.15039689753378171,1.2765534771565246,1.0,0.005128251440841149,1.0383497818860021,0.25710822180121556,0.09410783347235915,0.036933394271384756,0.17565987514105097,Extra Beef,Moi Moi
frozenset({'M086'}),frozenset({'M087'}),0.11781480386453157,0.15739477925818543,0.023671686488445507,0.20092285274832025,1.2765534771565246,1.0,0.005128251440841149,1.0544729299790938,0.2455728467609439,0.09410783347235915,0.05165891738934811,0.17565987514105097,Moi Moi,Extra Beef
frozenset({'M022'}),frozenset({'M020'}),0.09234055946056785,0.12081906705706193,0.014229716454778685,0.15410039248089238,1.2754641815609447,1.0,0.0030732162092257237,1.0393442970395026,0.2379435516392075,0.07153130693259181,0.037854921753621026,0.13593873428907266,Yam Porridge (Asaro) - Small Portion,Basmati Rice & Chicken Sauce - Regular Portion
frozenset({'M020'}),frozenset({'M022'}),0.12081906705706193,0.09234055946056785,0.014229716454778685,0.11777707609725291,1.2754641815609447,1.0,0.0030732162092257237,1.0288323007116613,0.2456510404950125,0.07153130693259181,0.028024295788261565,0.13593873428907266,Basmati Rice & Chicken Sauce - Regular Portion,Yam Porridge (Asaro) - Small Portion
frozenset({'M011'}),frozenset({'M008'}),0.1738180847106847,0.12407130117976939,0.02750569856272234,0.15824417009602196,1.275429278095011,1.0,0.00593986262409231,1.0405971276969366,0.26138342077487564,0.10172839506172839,0.03901329978373727,0.189968422199214,White Rice & Stew - Regular Portion,Coconut Rice - Regular Portion
frozenset({'M008'}),frozenset({'M011'}),0.12407130117976939,0.1738180847106847,0.02750569856272234,0.22169267430240602,1.275429278095011,1.0,0.00593986262409231,1.0615111640492545,0.2465386229398791,0.10172839506172839,0.05794678956989326,0.189968422199214,Coconut Rice - Regular Portion,White Rice & Stew - Regular Portion
frozenset({'M019'}),frozenset({'M026'}),0.09061430029279645,0.26049346215105246,0.030080781299176927,0.3319650563098621,1.2743700113186158,1.0,0.006476348495511253,1.1069878077994095,0.23675162992931617,0.09370172311348782,0.09664768396328705,0.22372060159981078,Basmati Rice & Chicken Sauce - Small Portion,Ofada Rice & Ayamase
frozenset({'M026'}),frozenset({'M019'}),0.26049346215105246,0.09061430029279645,0.030080781299176927,0.11547614688975945,1.2743700113186156,1.0,0.006476348495511253,1.028107604458084,0.2911381247099525,0.09370172311348782,0.027339165994107684,0.22372060159981078,Ofada Rice & Ayamase,Basmati Rice & Chicken Sauce - Small Portion
"frozenset({'M083', 'M085'})",frozenset({'M080'}),0.08618897292348189,0.10570237765972666,0.011606947000982346,0.13466858470731438,1.2740355296532184,1.0,0.0024965676349205067,1.0334741193208503,0.23537966491808904,0.06438131513516374,0.03238989607485091,0.12223819923807476,"Suya Platter, Fried Plantain (Dodo)",Grilled Titus Fish - Regular Portion
frozenset({'M080'}),"frozenset({'M083', 'M085'})",0.10570237765972666,0.08618897292348189,0.011606947000982346,0.10980781376883514,1.2740355296532182,1.0,0.0024965676349205067,1.026532294049164,0.24051560462483773,0.06438131513516374,0.02584652641029634,0.12223819923807476,Grilled Titus Fish - Regular Portion,"Suya Platter, Fried Plantain (Dodo)"
frozenset({'M058'}),frozenset({'M047'}),0.15923548654757705,0.07409562140561368,0.015030853306120114,0.09439386679444178,1.2739466246961018,1.0,0.0032322009805521544,1.0224139884267112,0.2557645494625151,0.068854034689152,0.021922615183700533,0.14862568870678455,Vegetable Soup & Eba - Small Portion,Edikang Ikong & Fufu - Regular Portion
frozenset({'M047'}),frozenset({'M058'}),0.07409562140561368,0.15923548654757705,0.015030853306120114,0.2028575106191273,1.2739466246961018,1.0,0.0032322009805521544,1.054722994511848,0.23224618217453302,0.068854034689152,0.05188375980858845,0.14862568870678455,Edikang Ikong & Fufu - Regular Portion,Vegetable Soup & Eba - Small Portion
frozenset({'M024'}),frozenset({'M015'}),0.07020438527052675,0.11913095726316392,0.010653212654147313,0.1517456867273468,1.2737720758185127,1.0,0.0022896970327974976,1.038449235039374,0.23115853399283523,0.0596210301574593,0.03702562796718321,0.12058503614247415,Yam Porridge (Asaro) - Large Portion,Native Jollof (Palm Oil) - Large Portion
frozenset({'M015'}),frozenset({'M024'}),0.11913095726316392,0.07020438527052675,0.010653212654147313,0.08942438555760147,1.2737720758185127,1.0,0.0022896970327974976,1.0211075280100097,0.2439978938822164,0.0596210301574593,0.020671209868705222,0.12058503614247415,Native Jollof (Palm Oil) - Large Portion,Yam Porridge (Asaro) - Large Portion
frozenset({'M091'}),frozenset({'M094'}),0.14072350287550905,0.06073380320645488,0.010882108897387721,0.07732971873941037,1.2732566487980397,1.0,0.002335435367223568,1.0179868322086645,0.24975940552883427,0.05710139125212691,0.01766902246627252,0.12825342720890115,Boiled Yam & Egg Sauce,Gizdodo
frozenset({'M094'}),frozenset({'M091'}),0.06073380320645488,0.14072350287550905,0.010882108897387721,0.17917713567839194,1.2732566487980395,1.0,0.002335435367223568,1.0468476628446066,0.22848941848365556,0.05710139125212691,0.04475117489139444,0.12825342720890115,Gizdodo,Boiled Yam & Egg Sauce
frozenset({'M025'}),"frozenset({'M035', 'M011'})",0.35541864169154325,0.022698877454673774,0.010271718915413302,0.028900338109805187,1.2732056097273883,1.0,0.0022041147225503547,1.006386018756366,0.3328996416974562,0.02792398039876585,0.006345496297988542,0.2407106732565833,Party Jollof Rice,"Efo Riro & Amala - Regular Portion, White Rice & Stew - Regular Portion"
"frozenset({'M035', 'M011'})",frozenset({'M025'}),0.022698877454673774,0.35541864169154325,0.010271718915413302,0.4525210084033614,1.273205609727388,1.0,0.0022041147225503547,1.1773627266109956,0.2195647771966954,0.02792398039876585,0.15064408155805054,0.2407106732565833,"Efo Riro & Amala - Regular Portion, White Rice & Stew - Regular Portion",Party Jollof Rice
frozenset({'M141'}),frozenset({'M144'}),0.14290755452976128,0.10884970100428226,0.019799525040295276,0.13854778430325682,1.2728356901761835,1.0,0.004244080458477597,1.0344744406687196,0.2500927885874079,0.08535833230541508,0.033325560606827856,0.16022281005226802,Fresh Orange Juice,Lemonade
frozenset({'M144'}),frozenset({'M141'}),0.10884970100428226,0.14290755452976128,0.019799525040295276,0.18189783580127925,1.2728356901761833,1.0,0.004244080458477597,1.0476594280980867,0.24053477848396354,0.08535833230541508,0.04549133699355637,0.16022281005226802,Lemonade,Fresh Orange Juice
frozenset({'M023'}),frozenset({'M005'}),0.1710713297917998,0.07217861536847527,0.015708004692372986,0.09182137481184145,1.2721409844604106,1.0,0.0033603129787570865,1.02162874009427,0.25807239138846005,0.06903344790007546,0.02117084146661172,0.1547241123530666,Yam Porridge (Asaro) - Regular Portion,Fried Rice - Regular Portion
frozenset({'M005'}),frozenset({'M023'}),0.07217861536847527,0.1710713297917998,0.015708004692372986,0.21762684989429176,1.2721409844604106,1.0,0.0033603129787570865,1.0595055186852995,0.230565502966979,0.06903344790007546,0.056163481582557316,0.1547241123530666,Fried Rice - Regular Portion,Yam Porridge (Asaro) - Regular Portion
frozenset({'M085'}),frozenset({'M095'}),0.2092779277260112,0.09005159702816377,0.02396734413596437,0.11452399398441417,1.271759721802564,1.0,0.005121532521492427,1.0276375608034483,0.27024406266360274,0.08703934607924634,0.026894268813841566,0.19033761656433162,Fried Plantain (Dodo),Ponmo (Cow Skin)
frozenset({'M095'}),frozenset({'M085'}),0.09005159702816377,0.2092779277260112,0.02396734413596437,0.2661512391442491,1.271759721802564,1.0,0.005121532521492427,1.077500044221533,0.2348352330211403,0.08703934607924634,0.07192579214929394,0.19033761656433162,Ponmo (Cow Skin),Fried Plantain (Dodo)
"frozenset({'M011', 'M025'})",frozenset({'M020'}),0.07722387006323259,0.12081906705706193,0.011864455274627804,0.15363714956156602,1.2716299943700473,1.0,0.002534339339052269,1.0387754288689581,0.2314838034895671,0.0637262435326059,0.03732801892626361,0.12591866950765385,"White Rice & Stew - Regular Portion, Party Jollof Rice",Basmati Rice & Chicken Sauce - Regular Portion
frozenset({'M020'}),"frozenset({'M011', 'M025'})",0.12081906705706193,0.07722387006323259,0.011864455274627804,0.0982001894537417,1.271629994370047,1.0,0.002534339339052269,1.023260505430582,0.2429621939276176,0.0637262435326059,0.022731753358148206,0.12591866950765385,Basmati Rice & Chicken Sauce - Regular Portion,"White Rice & Stew - Regular Portion, Party Jollof Rice"
frozenset({'M008'}),"frozenset({'M026', 'M083'})",0.12407130117976939,0.10136288638162726,0.015984587652955146,0.12883388423399186,1.2710163338180542,1.0,0.003408362448249526,1.031533593140511,0.2434308292975292,0.07631710759983608,0.030569623083729888,0.143265267295769,Coconut Rice - Regular Portion,"Ofada Rice & Ayamase, Suya Platter"
"frozenset({'M026', 'M083'})",frozenset({'M008'}),0.10136288638162726,0.12407130117976939,0.015984587652955146,0.15769665035754613,1.2710163338180542,1.0,0.003408362448249526,1.0399207116913998,0.2372793715371372,0.07631710759983608,0.03838822637397997,0.143265267295769,"Ofada Rice & Ayamase, Suya Platter",Coconut Rice - Regular Portion
frozenset({'M089'}),frozenset({'M090'}),0.06436753106789635,0.1230317307417192,0.010061897359109593,0.15631945473403466,1.270562104520796,1.0,0.0021426486082549243,1.0394553651605438,0.22759660826950492,0.05673873292459933,0.037957729098305276,0.11905120023523438,Extra Fish,Coleslaw
frozenset({'M090'}),frozenset({'M089'}),0.1230317307417192,0.06436753106789635,0.010061897359109593,0.0817829457364341,1.270562104520796,1.0,0.0021426486082549243,1.018966555443152,0.24282152955873212,0.05673873292459933,0.01861352106390137,0.11905120023523438,Coleslaw,Extra Fish
frozenset({'M145'}),frozenset({'M144'}),0.18876310192558965,0.10884970100428226,0.02610370907287484,0.1382881972514147,1.2704508691849719,1.0,0.005556901867633551,1.0341628095997213,0.26241146815486244,0.09614303779682451,0.03303426625150456,0.18905122208141575,Fresh Watermelon Juice,Lemonade
frozenset({'M144'}),frozenset({'M145'}),0.10884970100428226,0.18876310192558965,0.02610370907287484,0.2398142469114168,1.2704508691849719,1.0,0.005556901867633551,1.067156145426838,0.23887986761044158,0.09614303779682451,0.06293000861647755,0.18905122208141575,Lemonade,Fresh Watermelon Juice
frozenset({'M022'}),frozenset({'M017'}),0.09234055946056785,0.1432508988946219,0.016804799191233274,0.18198719272877506,1.2704087313451926,1.0,0.0035769310440746487,1.047354141023014,0.2345061904273072,0.07680906713164778,0.04521311289871864,0.1496487228623902,Yam Porridge (Asaro) - Small Portion,Concoction Rice - Regular Portion
frozenset({'M017'}),frozenset({'M022'}),0.1432508988946219,0.09234055946056785,0.016804799191233274,0.11731025299600532,1.2704087313451926,1.0,0.0035769310440746487,1.02828818803004,0.24844117995765827,0.07680906713164778,0.0275099805281568,0.1496487228623902,Concoction Rice - Regular Portion,Yam Porridge (Asaro) - Small Portion
frozenset({'M093'}),frozenset({'M088'}),0.14924988793621424,0.07972265405194037,0.015107152053866917,0.1012205252731804,1.2696582480462062,1.0,0.00320855487063724,1.0239189610196364,0.24964613993797766,0.07063860149839458,0.02336020908902539,0.1453584382556834,Akara (5 pcs),Extra Chicken
frozenset({'M088'}),frozenset({'M093'}),0.07972265405194037,0.14924988793621424,0.015107152053866917,0.1894963512381864,1.2696582480462062,1.0,0.00320855487063724,1.0496561161241602,0.23078529800136263,0.07063860149839458,0.04730703261894444,0.1453584382556834,Extra Chicken,Akara (5 pcs)
frozenset({'M096'}),frozenset({'M088'}),0.11731886200417736,0.07972265405194037,0.011873992618096156,0.10121128363547678,1.2695423256924723,1.0,0.0025210215687697917,1.0239084327520878,0.2405337047813078,0.06412567602369301,0.02335016685801285,0.12507627227592716,Jollof Spaghetti,Extra Chicken
frozenset({'M088'}),frozenset({'M096'}),0.07972265405194037,0.11731886200417736,0.011873992618096156,0.14894126091637755,1.2695423256924723,1.0,0.0025210215687697917,1.0371565409765366,0.23070715061880814,0.06412567602369301,0.03582539328301569,0.12507627227592716,Extra Chicken,Jollof Spaghetti
frozenset({'M015'}),frozenset({'M026'}),0.11913095726316392,0.26049346215105246,0.03938922852428685,0.33063805940277,1.2692758454376978,1.0,0.008356393017436212,1.1047932262015554,0.24084078566132955,0.1157705892246454,0.09485324829683302,0.24092405295038732,Native Jollof (Palm Oil) - Large Portion,Ofada Rice & Ayamase
frozenset({'M026'}),frozenset({'M015'}),0.26049346215105246,0.11913095726316392,0.03938922852428685,0.15121004649800462,1.2692758454376978,1.0,0.008356393017436212,1.037793907788949,0.2868794005994531,0.1157705892246454,0.0364175463984656,0.24092405295038732,Ofada Rice & Ayamase,Native Jollof (Palm Oil) - Large Portion
frozenset({'M087'}),frozenset({'M095'}),0.15739477925818543,0.09005159702816377,0.017987429781308715,0.11428225171180997,1.2690752355682047,1.0,0.00381377854521381,1.027357083823234,0.25162988204219494,0.07839062305166467,0.026628602901560522,0.1570140341380486,Extra Beef,Ponmo (Cow Skin)
frozenset({'M095'}),frozenset({'M087'}),0.09005159702816377,0.15739477925818543,0.017987429781308715,0.19974581656428725,1.2690752355682047,1.0,0.00381377854521381,1.0529219817686888,0.23300733493343223,0.07839062305166467,0.05026201626049352,0.1570140341380486,Ponmo (Cow Skin),Extra Beef
frozenset({'M090'}),frozenset({'M088'}),0.1230317307417192,0.07972265405194037,0.012446233226197175,0.1011627906976744,1.268934055202998,1.0,0.0026378171188636175,1.023853192128501,0.24167006990354806,0.06540042096822692,0.023297473028249586,0.12864097185320375,Coleslaw,Extra Chicken
frozenset({'M088'}),frozenset({'M090'}),0.07972265405194037,0.1230317307417192,0.012446233226197175,0.1561191530087331,1.268934055202998,1.0,0.0026378171188636175,1.0392086422923121,0.23029685981947876,0.06540042096822692,0.03772932662090325,0.12864097185320375,Extra Chicken,Coleslaw
frozenset({'M011'}),"frozenset({'M083', 'M025'})",0.1738180847106847,0.15090938569970722,0.03327579136107429,0.191440329218107,1.2685780167381493,1.0,0.007045010973885189,1.0501273375151219,0.25625809721668646,0.11417258418141954,0.04773453249368441,0.2059710651968055,White Rice & Stew - Regular Portion,"Suya Platter, Party Jollof Rice"
"frozenset({'M083', 'M025'})",frozenset({'M011'}),0.15090938569970722,0.1738180847106847,0.03327579136107429,0.220501801175504,1.2685780167381493,1.0,0.007045010973885189,1.0598894475127967,0.24934418306030331,0.11417258418141954,0.05650537200208678,0.2059710651968055,"Suya Platter, Party Jollof Rice",White Rice & Stew - Regular Portion
frozenset({'M086'}),frozenset({'M088'}),0.11781480386453157,0.07972265405194037,0.011912141991969556,0.10110904233789363,1.2682598634011826,1.0,0.0025196331412802985,1.0237919717666049,0.23976604795696274,0.06417304629296615,0.023239068504855163,0.12526441469688077,Moi Moi,Extra Chicken
frozenset({'M088'}),frozenset({'M086'}),0.07972265405194037,0.11781480386453157,0.011912141991969556,0.14941978705586792,1.2682598634011826,1.0,0.0025196331412802985,1.0371569696900675,0.22984164390750672,0.06417304629296615,0.035825791828956385,0.12526441469688077,Extra Chicken,Moi Moi
frozenset({'M023'}),"frozenset({'M026', 'M085'})",0.1710713297917998,0.04891703464916882,0.010605525936805563,0.0619947594358031,1.2673450032371594,1.0,0.0022372237699007057,1.013942059405519,0.25448374875817875,0.05065136193859889,0.013750351192348636,0.13940057722228838,Yam Porridge (Asaro) - Regular Portion,"Ofada Rice & Ayamase, Fried Plantain (Dodo)"
"frozenset({'M026', 'M085'})",frozenset({'M023'}),0.04891703464916882,0.1710713297917998,0.010605525936805563,0.21680639500877366,1.2673450032371594,1.0,0.0022372237699007057,1.0583956060487574,0.2217986055190264,0.05065136193859889,0.05517370415657924,0.13940057722228838,"Ofada Rice & Ayamase, Fried Plantain (Dodo)",Yam Porridge (Asaro) - Regular Portion
frozenset({'M093'}),frozenset({'M087'}),0.14924988793621424,0.15739477925818543,0.029766048964721365,0.19943766374848232,1.2671174017870763,1.0,0.006274895798692011,1.0525166905642285,0.24778973515327654,0.10750576969446454,0.049896301916196394,0.1942773969836152,Akara (5 pcs),Extra Beef
frozenset({'M087'}),frozenset({'M093'}),0.15739477925818543,0.14924988793621424,0.029766048964721365,0.1891171302187481,1.2671174017870763,1.0,0.006274895798692011,1.0491652293669598,0.25018494991559037,0.10750576969446454,0.04686128360985132,0.1942773969836152,Extra Beef,Akara (5 pcs)
frozenset({'M078'}),"frozenset({'M026', 'M083'})",0.09819648835013495,0.10136288638162726,0.01260836806515913,0.1283993783993784,1.2667296974551399,1.0,0.002654888573449617,1.0310193583479792,0.2334938778037517,0.06744209774512805,0.03008610662527435,0.126393893189151,Roasted Turkey Wings - Regular Portion,"Ofada Rice & Ayamase, Suya Platter"
"frozenset({'M026', 'M083'})",frozenset({'M078'}),0.10136288638162726,0.09819648835013495,0.01260836806515913,0.1243884079789236,1.2667296974551399,1.0,0.002654888573449617,1.029912714572831,0.23431660651575245,0.06744209774512805,0.029043931732834004,0.126393893189151,"Ofada Rice & Ayamase, Suya Platter",Roasted Turkey Wings - Regular Portion
"frozenset({'M035', 'M083'})",frozenset({'M058'}),0.05504954649931808,0.15923548654757705,0.01110146779715978,0.20166320166320167,1.266446355868972,1.0,0.0023356264761173976,1.0531451327359778,0.22264551363417895,0.054637626736763055,0.05046325628255184,0.1356902496097513,"Efo Riro & Amala - Regular Portion, Suya Platter",Vegetable Soup & Eba - Small Portion
frozenset({'M058'}),"frozenset({'M035', 'M083'})",0.15923548654757705,0.05504954649931808,0.01110146779715978,0.0697172975563009,1.266446355868972,1.0,0.0023356264761173976,1.0157669824650648,0.2502353223907982,0.054637626736763055,0.015522243523609508,0.1356902496097513,Vegetable Soup & Eba - Small Portion,"Efo Riro & Amala - Regular Portion, Suya Platter"
frozenset({'M023'}),"frozenset({'M025', 'M091'})",0.1710713297917998,0.04631333988230918,0.010033285328704542,0.05864971845905112,1.266367716258231,1.0,0.002110400687938314,1.0131049820865277,0.25374914987421243,0.04838783864587645,0.012935463074653425,0.13764446384237566,Yam Porridge (Asaro) - Regular Portion,"Party Jollof Rice, Boiled Yam & Egg Sauce"
"frozenset({'M025', 'M091'})",frozenset({'M023'}),0.04631333988230918,0.1710713297917998,0.010033285328704542,0.21663920922570018,1.266367716258231,1.0,0.002110400687938314,1.058169722011309,0.2205545638498655,0.04838783864587645,0.05497201517044309,0.13764446384237566,"Party Jollof Rice, Boiled Yam & Egg Sauce",Yam Porridge (Asaro) - Regular Portion
frozenset({'M020'}),"frozenset({'M083', 'M011'})",0.12081906705706193,0.07616522493824571,0.011645096374855748,0.09638459109567414,1.2654671626562144,1.0,0.0024428849556256335,1.02237607499627,0.23860616851732333,0.06283126640251119,0.02188634451011747,0.12463857653957261,Basmati Rice & Chicken Sauce - Regular Portion,"Suya Platter, White Rice & Stew - Regular Portion"
"frozenset({'M083', 'M011'})",frozenset({'M020'}),0.07616522493824571,0.12081906705706193,0.011645096374855748,0.15289256198347106,1.2654671626562144,1.0,0.0024428849556256335,1.037862369620444,0.22707306490922852,0.06283126640251119,0.03648110840967342,0.12463857653957261,"Suya Platter, White Rice & Stew - Regular Portion",Basmati Rice & Chicken Sauce - Regular Portion
"frozenset({'M083', 'M011'})",frozenset({'M080'}),0.07616522493824571,0.10570237765972666,0.010185882824198148,0.13373403456048083,1.2651941945051859,1.0,0.002135037453237669,1.0323591806894221,0.2268885167994144,0.05933003722015443,0.031344885864057835,0.11504891748776545,"Suya Platter, White Rice & Stew - Regular Portion",Grilled Titus Fish - Regular Portion
frozenset({'M080'}),"frozenset({'M083', 'M011'})",0.10570237765972666,0.07616522493824571,0.010185882824198148,0.09636380041505008,1.2651941945051859,1.0,0.002135037453237669,1.0223525523723838,0.23438226452281458,0.05933003722015443,0.021863839749325504,0.11504891748776545,Grilled Titus Fish - Regular Portion,"Suya Platter, White Rice & Stew - Regular Portion"
"frozenset({'M023', 'M085'})",frozenset({'M026'}),0.03218853420568235,0.26049346215105246,0.010605525936805563,0.3294814814814815,1.2648358955374661,1.0,0.0022206232199997906,1.102887567494564,0.21634751109593625,0.037598052474979715,0.09328926223032337,0.18509734748478204,"Yam Porridge (Asaro) - Regular Portion, Fried Plantain (Dodo)",Ofada Rice & Ayamase
frozenset({'M026'}),"frozenset({'M023', 'M085'})",0.26049346215105246,0.03218853420568235,0.010605525936805563,0.0407132134880826,1.2648358955374661,1.0,0.0022206232199997906,1.0088864762886989,0.28313962232674594,0.037598052474979715,0.00880820240686417,0.18509734748478204,Ofada Rice & Ayamase,"Yam Porridge (Asaro) - Regular Portion, Fried Plantain (Dodo)"
frozenset({'M025'}),"frozenset({'M026', 'M004'})",0.35541864169154325,0.03422952570790932,0.015374197670980725,0.04325658777437879,1.263721505915684,1.0,0.0032083861381298345,1.0094351964707762,0.3237549590617531,0.041077389598144894,0.009347005636185247,0.2462033844416614,Party Jollof Rice,"Ofada Rice & Ayamase, Fried Rice - Small Portion"
"frozenset({'M026', 'M004'})",frozenset({'M025'}),0.03422952570790932,0.35541864169154325,0.015374197670980725,0.449150181108944,1.263721505915684,1.0,0.0032083861381298345,1.170158065234725,0.21608282384496239,0.041077389598144894,0.14541459849750515,0.2462033844416614,"Ofada Rice & Ayamase, Fried Rice - Small Portion",Party Jollof Rice
frozenset({'M017'}),frozenset({'M015'}),0.1432508988946219,0.11913095726316392,0.021563933581940087,0.15053262316910787,1.2635894701708534,1.0,0.004498316867815072,1.0369663000162457,0.2434828639917295,0.08954455445544554,0.03564850662520712,0.1657714753024308,Concoction Rice - Regular Portion,Native Jollof (Palm Oil) - Large Portion
frozenset({'M015'}),frozenset({'M017'}),0.11913095726316392,0.1432508988946219,0.021563933581940087,0.18101032743575374,1.2635894701708532,1.0,0.004498316867815072,1.0461048897270067,0.23681582021698844,0.08954455445544554,0.04407291293613803,0.1657714753024308,Native Jollof (Palm Oil) - Large Portion,Concoction Rice - Regular Portion
frozenset({'M087'}),"frozenset({'M083', 'M091'})",0.15739477925818543,0.054353320426128504,0.010805810149640918,0.06865418408774161,1.2631092921185816,1.0,0.002250881279221002,1.015355052245127,0.24721288928389626,0.053775689401490336,0.015122840243099444,0.1337304961498543,Extra Beef,"Suya Platter, Boiled Yam & Egg Sauce"
"frozenset({'M083', 'M091'})",frozenset({'M087'}),0.054353320426128504,0.15739477925818543,0.010805810149640918,0.198806808211967,1.2631092921185816,1.0,0.002250881279221002,1.0516879441540956,0.22027558034586964,0.053775689401490336,0.04914760546738978,0.1337304961498543,"Suya Platter, Boiled Yam & Egg Sauce",Extra Beef
frozenset({'M093'}),frozenset({'M085'}),0.14924988793621424,0.2092779277260112,0.03942737789816025,0.2641702345197776,1.2622938185131114,1.0,0.00819267063752993,1.0745991931407426,0.24424494561882548,0.12355789347839082,0.06942048125190817,0.22628372273771774,Akara (5 pcs),Fried Plantain (Dodo)
frozenset({'M085'}),frozenset({'M093'}),0.2092779277260112,0.14924988793621424,0.03942737789816025,0.18839721095565784,1.2622938185131114,1.0,0.00819267063752993,1.048234584143728,0.26278691608880284,0.12355789347839082,0.046015066544603044,0.22628372273771774,Fried Plantain (Dodo),Akara (5 pcs)
frozenset({'M044'}),frozenset({'M035'}),0.06184013504878351,0.14032293444983834,0.010948870301666174,0.1770512029611351,1.2617410236986324,1.0,0.002271281084846574,1.044630077403907,0.22111831858854392,0.05725971370143149,0.04272333179877495,0.12753871913162446,Ogbono Soup & Eba - Regular Portion,Efo Riro & Amala - Regular Portion
frozenset({'M035'}),frozenset({'M044'}),0.14032293444983834,0.06184013504878351,0.010948870301666174,0.07802623530211378,1.2617410236986324,1.0,0.002271281084846574,1.0175559228180795,0.2413049506822794,0.05725971370143149,0.017253029955797493,0.12753871913162446,Efo Riro & Amala - Regular Portion,Ogbono Soup & Eba - Regular Portion
"frozenset({'M026', 'M020'})",frozenset({'M025'}),0.03717656483962957,0.35541864169154325,0.01667127638267637,0.448435094920472,1.261709551266742,1.0,0.003458032204617642,1.1686409928773789,0.21543364505144688,0.044347473107367565,0.14430521768893112,0.24767056093096,"Ofada Rice & Ayamase, Basmati Rice & Chicken Sauce - Regular Portion",Party Jollof Rice
frozenset({'M025'}),"frozenset({'M026', 'M020'})",0.35541864169154325,0.03717656483962957,0.01667127638267637,0.046906026941447965,1.261709551266742,1.0,0.003458032204617642,1.0102082925470568,0.321797333267422,0.044347473107367565,0.010105136358877503,0.24767056093096,Party Jollof Rice,"Ofada Rice & Ayamase, Basmati Rice & Chicken Sauce - Regular Portion"
frozenset({'M144'}),frozenset({'M139'}),0.10884970100428226,0.1387206607471555,0.0190460749062956,0.17497590467011304,1.2613543197364057,1.0,0.00394637246085125,1.0439444667473146,0.23250999489881022,0.08334376695463461,0.04209464022950879,0.15613697261694032,Lemonade,Bottled Water
frozenset({'M139'}),frozenset({'M144'}),0.1387206607471555,0.10884970100428226,0.0190460749062956,0.1372980405637676,1.2613543197364057,1.0,0.00394637246085125,1.0329758606066874,0.2405739253577285,0.08334376695463461,0.03192316671109824,0.15613697261694032,Bottled Water,Lemonade
frozenset({'M025'}),"frozenset({'M083', 'M017'})",0.35541864169154325,0.060504906963214464,0.027124204823988328,0.07631621317018193,1.261322709190849,1.0,0.005619632975449446,1.017117661295359,0.32142022126223935,0.06976401903547073,0.01682957827470886,0.26230690860274547,Party Jollof Rice,"Suya Platter, Concoction Rice - Regular Portion"
"frozenset({'M083', 'M017'})",frozenset({'M025'}),0.060504906963214464,0.35541864169154325,0.027124204823988328,0.448297604035309,1.261322709190849,1.0,0.005619632975449446,1.1683497534596716,0.22052428410172317,0.06976401903547073,0.14409191508036076,0.26230690860274547,"Suya Platter, Concoction Rice - Regular Portion",Party Jollof Rice
"frozenset({'M083', 'M145'})",frozenset({'M072'}),0.07371412766687967,0.11843473118997434,0.011006094362476276,0.14930780178548325,1.2606758193758822,1.0,0.002275781467345932,1.0362917053433744,0.2232298586240958,0.060759227083662395,0.03502074286250262,0.12111871004075259,"Suya Platter, Fresh Watermelon Juice",Grilled Catfish - Regular Portion
frozenset({'M072'}),"frozenset({'M083', 'M145'})",0.11843473118997434,0.07371412766687967,0.011006094362476276,0.0929296182960219,1.2606758193758822,1.0,0.002275781467345932,1.021184123103044,0.2345540048390665,0.060759227083662395,0.020744665554212158,0.12111871004075259,Grilled Catfish - Regular Portion,"Suya Platter, Fresh Watermelon Juice"
frozenset({'M068'}),"frozenset({'M083', 'M026'})",0.10782920525316879,0.10136288638162726,0.01376238662482952,0.12763134618786484,1.2591526419969719,1.0,0.002832507144131406,1.0301116502655705,0.23069025928612213,0.07042116050949196,0.029231443269093715,0.13170238743341303,Chicken Suya - Regular Portion,"Suya Platter, Ofada Rice & Ayamase"
"frozenset({'M083', 'M026'})",frozenset({'M068'}),0.10136288638162726,0.10782920525316879,0.01376238662482952,0.13577342867896122,1.2591526419969716,1.0,0.002832507144131406,1.032334371972708,0.22903028246734128,0.07042116050949196,0.03132160746611537,0.13170238743341303,"Suya Platter, Ofada Rice & Ayamase",Chicken Suya - Regular Portion
frozenset({'M025'}),"frozenset({'M023', 'M020'})",0.35541864169154325,0.025912962203507833,0.011587872314045646,0.032603445499919496,1.2581906014398452,1.0,0.002377922485470592,1.0069159676714676,0.3183583544087601,0.03134028064382997,0.006868465585525479,0.23989392002636759,Party Jollof Rice,"Yam Porridge (Asaro) - Regular Portion, Basmati Rice & Chicken Sauce - Regular Portion"
"frozenset({'M023', 'M020'})",frozenset({'M025'}),0.025912962203507833,0.35541864169154325,0.011587872314045646,0.44718439455281567,1.2581906014398452,1.0,0.002377922485470592,1.1659970376325415,0.21066686297135184,0.03134028064382997,0.14236488796711216,0.23989392002636759,"Yam Porridge (Asaro) - Regular Portion, Basmati Rice & Chicken Sauce - Regular Portion",Party Jollof Rice
frozenset({'M023'}),frozenset({'M013'}),0.1710713297917998,0.05946533652516428,0.012789577591057786,0.07476166583040642,1.257231022290929,1.0,0.0026167633951810505,1.016532312530015,0.24682610736247348,0.058735929219044275,0.01626344025294012,0.1449189243346098,Yam Porridge (Asaro) - Regular Portion,Native Jollof (Palm Oil) - Small Portion
frozenset({'M013'}),frozenset({'M023'}),0.05946533652516428,0.1710713297917998,0.012789577591057786,0.21507618283881313,1.257231022290929,1.0,0.0026167633951810505,1.056062578411959,0.21753715720878983,0.058735929219044275,0.053086416996483844,0.1449189243346098,Native Jollof (Palm Oil) - Small Portion,Yam Porridge (Asaro) - Regular Portion
frozenset({'M092'}),frozenset({'M085'}),0.038540404955603666,0.2092779277260112,0.010138196106856396,0.263053699579312,1.256958640777945,1.0,0.002072540024026367,1.0729710859836095,0.21262346955791658,0.04265478913366237,0.06800843651505818,0.15574869730366958,Fried Yam & Pepper Sauce,Fried Plantain (Dodo)
frozenset({'M085'}),frozenset({'M092'}),0.2092779277260112,0.038540404955603666,0.010138196106856396,0.04844369502802716,1.256958640777945,1.0,0.002072540024026367,1.0104074661905742,0.25853442329007537,0.04265478913366237,0.010300266515064731,0.15574869730366958,Fried Plantain (Dodo),Fried Yam & Pepper Sauce
frozenset({'M014'}),frozenset({'M017'}),0.08723808070500043,0.1432508988946219,0.015708004692372986,0.18005903574942606,1.2569487321812964,1.0,0.003211071213540105,1.044891203708119,0.22396048639345936,0.07313499111900533,0.042962562560397544,0.14485641534475296,Native Jollof (Palm Oil) - Regular Portion,Concoction Rice - Regular Portion
frozenset({'M017'}),frozenset({'M014'}),0.1432508988946219,0.08723808070500043,0.015708004692372986,0.10965379494007989,1.2569487321812962,1.0,0.003211071213540105,1.0251764022890073,0.23860264707951195,0.07313499111900533,0.02455811724966894,0.14485641534475296,Concoction Rice - Regular Portion,Native Jollof (Palm Oil) - Regular Portion
frozenset({'M011'}),"frozenset({'M085', 'M025'})",0.1738180847106847,0.07242658629865237,0.01582245281399319,0.09102880658436213,1.2568424281244344,1.0,0.003233402301428318,1.0204651373117868,0.24734905168396804,0.06866721854304636,0.0200547148192619,0.15474537511203884,White Rice & Stew - Regular Portion,"Fried Plantain (Dodo), Party Jollof Rice"
"frozenset({'M085', 'M025'})",frozenset({'M011'}),0.07242658629865237,0.1738180847106847,0.01582245281399319,0.21846194363971558,1.2568424281244344,1.0,0.003233402301428318,1.0571230774569604,0.2203117405551828,0.06866721854304636,0.05403635458832011,0.15474537511203884,"Fried Plantain (Dodo), Party Jollof Rice",White Rice & Stew - Regular Portion
frozenset({'M025'}),"frozenset({'M026', 'M014'})",0.35541864169154325,0.029451316630265807,0.013142459299386748,0.036977405678098,1.255543381720937,1.0,0.0026749123466301167,1.0078150700639912,0.31575858943632007,0.03535509031198686,0.007754468350522815,0.24161046449708007,Party Jollof Rice,"Ofada Rice & Ayamase, Native Jollof (Palm Oil) - Regular Portion"
"frozenset({'M026', 'M014'})",frozenset({'M025'}),0.029451316630265807,0.35541864169154325,0.013142459299386748,0.44624352331606215,1.2555433817209367,1.0,0.0026749123466301167,1.164015926582757,0.20970828559548846,0.03535509031198686,0.1409052254673734,0.24161046449708007,"Ofada Rice & Ayamase, Native Jollof (Palm Oil) - Regular Portion",Party Jollof Rice
"frozenset({'M083', 'M025'})",frozenset({'M017'}),0.15090938569970722,0.1432508988946219,0.027124204823988328,0.1797383555583644,1.2547101410552641,1.0,0.0055062996708700705,1.0444827048917786,0.23908305021628493,0.10157505625200901,0.042588263724661485,0.18454294608810365,"Suya Platter, Party Jollof Rice",Concoction Rice - Regular Portion
frozenset({'M017'}),"frozenset({'M083', 'M025'})",0.1432508988946219,0.15090938569970722,0.027124204823988328,0.1893475366178429,1.2547101410552641,1.0,0.0055062996708700705,1.0474163129755583,0.23694588499132163,0.10157505625200901,0.045269786605533595,0.18454294608810365,Concoction Rice - Regular Portion,"Suya Platter, Party Jollof Rice"
frozenset({'M015'}),frozenset({'M004'}),0.11913095726316392,0.10215448588950034,0.015269286892828872,0.12817228404451206,1.2546907062226809,1.0,0.003099525200086325,1.0298428206385906,0.2304438217885151,0.07411693903060043,0.028978034356821055,0.1388223944730076,Native Jollof (Palm Oil) - Large Portion,Fried Rice - Small Portion
frozenset({'M004'}),frozenset({'M015'}),0.10215448588950034,0.11913095726316392,0.015269286892828872,0.14947250490150313,1.2546907062226806,1.0,0.003099525200086325,1.0356737998632548,0.22608658785199975,0.07411693903060043,0.03444501528180494,0.1388223944730076,Fried Rice - Small Portion,Native Jollof (Palm Oil) - Large Portion
frozenset({'M122'}),frozenset({'M141'}),0.06383343983366872,0.14290755452976128,0.01144481216202039,0.17929179740026896,1.2545998564612655,1.0,0.002322531378168142,1.044332739401476,0.2167703090935024,0.058602334326317326,0.04245078003288861,0.12968861092650927,Yam & Egg,Fresh Orange Juice
frozenset({'M141'}),frozenset({'M122'}),0.14290755452976128,0.06383343983366872,0.01144481216202039,0.08008542445274959,1.2545998564612653,1.0,0.002322531378168142,1.017666841086209,0.2367692256334362,0.058602334326317326,0.017360142212506858,0.12968861092650927,Fresh Orange Juice,Yam & Egg
frozenset({'M021'}),frozenset({'M026'}),0.03554567910654166,0.26049346215105246,0.011616484344450697,0.32680440032197483,1.2545589345058903,1.0,0.00235706732947733,1.0985017403599153,0.21038540759173946,0.04084233116491181,0.08966917096339061,0.18569927481408302,Basmati Rice & Chicken Sauce - Large Portion,Ofada Rice & Ayamase
frozenset({'M026'}),frozenset({'M021'}),0.26049346215105246,0.03554567910654166,0.011616484344450697,0.04459414930619119,1.2545589345058903,1.0,0.00235706732947733,1.009470813050892,0.274381773547255,0.04084233116491181,0.00938195827798992,0.18569927481408302,Ofada Rice & Ayamase,Basmati Rice & Chicken Sauce - Large Portion
frozenset({'M015'}),frozenset({'M014'}),0.11913095726316392,0.08723808070500043,0.013037548521234895,0.1094387959330718,1.2544842235026252,1.0,0.0026447924570470443,1.024928904522999,0.2302948958038628,0.06743623896206404,0.024322569509931787,0.1294433511752382,Native Jollof (Palm Oil) - Large Portion,Native Jollof (Palm Oil) - Regular Portion
frozenset({'M014'}),frozenset({'M015'}),0.08723808070500043,0.11913095726316392,0.013037548521234895,0.1494479064174046,1.254484223502625,1.0,0.0026447924570470443,1.035643847546766,0.22224814612184202,0.06743623896206404,0.034417090036501626,0.1294433511752382,Native Jollof (Palm Oil) - Regular Portion,Native Jollof (Palm Oil) - Large Portion
frozenset({'M020'}),frozenset({'M023'}),0.12081906705706193,0.1710713297917998,0.025912962203507833,0.21447742342911272,1.2537309652654234,1.0,0.005244283737851619,1.0552576016679207,0.2301923350518336,0.09742541594951235,0.05236408776452468,0.18297601449651543,Basmati Rice & Chicken Sauce - Regular Portion,Yam Porridge (Asaro) - Regular Portion
frozenset({'M023'}),frozenset({'M020'}),0.1710713297917998,0.12081906705706193,0.025912962203507833,0.15147460556391815,1.2537309652654232,1.0,0.005244283737851619,1.0361280153874823,0.2441473182926016,0.09742541594951235,0.03486829315581378,0.18297601449651543,Yam Porridge (Asaro) - Regular Portion,Basmati Rice & Chicken Sauce - Regular Portion
"frozenset({'M083', 'M011'})",frozenset({'M017'}),0.07616522493824571,0.1432508988946219,0.013676550533614367,0.17956423741547708,1.2534946642643268,1.0,0.0027658135966995966,1.0442610380689177,0.2189031579342944,0.06647506026330428,0.04238503253053164,0.13751847023903016,"Suya Platter, White Rice & Stew - Regular Portion",Concoction Rice - Regular Portion
frozenset({'M017'}),"frozenset({'M083', 'M011'})",0.1432508988946219,0.07616522493824571,0.013676550533614367,0.09547270306258322,1.2534946642643268,1.0,0.0027658135966995966,1.0213453791717613,0.2360438422516217,0.06647506026330428,0.020899276196922653,0.13751847023903016,Concoction Rice - Regular Portion,"Suya Platter, White Rice & Stew - Regular Portion"
frozenset({'M020'}),"frozenset({'M023', 'M083'})",0.12081906705706193,0.06897406796310955,0.010443391097843606,0.0864382696558257,1.2531995314827131,1.0,0.002110008555410327,1.0191166082297873,0.22980761367216904,0.05822919436320128,0.01875801853822494,0.1189243339429571,Basmati Rice & Chicken Sauce - Regular Portion,"Yam Porridge (Asaro) - Regular Portion, Suya Platter"
"frozenset({'M023', 'M083'})",frozenset({'M020'}),0.06897406796310955,0.12081906705706193,0.010443391097843606,0.1514103982300885,1.2531995314827131,1.0,0.002110008555410327,1.0360496182244303,0.2170105742851449,0.05822919436320128,0.034795262302409445,0.1189243339429571,"Yam Porridge (Asaro) - Regular Portion, Suya Platter",Basmati Rice & Chicken Sauce - Regular Portion
"frozenset({'M083', 'M093'})",frozenset({'M087'}),0.05833039265243059,0.15739477925818543,0.011502036222830492,0.197187704381949,1.2528223954524471,1.0,0.0023211369472578985,1.0495669103985616,0.21430261968125647,0.05632092653995236,0.04722606048978736,0.13513266331622445,"Suya Platter, Akara (5 pcs)",Extra Beef
frozenset({'M087'}),"frozenset({'M083', 'M093'})",0.15739477925818543,0.05833039265243059,0.011502036222830492,0.07307762225049991,1.2528223954524471,1.0,0.0023211369472578985,1.0159098862559284,0.23949799830475907,0.05632092653995236,0.015660725888359404,0.13513266331622445,Extra Beef,"Suya Platter, Akara (5 pcs)"
frozenset({'M096'}),frozenset({'M090'}),0.11731886200417736,0.1230317307417192,0.01808280321599222,0.1541338102593285,1.2527972201163453,1.0,0.003648860574969357,1.0367695031375408,0.22860602206128738,0.08135593220338984,0.03546545594393594,0.15055527722268752,Jollof Spaghetti,Coleslaw
frozenset({'M090'}),frozenset({'M096'}),0.1230317307417192,0.11731886200417736,0.01808280321599222,0.1469767441860465,1.252797220116345,1.0,0.003648860574969357,1.0347679643898684,0.23009523922276157,0.08135593220338984,0.03359976882389153,0.15055527722268752,Coleslaw,Jollof Spaghetti
frozenset({'M144'}),frozenset({'M136'}),0.10884970100428226,0.08769587319148124,0.011950291365842958,0.10978708490318059,1.251907084196127,1.0,0.002404621789640772,1.0248156495340182,0.22579656295940068,0.0647377938517179,0.024214744910757178,0.12302839835153592,Lemonade,Coke (50cl)
frozenset({'M136'}),frozenset({'M144'}),0.08769587319148124,0.10884970100428226,0.011950291365842958,0.13626971179989125,1.251907084196127,1.0,0.002404621789640772,1.0317460336521813,0.22056096062767083,0.0647377938517179,0.03076923255988354,0.12302839835153592,Coke (50cl),Lemonade
frozenset({'M020'}),frozenset({'M019'}),0.12081906705706193,0.09061430029279645,0.013705162564019418,0.11343542784970002,1.251849073304799,1.0,0.0027572273406152974,1.0257410777215612,0.22882850548458597,0.06931313910862434,0.025095102731713653,0.1323413324913167,Basmati Rice & Chicken Sauce - Regular Portion,Basmati Rice & Chicken Sauce - Small Portion
frozenset({'M019'}),frozenset({'M020'}),0.09061430029279645,0.12081906705706193,0.013705162564019418,0.15124723713293337,1.251849073304799,1.0,0.0027572273406152974,1.0358504518713858,0.2212280872688578,0.06931313910862434,0.034609679231801915,0.1323413324913167,Basmati Rice & Chicken Sauce - Small Portion,Basmati Rice & Chicken Sauce - Regular Portion
frozenset({'M085'}),"frozenset({'M083', 'M096'})",0.2092779277260112,0.044997186483676836,0.011788156526881003,0.05632775828282368,1.251806228001769,1.0,0.002371238586076234,1.0120068931756738,0.2543931995897351,0.048613569321533934,0.011864438134404699,0.15915158579677427,Fried Plantain (Dodo),"Suya Platter, Jollof Spaghetti"
"frozenset({'M083', 'M096'})",frozenset({'M085'}),0.044997186483676836,0.2092779277260112,0.011788156526881003,0.2619754133107249,1.2518062280017688,1.0,0.002371238586076234,1.0714034281989313,0.21063217312560056,0.048613569321533934,0.06664476360595858,0.15915158579677427,"Suya Platter, Jollof Spaghetti",Fried Plantain (Dodo)
frozenset({'M026'}),frozenset({'M018'}),0.26049346215105246,0.05421026027410325,0.017672697446853153,0.06784315161278512,1.2514817540028382,1.0,0.003551279063942335,1.0146251045221295,0.27173147154683763,0.059497816593886456,0.014414293966260273,0.1969229832659281,Ofada Rice & Ayamase,Concoction Rice - Large Portion
frozenset({'M018'}),frozenset({'M026'}),0.05421026027410325,0.26049346215105246,0.017672697446853153,0.32600281491907107,1.2514817540028382,1.0,0.003551279063942335,1.0971952913425784,0.21246498170559458,0.059497816593886456,0.08858522462637054,0.1969229832659281,Concoction Rice - Large Portion,Ofada Rice & Ayamase
frozenset({'M035'}),frozenset({'M058'}),0.14032293444983834,0.15923548654757705,0.027944416362266453,0.19914361449058654,1.2506233303157934,1.0,0.005600025621362682,1.0498318158724855,0.23310931581056166,0.10288282594192212,0.04746647521924438,0.18731737504596407,Efo Riro & Amala - Regular Portion,Vegetable Soup & Eba - Small Portion
frozenset({'M058'}),frozenset({'M035'}),0.15923548654757705,0.14032293444983834,0.027944416362266453,0.1754911356013416,1.2506233303157934,1.0,0.005600025621362682,1.0426535149226717,0.23835298631424656,0.10288282594192212,0.040908618550847244,0.18731737504596407,Vegetable Soup & Eba - Small Portion,Efo Riro & Amala - Regular Portion
frozenset({'M083'}),"frozenset({'M023', 'M072'})",0.40491745429228143,0.021211051873611126,0.010739048745362467,0.026521575277934806,1.2503658675659812,1.0,0.002150323617838323,1.0054552040080804,0.33648119604701426,0.025852964136474265,0.005425606219286758,0.26640826965335584,Suya Platter,"Yam Porridge (Asaro) - Regular Portion, Grilled Catfish - Regular Portion"
"frozenset({'M023', 'M072'})",frozenset({'M083'}),0.021211051873611126,0.40491745429228143,0.010739048745362467,0.5062949640287769,1.250365867565981,1.0,0.002150323617838323,1.2053402383005154,0.20457330163946577,0.025852964136474265,0.17035873504898294,0.26640826965335584,"Yam Porridge (Asaro) - Regular Portion, Grilled Catfish - Regular Portion",Suya Platter
"frozenset({'M026', 'M074'})",frozenset({'M083'}),0.027429399814975535,0.40491745429228143,0.013886372089918074,0.506258692628651,1.2502762902959932,1.0,0.0027797293440730043,1.2052516911657738,0.20582237081379023,0.03318442884492661,0.17029778316863023,0.2702765104371821,"Ofada Rice & Ayamase, Asun (Peppered Goat) - Regular Portion",Suya Platter
frozenset({'M083'}),"frozenset({'M026', 'M074'})",0.40491745429228143,0.027429399814975535,0.013886372089918074,0.034294328245713206,1.250276290295993,1.0,0.0027797293440730043,1.0071087171086683,0.3363849068633105,0.03318442884492661,0.007058539944999024,0.2702765104371821,Suya Platter,"Ofada Rice & Ayamase, Asun (Peppered Goat) - Regular Portion"
frozenset({'M026'}),frozenset({'M017'}),0.26049346215105246,0.1432508988946219,0.04664714690370144,0.17907223666385969,1.250060125595363,1.0,0.00933122429439101,1.0436351885867092,0.2705026504729249,0.1306287057315314,0.041810767846760605,0.2523523633385876,Ofada Rice & Ayamase,Concoction Rice - Regular Portion
frozenset({'M017'}),frozenset({'M026'}),0.1432508988946219,0.26049346215105246,0.04664714690370144,0.32563249001331557,1.250060125595363,1.0,0.00933122429439101,1.0965927730764333,0.233485483990712,0.1306287057315314,0.08808445162870011,0.2523523633385876,Concoction Rice - Regular Portion,Ofada Rice & Ayamase
frozenset({'M011'}),frozenset({'M025'}),0.1738180847106847,0.35541864169154325,0.07722387006323259,0.4442798353909465,1.250018381918535,1.0,0.01544568249393543,1.1599027700603894,0.24209167563879916,0.1708444106848968,0.1378587707416754,0.33077781819458774,White Rice & Stew - Regular Portion,Party Jollof Rice
frozenset({'M025'}),frozenset({'M011'}),0.35541864169154325,0.1738180847106847,0.07722387006323259,0.21727580099822894,1.250018381918535,1.0,0.01544568249393543,1.055521109917091,0.31029715904248895,0.1708444106848968,0.05260066273942352,0.33077781819458774,Party Jollof Rice,White Rice & Stew - Regular Portion
"frozenset({'M083', 'M087'})",frozenset({'M093'}),0.061668462866353205,0.14924988793621424,0.011502036222830492,0.1865140736158367,1.2496764734292347,1.0,0.002298025050828687,1.0458080274913382,0.21292355791471737,0.05767851164570281,0.04380156423279852,0.13178985040623134,"Suya Platter, Extra Beef",Akara (5 pcs)
frozenset({'M093'}),"frozenset({'M083', 'M087'})",0.14924988793621424,0.061668462866353205,0.011502036222830492,0.07706562719662598,1.2496764734292345,1.0,0.002298025050828687,1.0166828376794599,0.23484321254500426,0.05767851164570281,0.016409087535634807,0.13178985040623134,Akara (5 pcs),"Suya Platter, Extra Beef"
frozenset({'M026'}),frozenset({'M054'}),0.26049346215105246,0.05172101362886382,0.016833411221638325,0.06462124263171383,1.2494194931177995,1.0,0.0033604253154938205,1.0137914496146407,0.2699479893144964,0.056988795970423944,0.013603833036748466,0.19504342603649125,Ofada Rice & Ayamase,Ewedu & Gbegiri Amala - Large Portion
frozenset({'M054'}),frozenset({'M026'}),0.05172101362886382,0.26049346215105246,0.016833411221638325,0.3254656094412687,1.2494194931177995,1.0,0.0033604253154938205,1.096321474782625,0.21051642591088446,0.056988795970423944,0.08785878685968765,0.19504342603649125,Ewedu & Gbegiri Amala - Large Portion,Ofada Rice & Ayamase
frozenset({'M096'}),frozenset({'M087'}),0.11731886200417736,0.15739477925818543,0.023070833849939437,0.1966506788066011,1.2494104298340258,1.0,0.004605457461970424,1.048865292485839,0.22615471029033832,0.09168087928747393,0.04658872100727725,0.17161504430543956,Jollof Spaghetti,Extra Beef
frozenset({'M087'}),frozenset({'M096'}),0.15739477925818543,0.11731886200417736,0.023070833849939437,0.146579409804278,1.2494104298340258,1.0,0.004605457461970424,1.034286198547647,0.23691106122799396,0.09168087928747393,0.03314962395881526,0.17161504430543956,Extra Beef,Jollof Spaghetti
frozenset({'M089'}),frozenset({'M087'}),0.06436753106789635,0.15739477925818543,0.012656054782500882,0.19662172173655357,1.2492264525116268,1.0,0.002524941438674943,1.0488274870502594,0.21322969186508836,0.06052451539338653,0.04655435488974711,0.13851567211471683,Extra Fish,Extra Beef
frozenset({'M087'}),frozenset({'M089'}),0.15739477925818543,0.06436753106789635,0.012656054782500882,0.08040962249288007,1.2492264525116266,1.0,0.002524941438674943,1.0174448230618414,0.2367711689155261,0.06052451539338653,0.017145719027144894,0.13851567211471683,Extra Beef,Extra Fish
frozenset({'M025'}),"frozenset({'M085', 'M015'})",0.35541864169154325,0.02371937320578726,0.01052922718905876,0.029624859120914507,1.2489731016031391,1.0,0.0020989197824830656,1.0060857761770128,0.3092584700103894,0.028564775285259643,0.006048963538812541,0.23676659120098803,Party Jollof Rice,"Fried Plantain (Dodo), Native Jollof (Palm Oil) - Large Portion"
"frozenset({'M085', 'M015'})",frozenset({'M025'}),0.02371937320578726,0.35541864169154325,0.01052922718905876,0.44390832328106156,1.2489731016031391,1.0,0.0020989197824830656,1.1591278655915633,0.20418539423676454,0.028564775285259643,0.13728240888277848,0.23676659120098803,"Fried Plantain (Dodo), Native Jollof (Palm Oil) - Large Portion",Party Jollof Rice
frozenset({'M145'}),frozenset({'M136'}),0.18876310192558965,0.08769587319148124,0.020667423295915154,0.10948868229587712,1.2485043857971736,1.0,0.0041136782462179965,1.0244722427117279,0.24535577799460384,0.08079791200596569,0.023887658143817554,0.17258012146332735,Fresh Watermelon Juice,Coke (50cl)
frozenset({'M136'}),frozenset({'M145'}),0.08769587319148124,0.18876310192558965,0.020667423295915154,0.2356715606307776,1.2485043857971736,1.0,0.0041136782462179965,1.0613721226229658,0.21817467927200598,0.08079791200596569,0.05782337910976689,0.17258012146332735,Coke (50cl),Fresh Watermelon Juice
frozenset({'M141'}),frozenset({'M136'}),0.14290755452976128,0.08769587319148124,0.015631705944626186,0.10938334223171384,1.2473031882911831,1.0,0.003099303164479549,1.024351070520708,0.23132896554275498,0.07271517302573204,0.0237721921922036,0.14381619531379058,Fresh Orange Juice,Coke (50cl)
frozenset({'M136'}),frozenset({'M141'}),0.08769587319148124,0.14290755452976128,0.015631705944626186,0.17824904839586733,1.247303188291183,1.0,0.003099303164479549,1.0430075484514088,0.2173291810908961,0.07271517302573204,0.04123416797439645,0.14381619531379058,Coke (50cl),Fresh Orange Juice
frozenset({'M025'}),"frozenset({'M085', 'M011'})",0.35541864169154325,0.03572688863244032,0.01582245281399319,0.04451779101593946,1.2460584372163022,1.0,0.003124450584386214,1.0092004877755352,0.3063529804608783,0.04215688765786598,0.009116610511965464,0.24369509411982235,Party Jollof Rice,"Fried Plantain (Dodo), White Rice & Stew - Regular Portion"
"frozenset({'M085', 'M011'})",frozenset({'M025'}),0.03572688863244032,0.35541864169154325,0.01582245281399319,0.44287239722370525,1.2460584372163022,1.0,0.003124450584386214,1.1569725770117292,0.20478577898668174,0.04215688765786598,0.13567527885333608,0.24369509411982235,"Fried Plantain (Dodo), White Rice & Stew - Regular Portion",Party Jollof Rice
frozenset({'M023'}),frozenset({'M034'}),0.1710713297917998,0.04890749730570047,0.010424316410906905,0.06093549645983163,1.2459336465112727,1.0,0.0020576458100318596,1.0128084909064148,0.23812548315998422,0.04974513016566539,0.012646508220869868,0.1370395111004306,Yam Porridge (Asaro) - Regular Portion,Efo Riro & Amala - Small Portion
frozenset({'M034'}),frozenset({'M023'}),0.04890749730570047,0.1710713297917998,0.010424316410906905,0.2131435257410296,1.2459336465112725,1.0,0.0020576458100318596,1.0534687040465056,0.20753926620104554,0.04974513016566539,0.0507549050495052,0.1370395111004306,Efo Riro & Amala - Small Portion,Yam Porridge (Asaro) - Regular Portion
frozenset({'M025'}),"frozenset({'M022', 'M026'})",0.35541864169154325,0.03299920840049213,0.014611210193512698,0.041109858852573386,1.2457831822402232,1.0,0.0028826763669136234,1.0084583729710432,0.306077889345802,0.039087615451344586,0.008387428968559063,0.2419422126632809,Party Jollof Rice,"Yam Porridge (Asaro) - Small Portion, Ofada Rice & Ayamase"
"frozenset({'M022', 'M026'})",frozenset({'M025'}),0.03299920840049213,0.35541864169154325,0.014611210193512698,0.4427745664739884,1.2457831822402232,1.0,0.0028826763669136234,1.1567694500763797,0.20402475714250798,0.039087615451344586,0.1355235047623608,0.2419422126632809,"Yam Porridge (Asaro) - Small Portion, Ofada Rice & Ayamase",Party Jollof Rice
frozenset({'M091'}),"frozenset({'M083', 'M087'})",0.14072350287550905,0.061668462866353205,0.010805810149640918,0.07678752965096577,1.2451669148520588,1.0,0.002127608038139439,1.0163765842319012,0.2291402360968932,0.056401831939466344,0.016112713029764827,0.1260058897868191,Boiled Yam & Egg Sauce,"Suya Platter, Extra Beef"
"frozenset({'M083', 'M087'})",frozenset({'M091'}),0.061668462866353205,0.14072350287550905,0.010805810149640918,0.17522424992267244,1.2451669148520588,1.0,0.002127608038139439,1.041830457604905,0.20983502273096197,0.056401831939466344,0.0401509259971822,0.1260058897868191,"Suya Platter, Extra Beef",Boiled Yam & Egg Sauce
"frozenset({'M083', 'M090'})",frozenset({'M085'}),0.04873582512327016,0.2092779277260112,0.012694204156374284,0.2604696673189824,1.2446112695649012,1.0,0.0024948716685590303,1.06922196065628,0.20660536333807797,0.051745587434880655,0.06474049655114855,0.16056341224947435,"Suya Platter, Coleslaw",Fried Plantain (Dodo)
frozenset({'M085'}),"frozenset({'M083', 'M090'})",0.2092779277260112,0.04873582512327016,0.012694204156374284,0.06065715717996628,1.2446112695649012,1.0,0.0024948716685590303,1.0126911405647236,0.24855292064340276,0.051745587434880655,0.012532093998221843,0.16056341224947435,Fried Plantain (Dodo),"Suya Platter, Coleslaw"
"frozenset({'M017', 'M085'})",frozenset({'M025'}),0.028888613365633135,0.35541864169154325,0.012770502904121087,0.4420600858369099,1.2437729313606463,1.0,0.0025029511813555953,1.155288126814388,0.20182517254077312,0.034372112126501694,0.1344150634029125,0.2389954805828139,"Concoction Rice - Regular Portion, Fried Plantain (Dodo)",Party Jollof Rice
frozenset({'M025'}),"frozenset({'M017', 'M085'})",0.35541864169154325,0.028888613365633135,0.012770502904121087,0.035930875328717866,1.243772931360646,1.0,0.0025029511813555953,1.0073047272056201,0.30406514342600577,0.034372112126501694,0.007251755112759493,0.2389954805828139,Party Jollof Rice,"Concoction Rice - Regular Portion, Fried Plantain (Dodo)"
frozenset({'M093'}),frozenset({'M094'}),0.14924988793621424,0.06073380320645488,0.011273139979590084,0.07553198287430507,1.2436563970404775,1.0,0.002208626657086604,1.0160072381020384,0.23029016709958955,0.05673146148308135,0.015755043371483004,0.13057378038187614,Akara (5 pcs),Gizdodo
frozenset({'M094'}),frozenset({'M093'}),0.06073380320645488,0.14924988793621424,0.011273139979590084,0.18561557788944721,1.2436563970404775,1.0,0.002208626657086604,1.044654206251868,0.20858771042329724,0.05673146148308135,0.04274544244844768,0.13057378038187614,Gizdodo,Akara (5 pcs)
"frozenset({'M005', 'M026'})",frozenset({'M025'}),0.024472823339786936,0.35541864169154325,0.01081534749310927,0.4419329696024942,1.2434152792301594,1.0,0.0021172498633251005,1.1550249758516062,0.20067453398831417,0.029303839991730838,0.13421785597086802,0.23618142603454284,"Fried Rice - Regular Portion, Ofada Rice & Ayamase",Party Jollof Rice
frozenset({'M025'}),"frozenset({'M005', 'M026'})",0.35541864169154325,0.024472823339786936,0.01081534749310927,0.03042988246659153,1.2434152792301592,1.0,0.0021172498633251005,1.0061440209625678,0.30370636545083546,0.029303839991730838,0.006106502483302426,0.23618142603454284,Party Jollof Rice,"Fried Rice - Regular Portion, Ofada Rice & Ayamase"
frozenset({'M024'}),frozenset({'M017'}),0.07020438527052675,0.1432508988946219,0.012503457287007276,0.1781008015215324,1.2432787709942872,1.0,0.0024466159906599665,1.042401674915155,0.21044964693126217,0.062221167536782154,0.040676905971593263,0.13269221167954115,Yam Porridge (Asaro) - Large Portion,Concoction Rice - Regular Portion
frozenset({'M017'}),frozenset({'M024'}),0.1432508988946219,0.07020438527052675,0.012503457287007276,0.08728362183754992,1.243278770994287,1.0,0.0024466159906599665,1.0187125343377845,0.2283926047726147,0.062221167536782154,0.018368807398594183,0.13269221167954115,Concoction Rice - Regular Portion,Yam Porridge (Asaro) - Large Portion
frozenset({'M008'}),frozenset({'M015'}),0.12407130117976939,0.11913095726316392,0.018368923520042726,0.1480513490660312,1.2427613482445312,1.0,0.00358819064161048,1.0339461677310746,0.22300933747272808,0.08170017816238227,0.032831658736708944,0.15112118329932733,Coconut Rice - Regular Portion,Native Jollof (Palm Oil) - Large Portion
frozenset({'M015'}),frozenset({'M008'}),0.11913095726316392,0.12407130117976939,0.018368923520042726,0.1541910175326235,1.242761348244531,1.0,0.00358819064161048,1.0356105420694275,0.2217585921629525,0.08170017816238227,0.03438603666419617,0.15112118329932733,Native Jollof (Palm Oil) - Large Portion,Coconut Rice - Regular Portion
frozenset({'M025'}),"frozenset({'M023', 'M026', 'M083'})",0.35541864169154325,0.023194819315027992,0.010243106885008249,0.02881983577523748,1.242511760225915,1.0,0.001999235709780228,1.0057919391966779,0.3027990823060386,0.027806545153272574,0.005758585817762574,0.2352158389402503,Party Jollof Rice,"Yam Porridge (Asaro) - Regular Portion, Ofada Rice & Ayamase, Suya Platter"
"frozenset({'M023', 'M026', 'M083'})",frozenset({'M025'}),0.023194819315027992,0.35541864169154325,0.010243106885008249,0.4416118421052631,1.2425117602259148,1.0,0.001999235709780228,1.1543607241577074,0.1998132766152141,0.027806545153272574,0.1337196605249529,0.2352158389402503,"Yam Porridge (Asaro) - Regular Portion, Ofada Rice & Ayamase, Suya Platter",Party Jollof Rice
"frozenset({'M145', 'M025'})",frozenset({'M141'}),0.06263173455665659,0.14290755452976128,0.01112054248409648,0.17755443886097153,1.2424426367466448,1.0,0.002169994462647545,1.042126659767276,0.2081720435887375,0.05719892077507971,0.04042374251963152,0.12768538814377994,"Fresh Watermelon Juice, Party Jollof Rice",Fresh Orange Juice
frozenset({'M141'}),"frozenset({'M145', 'M025'})",0.14290755452976128,0.06263173455665659,0.01112054248409648,0.07781633742658836,1.2424426367466448,1.0,0.002169994462647545,1.0164659204952278,0.22766956871905683,0.05719892077507971,0.016199185986683653,0.12768538814377994,Fresh Orange Juice,"Fresh Watermelon Juice, Party Jollof Rice"
frozenset({'M085'}),"frozenset({'M096', 'M025'})",0.2092779277260112,0.03926524305919829,0.010204957511134849,0.048762703367816615,1.2418795751321206,1.0,0.001987608812047686,1.009984322883726,0.24631783050596792,0.042817126850740295,0.009885621645312804,0.154330343668363,Fried Plantain (Dodo),"Jollof Spaghetti, Party Jollof Rice"
"frozenset({'M096', 'M025'})",frozenset({'M085'}),0.03926524305919829,0.2092779277260112,0.010204957511134849,0.2598979839689094,1.2418795751321206,1.0,0.001987608812047686,1.0683960523636402,0.20272915491878402,0.042817126850740295,0.06401750756409658,0.154330343668363,"Jollof Spaghetti, Party Jollof Rice",Fried Plantain (Dodo)
frozenset({'M011'}),"frozenset({'M140', 'M025'})",0.1738180847106847,0.04689511783387855,0.010119121419919696,0.05821673525377229,1.2414242237326172,1.0,0.0019679018557530546,1.0120214680422723,0.23538833878543136,0.04805036003804176,0.011878669002474423,0.13699935806821217,White Rice & Stew - Regular Portion,"Malt (Maltina), Party Jollof Rice"
"frozenset({'M140', 'M025'})",frozenset({'M011'}),0.04689511783387855,0.1738180847106847,0.010119121419919696,0.21578198088265205,1.2414242237326172,1.0,0.0019679018557530546,1.0535104972711522,0.20404217018859225,0.04805036003804176,0.05079256201979717,0.13699935806821217,"Malt (Maltina), Party Jollof Rice",White Rice & Stew - Regular Portion
frozenset({'M139'}),frozenset({'M140'}),0.1387206607471555,0.13895909433386425,0.023929194762090968,0.17249914059814367,1.241366327443786,1.0,0.004652697379271008,1.0405317358685564,0.22575256439341343,0.09430203713448096,0.03895290693341857,0.17235114888520775,Bottled Water,Malt (Maltina)
frozenset({'M140'}),frozenset({'M139'}),0.13895909433386425,0.1387206607471555,0.023929194762090968,0.1722031571722718,1.241366327443786,1.0,0.004652697379271008,1.0404477218235588,0.22581507825690447,0.09430203713448096,0.038875304328282394,0.17235114888520775,Malt (Maltina),Bottled Water
frozenset({'M011'}),"frozenset({'M025', 'M093'})",0.1738180847106847,0.05039532288676312,0.010872571553919371,0.06255144032921811,1.2412151911352853,1.0,0.002112953051365673,1.012967236780143,0.23522413958614596,0.05096338682998793,0.01280124006908763,0.13914854378307992,White Rice & Stew - Regular Portion,"Party Jollof Rice, Akara (5 pcs)"
"frozenset({'M025', 'M093'})",frozenset({'M011'}),0.05039532288676312,0.1738180847106847,0.010872571553919371,0.21574564723694173,1.2412151911352853,1.0,0.002112953051365673,1.0534616892829975,0.20465140373607196,0.05096338682998793,0.05074858424076579,0.13914854378307992,"Party Jollof Rice, Akara (5 pcs)",White Rice & Stew - Regular Portion
frozenset({'M085'}),frozenset({'M090'}),0.2092779277260112,0.1230317307417192,0.03195010061897359,0.15266827689923892,1.2408853876869845,1.0,0.006202274964802006,1.0349763207838678,0.2455019374109333,0.1063728447591528,0.0337943198134017,0.20617909968992953,Fried Plantain (Dodo),Coleslaw
frozenset({'M090'}),frozenset({'M085'}),0.1230317307417192,0.2092779277260112,0.03195010061897359,0.2596899224806201,1.2408853876869845,1.0,0.006202274964802006,1.068095783490519,0.22135783870611153,0.1063728447591528,0.06375437909508733,0.20617909968992953,Coleslaw,Fried Plantain (Dodo)
frozenset({'M014'}),frozenset({'M011'}),0.08723808070500043,0.1738180847106847,0.018807641319586843,0.21558981086695092,1.2403186424806951,1.0,0.003644085217607531,1.0532524012754518,0.21227393849935206,0.07763779527559056,0.05055996189608975,0.16189641434979918,Native Jollof (Palm Oil) - Regular Portion,White Rice & Stew - Regular Portion
frozenset({'M011'}),frozenset({'M014'}),0.1738180847106847,0.08723808070500043,0.018807641319586843,0.10820301783264746,1.2403186424806951,1.0,0.003644085217607531,1.0235086432751719,0.2345192553060512,0.07763779527559056,0.0229686807528517,0.16189641434979918,White Rice & Stew - Regular Portion,Native Jollof (Palm Oil) - Regular Portion
frozenset({'M025'}),"frozenset({'M083', 'M015'})",0.35541864169154325,0.04999475446109241,0.02203126341188925,0.06198679761713089,1.2398660276523827,1.0,0.004262195689625565,1.012784514253717,0.3001347221248085,0.057465545549529824,0.012623133621999927,0.2513291485224151,Party Jollof Rice,"Suya Platter, Native Jollof (Palm Oil) - Large Portion"
"frozenset({'M083', 'M015'})",frozenset({'M025'}),0.04999475446109241,0.35541864169154325,0.02203126341188925,0.4406714994276993,1.2398660276523827,1.0,0.004262195689625565,1.15242001372883,0.20364229331491315,0.057465545549529824,0.13226081802905523,0.2513291485224151,"Suya Platter, Native Jollof (Palm Oil) - Large Portion",Party Jollof Rice
"frozenset({'M023', 'M026'})",frozenset({'M025'}),0.061353730531897646,0.35541864169154325,0.027028831389304824,0.4405409606715374,1.2394987459714315,1.0,0.005222571820948797,1.152151119199306,0.2058520487119641,0.06935029976752723,0.1320583009154601,0.25829441636324685,"Yam Porridge (Asaro) - Regular Portion, Ofada Rice & Ayamase",Party Jollof Rice
frozenset({'M025'}),"frozenset({'M023', 'M026'})",0.35541864169154325,0.061353730531897646,0.027028831389304824,0.07604787205495626,1.2394987459714315,1.0,0.005222571820948797,1.0159035745236495,0.29976395546547435,0.06935029976752723,0.015654610262698074,0.25829441636324685,Party Jollof Rice,"Yam Porridge (Asaro) - Regular Portion, Ofada Rice & Ayamase"
frozenset({'M018'}),frozenset({'M023'}),0.05421026027410325,0.1710713297917998,0.011492498879362142,0.21199859254046446,1.2392409224764587,1.0,0.0022186775659117225,1.0519380579288702,0.20411979507136777,0.05375624553890079,0.04937368463607981,0.13958908274511656,Concoction Rice - Large Portion,Yam Porridge (Asaro) - Regular Portion
frozenset({'M023'}),frozenset({'M018'}),0.1710713297917998,0.05421026027410325,0.011492498879362142,0.06717957294976863,1.2392409224764587,1.0,0.0022186775659117225,1.0139033326239189,0.23289628503857063,0.05375624553890079,0.01371268066348877,0.13958908274511656,Yam Porridge (Asaro) - Regular Portion,Concoction Rice - Large Portion
frozenset({'M011'}),"frozenset({'M083', 'M015'})",0.1738180847106847,0.04999475446109241,0.010767660775767518,0.061947873799725654,1.2390874696251497,1.0,0.0020776683097594763,1.0127424894680974,0.23354962069106333,0.050541677858357954,0.012582161408858981,0.1386618422794889,White Rice & Stew - Regular Portion,"Suya Platter, Native Jollof (Palm Oil) - Large Portion"
"frozenset({'M083', 'M015'})",frozenset({'M011'}),0.04999475446109241,0.1738180847106847,0.010767660775767518,0.2153758107592522,1.2390874696251495,1.0,0.0020776683097594763,1.052965134925016,0.20310885002343215,0.050541677858357954,0.05030093890885359,0.1386618422794889,"Suya Platter, Native Jollof (Palm Oil) - Large Portion",White Rice & Stew - Regular Portion
frozenset({'M083'}),"frozenset({'M026', 'M078'})",0.40491745429228143,0.025130900039103107,0.01260836806515913,0.031138119464857734,1.2390371779923333,1.0,0.002432427997251704,1.0062002846292566,0.3241932013104254,0.03020402568027599,0.0061620779917997024,0.2664229496755029,Suya Platter,"Ofada Rice & Ayamase, Roasted Turkey Wings - Regular Portion"
"frozenset({'M026', 'M078'})",frozenset({'M083'}),0.025130900039103107,0.40491745429228143,0.01260836806515913,0.501707779886148,1.2390371779923333,1.0,0.002432427997251704,1.1942441035337688,0.1978949948712921,0.03020402568027599,0.16265025128363658,0.2664229496755029,"Ofada Rice & Ayamase, Roasted Turkey Wings - Regular Portion",Suya Platter
"frozenset({'M025', 'M093'})",frozenset({'M085'}),0.05039532288676312,0.2092779277260112,0.013056623208171596,0.25908402725208174,1.2379902174455646,1.0,0.0025099944673465865,1.0672223320295675,0.20244126754750194,0.052942996364761394,0.06298812347913377,0.16073647199545252,"Party Jollof Rice, Akara (5 pcs)",Fried Plantain (Dodo)
frozenset({'M085'}),"frozenset({'M025', 'M093'})",0.2092779277260112,0.05039532288676312,0.013056623208171596,0.06238891673882332,1.2379902174455646,1.0,0.0025099944673465865,1.0127916511079886,0.2431185131217992,0.052942996364761394,0.012630091385522952,0.16073647199545252,Fried Plantain (Dodo),"Party Jollof Rice, Akara (5 pcs)"
frozenset({'M080'}),"frozenset({'M083', 'M025'})",0.10570237765972666,0.15090938569970722,0.019742300979485174,0.18677253451231615,1.2376469074227934,1.0,0.003790820099857369,1.0440997756895756,0.21471052308359367,0.08334675471090353,0.042237127826648464,0.15879737766505653,Grilled Titus Fish - Regular Portion,"Suya Platter, Party Jollof Rice"
"frozenset({'M083', 'M025'})",frozenset({'M080'}),0.15090938569970722,0.10570237765972666,0.019742300979485174,0.13082222081779687,1.2376469074227934,1.0,0.003790820099857369,1.0289006964509668,0.22614207135398315,0.08334675471090353,0.028088907462746567,0.15879737766505653,"Suya Platter, Party Jollof Rice",Grilled Titus Fish - Regular Portion
frozenset({'M025'}),frozenset({'M017'}),0.35541864169154325,0.1432508988946219,0.0630132282953906,0.1772929748296034,1.2376395275538448,1.0,0.012099188389171497,1.0413781271989633,0.2978837192712015,0.14463976882155916,0.03973400834743849,0.3085865673082771,Party Jollof Rice,Concoction Rice - Regular Portion
frozenset({'M017'}),frozenset({'M025'}),0.1432508988946219,0.35541864169154325,0.0630132282953906,0.4398801597869508,1.2376395275538445,1.0,0.012099188389171497,1.1507918699385502,0.22411496217279284,0.14463976882155916,0.13103313803094732,0.3085865673082771,Concoction Rice - Regular Portion,Party Jollof Rice
frozenset({'M085'}),frozenset({'M096'}),0.2092779277260112,0.11731886200417736,0.030376438946695786,0.1451487946042018,1.2372161826717472,1.0,0.005824190623287675,1.0325552943300105,0.24247940578193034,0.10254676583276988,0.031528862917829956,0.20203541673141556,Fried Plantain (Dodo),Jollof Spaghetti
frozenset({'M096'}),frozenset({'M085'}),0.11731886200417736,0.2092779277260112,0.030376438946695786,0.25892203885862936,1.2372161826717472,1.0,0.005824190623287675,1.0669890534271977,0.21721753186999765,0.10254676583276988,0.06278326212628632,0.20203541673141556,Jollof Spaghetti,Fried Plantain (Dodo)
frozenset({'M026'}),frozenset({'M053'}),0.26049346215105246,0.04067676989251414,0.013104309925513348,0.0503057152271812,1.2367185339472861,1.0,0.002508277307090646,1.0101389947155157,0.2588328386141736,0.0454906634882797,0.01003722732075215,0.18623140392074183,Ofada Rice & Ayamase,Ewedu & Gbegiri Amala - Regular Portion
frozenset({'M053'}),frozenset({'M026'}),0.04067676989251414,0.26049346215105246,0.013104309925513348,0.3221570926143025,1.2367185339472861,1.0,0.002508277307090646,1.0909703853081154,0.19952459229381617,0.0454906634882797,0.08338483476104913,0.18623140392074183,Ewedu & Gbegiri Amala - Regular Portion,Ofada Rice & Ayamase
frozenset({'M142'}),frozenset({'M136'}),0.11601224594901337,0.08769587319148124,0.012579756034754079,0.10843472541926996,1.2364860679647498,1.0,0.002405960825350469,1.023261170908144,0.21635656827134528,0.0658183632734531,0.02273238892422718,0.1259411256242625,Pineapple Smoothie,Coke (50cl)
frozenset({'M136'}),frozenset({'M142'}),0.08769587319148124,0.11601224594901337,0.012579756034754079,0.14344752582925502,1.2364860679647498,1.0,0.002405960825350469,1.032029888077555,0.20964122734973423,0.0658183632734531,0.031035814415432773,0.1259411256242625,Coke (50cl),Pineapple Smoothie
"frozenset({'M058', 'M011'})",frozenset({'M025'}),0.03173074171920153,0.35541864169154325,0.013943596150728176,0.4394349263600842,1.236386826162754,1.0,0.002665899029024383,1.1498778440172845,0.1974571012462277,0.037361682553474225,0.13034240532338812,0.23933319870303893,"Vegetable Soup & Eba - Small Portion, White Rice & Stew - Regular Portion",Party Jollof Rice
frozenset({'M025'}),"frozenset({'M058', 'M011'})",0.35541864169154325,0.03173074171920153,0.013943596150728176,0.039231471045993664,1.2363868261627537,1.0,0.002665899029024383,1.00780700980595,0.29661366792812044,0.037361682553474225,0.007746532550367223,0.23933319870303893,Party Jollof Rice,"Vegetable Soup & Eba - Small Portion, White Rice & Stew - Regular Portion"
frozenset({'M026'}),frozenset({'M008'}),0.26049346215105246,0.12407130117976939,0.039951931788919516,0.1533701900194047,1.2361455756572066,1.0,0.007632168991015431,1.0346064932916865,0.25832603406847404,0.11593280380815323,0.03344894268117638,0.23768901537252807,Ofada Rice & Ayamase,Coconut Rice - Regular Portion
frozenset({'M008'}),frozenset({'M026'}),0.12407130117976939,0.26049346215105246,0.039951931788919516,0.3220078407256515,1.2361455756572064,1.0,0.007632168991015431,1.0907302211878638,0.2180928554430581,0.11593280380815323,0.08318300843361037,0.23768901537252807,Coconut Rice - Regular Portion,Ofada Rice & Ayamase
frozenset({'M026'}),frozenset({'M001'}),0.26049346215105246,0.03930339243307169,0.012636980095564182,0.04851169772635741,1.2342877986669016,1.0,0.00239870332639186,1.0096777913835429,0.256679519768031,0.04400677538277592,0.009585029467946999,0.1850177998459499,Ofada Rice & Ayamase,Jollof Rice - Small Portion
frozenset({'M001'}),frozenset({'M026'}),0.03930339243307169,0.26049346215105246,0.012636980095564182,0.32152390196554237,1.2342877986669016,1.0,0.00239870332639186,1.0899522326450333,0.19758181876078215,0.04400677538277592,0.08252860075045888,0.1850177998459499,Jollof Rice - Small Portion,Ofada Rice & Ayamase
frozenset({'M136'}),frozenset({'M139'}),0.08769587319148124,0.1387206607471555,0.015002241275715063,0.17107123436650354,1.2332065998324002,1.0,0.0028370118017940257,1.0390269646326298,0.20728379788116577,0.07096133892723418,0.037561070079089556,0.13960918198215172,Coke (50cl),Bottled Water
frozenset({'M139'}),frozenset({'M136'}),0.1387206607471555,0.08769587319148124,0.015002241275715063,0.10814712959779993,1.2332065998324002,1.0,0.0028370118017940257,1.0229311998481272,0.21956391568800296,0.07096133892723418,0.022417147752978598,0.13960918198215172,Bottled Water,Coke (50cl)
frozenset({'M083'}),"frozenset({'M026', 'M068'})",0.40491745429228143,0.02756292262353244,0.01376238662482952,0.033988128886376485,1.233110485074554,1.0,0.0026016781632536325,1.0066512705019215,0.3176746830725514,0.03286791335444047,0.006607323406650199,0.26664804368194256,Suya Platter,"Ofada Rice & Ayamase, Chicken Suya - Regular Portion"
"frozenset({'M026', 'M068'})",frozenset({'M083'}),0.02756292262353244,0.40491745429228143,0.01376238662482952,0.49930795847750864,1.2331104850745538,1.0,0.0026016781632536325,1.1885200809228105,0.19440091652996586,0.03286791335444047,0.15861749746494525,0.26664804368194256,"Ofada Rice & Ayamase, Chicken Suya - Regular Portion",Suya Platter
frozenset({'M142'}),frozenset({'M145'}),0.11601224594901337,0.18876310192558965,0.027000219358899773,0.2327359421243012,1.2329525195874649,1.0,0.005101387952209588,1.0573112212768807,0.21373458924706717,0.09720171673819743,0.0542046846033354,0.18788676653506897,Pineapple Smoothie,Fresh Watermelon Juice
frozenset({'M145'}),frozenset({'M142'}),0.18876310192558965,0.11601224594901337,0.027000219358899773,0.1430375909458367,1.2329525195874649,1.0,0.005101387952209588,1.0315362082528816,0.23290207824619283,0.09720171673819743,0.030572080747698425,0.18788676653506897,Fresh Watermelon Juice,Pineapple Smoothie
frozenset({'M026'}),frozenset({'M035'}),0.26049346215105246,0.14032293444983834,0.045063947887955286,0.1729945447222934,1.232831578106245,1.0,0.008510740873921709,1.0395059186900817,0.2553854283566166,0.12667220717943217,0.03800451539502967,0.24706955537616743,Ofada Rice & Ayamase,Efo Riro & Amala - Regular Portion
frozenset({'M035'}),frozenset({'M026'}),0.14032293444983834,0.26049346215105246,0.045063947887955286,0.32114456603004143,1.232831578106245,1.0,0.008510740873921709,1.0893431809543017,0.2196862071924753,0.12667220717943217,0.08201564255998185,0.24706955537616743,Efo Riro & Amala - Regular Portion,Ofada Rice & Ayamase
frozenset({'M056'}),frozenset({'M064'}),0.0732086484630571,0.1536752153055288,0.013867297402981373,0.18942157373632101,1.232609782649227,1.0,0.0026169425881943046,1.0440998147403988,0.20361998111010185,0.06509961943138572,0.04223716364834675,0.13982963500320675,Bitterleaf Soup & Pounded Yam - Regular Portion,Isi Ewu
frozenset({'M064'}),frozenset({'M056'}),0.1536752153055288,0.0732086484630571,0.013867297402981373,0.09023769627009247,1.232609782649227,1.0,0.0026169425881943046,1.018718128611417,0.22297968924670541,0.06509961943138572,0.01837419800993533,0.13982963500320675,Isi Ewu,Bitterleaf Soup & Pounded Yam - Regular Portion
frozenset({'M017'}),frozenset({'M020'}),0.1432508988946219,0.12081906705706193,0.02132549999523133,0.14886817576564582,1.232157964730323,1.0,0.0040180600356976084,1.0329550698375258,0.2199193998334659,0.08785164230708786,0.031903681776506834,0.1626879558967162,Concoction Rice - Regular Portion,Basmati Rice & Chicken Sauce - Regular Portion
frozenset({'M020'}),frozenset({'M017'}),0.12081906705706193,0.1432508988946219,0.02132549999523133,0.17650773602778655,1.2321579647303227,1.0,0.0040180600356976084,1.0403851239266613,0.2143082738296657,0.08785164230708786,0.03881747537319464,0.1626879558967162,Basmati Rice & Chicken Sauce - Regular Portion,Concoction Rice - Regular Portion
frozenset({'M017'}),"frozenset({'M085', 'M025'})",0.1432508988946219,0.07242658629865237,0.012770502904121087,0.08914780292942744,1.2308712516398994,1.0,0.0023953293129702295,1.018357771639079,0.21892914027119018,0.06293772032902469,0.018026839044525296,0.1327356080751957,Concoction Rice - Regular Portion,"Fried Plantain (Dodo), Party Jollof Rice"
"frozenset({'M085', 'M025'})",frozenset({'M017'}),0.07242658629865237,0.1432508988946219,0.012770502904121087,0.17632341322096393,1.2308712516398994,1.0,0.0023953293129702295,1.0401523059623086,0.20221293685494393,0.06293772032902469,0.03860233326614742,0.1327356080751957,"Fried Plantain (Dodo), Party Jollof Rice",Concoction Rice - Regular Portion
frozenset({'M015'}),frozenset({'M019'}),0.11913095726316392,0.09061430029279645,0.013285519451412004,0.11152029461212074,1.230714073294966,1.0,0.002490551115799369,1.0235300752426275,0.21281663530173295,0.06762464197291132,0.022989139070534566,0.12906822014049885,Native Jollof (Palm Oil) - Large Portion,Basmati Rice & Chicken Sauce - Small Portion
frozenset({'M019'}),frozenset({'M015'}),0.09061430029279645,0.11913095726316392,0.013285519451412004,0.14661614566887696,1.2307140732949657,1.0,0.002490551115799369,1.0322072983525752,0.20614309844224496,0.06762464197291132,0.03120235480215914,0.12906822014049885,Basmati Rice & Chicken Sauce - Small Portion,Native Jollof (Palm Oil) - Large Portion
frozenset({'M011'}),frozenset({'M018'}),0.1738180847106847,0.05421026027410325,0.011587872314045646,0.06666666666666667,1.229779498006099,1.0,0.0021651487015333024,1.0133461497063179,0.22615611940987698,0.05353838018859611,0.013170375897896141,0.14021229181327705,White Rice & Stew - Regular Portion,Concoction Rice - Large Portion
frozenset({'M018'}),frozenset({'M011'}),0.05421026027410325,0.1738180847106847,0.011587872314045646,0.2137579169598874,1.229779498006099,1.0,0.0021651487015333024,1.0507983903567841,0.19755563846844215,0.05353838018859611,0.04834266099278686,0.14021229181327705,Concoction Rice - Large Portion,White Rice & Stew - Regular Portion
frozenset({'M025'}),"frozenset({'M083', 'M011'})",0.35541864169154325,0.07616522493824571,0.03327579136107429,0.09362421510223796,1.2292252163391877,1.0,0.0062052505693921435,1.0192624190263,0.28930316786523586,0.08354284893326629,0.018898390313165255,0.2652568859132527,Party Jollof Rice,"Suya Platter, White Rice & Stew - Regular Portion"
"frozenset({'M083', 'M011'})",frozenset({'M025'}),0.07616522493824571,0.35541864169154325,0.03327579136107429,0.43688955672426744,1.2292252163391875,1.0,0.0062052505693921435,1.1446801706585135,0.20185365818584594,0.08354284893326629,0.1263935327675692,0.2652568859132527,"Suya Platter, White Rice & Stew - Regular Portion",Party Jollof Rice
"frozenset({'M058', 'M025'})",frozenset({'M035'}),0.05896939466481006,0.14032293444983834,0.010166808137261446,0.17240821607633833,1.2286531546129376,1.0,0.0018920496351646568,1.0387694540349128,0.19776259361943102,0.05375693393847705,0.03732248179258637,0.12243057442843627,"Vegetable Soup & Eba - Small Portion, Party Jollof Rice",Efo Riro & Amala - Regular Portion
frozenset({'M035'}),"frozenset({'M058', 'M025'})",0.14032293444983834,0.05896939466481006,0.010166808137261446,0.07245293278053422,1.2286531546129376,1.0,0.0018920496351646568,1.01453676971471,0.2164773967388007,0.05375693393847705,0.014328479902012746,0.12243057442843627,Efo Riro & Amala - Regular Portion,"Vegetable Soup & Eba - Small Portion, Party Jollof Rice"
frozenset({'M025'}),frozenset({'M015'}),0.35541864169154325,0.11913095726316392,0.052016671276382674,0.14635324424408308,1.2285072461961697,1.0,0.009675308262495665,1.031889404835626,0.2885655703248803,0.12310678735074372,0.030903897923737066,0.291493810497672,Party Jollof Rice,Native Jollof (Palm Oil) - Large Portion
frozenset({'M015'}),frozenset({'M025'}),0.11913095726316392,0.35541864169154325,0.052016671276382674,0.4366343767512609,1.2285072461961695,1.0,0.009675308262495665,1.1441616806353463,0.2111596369684607,0.12310678735074372,0.12599764795067622,0.291493810497672,Native Jollof (Palm Oil) - Large Portion,Party Jollof Rice
frozenset({'M008'}),frozenset({'M017'}),0.12407130117976939,0.1432508988946219,0.021830979199053895,0.17595510800215236,1.2283002016733473,1.0,0.004057653778026568,1.0396874119664052,0.2121939592554763,0.08892773892773892,0.03817244636187594,0.16417595613156885,Coconut Rice - Regular Portion,Concoction Rice - Regular Portion
frozenset({'M017'}),frozenset({'M008'}),0.1432508988946219,0.12407130117976939,0.021830979199053895,0.15239680426098534,1.2283002016733473,1.0,0.004057653778026568,1.033418353332799,0.21694423535240012,0.08892773892773892,0.03233768127402031,0.16417595613156885,Concoction Rice - Regular Portion,Coconut Rice - Regular Portion
frozenset({'M083'}),"frozenset({'M026', 'M072'})",0.40491745429228143,0.031740279062669886,0.015784303440119787,0.038981533823252305,1.2281408662565587,1.0,0.0029321104435368964,1.0075349798317514,0.31216031573526887,0.03750368238573273,0.007478628516708797,0.2681386034500876,Suya Platter,"Ofada Rice & Ayamase, Grilled Catfish - Regular Portion"
"frozenset({'M026', 'M072'})",frozenset({'M083'}),0.031740279062669886,0.40491745429228143,0.015784303440119787,0.49729567307692296,1.2281408662565585,1.0,0.0029321104435368964,1.1837625296564773,0.1918505451996306,0.03750368238573273,0.15523597432147526,0.2681386034500876,"Ofada Rice & Ayamase, Grilled Catfish - Regular Portion",Suya Platter
frozenset({'M035'}),"frozenset({'M023', 'M025'})",0.14032293444983834,0.07229306349009547,0.012455770569665525,0.08876503772174267,1.2278499960636466,1.0,0.002311395760366857,1.0180765388879112,0.21585811063838575,0.062228998904083475,0.01775557946523055,0.130530276116808,Efo Riro & Amala - Regular Portion,"Yam Porridge (Asaro) - Regular Portion, Party Jollof Rice"
"frozenset({'M023', 'M025'})",frozenset({'M035'}),0.07229306349009547,0.14032293444983834,0.012455770569665525,0.17229551451187333,1.2278499960636464,1.0,0.002311395760366857,1.0386280135272912,0.20002897448080945,0.062228998904083475,0.037191384234001534,0.130530276116808,"Yam Porridge (Asaro) - Regular Portion, Party Jollof Rice",Efo Riro & Amala - Regular Portion
frozenset({'M017'}),"frozenset({'M026', 'M083'})",0.1432508988946219,0.10136288638162726,0.017825294942346758,0.1244340878828229,1.2276099500001754,1.0,0.0033049703536252254,1.0263500453614143,0.21640993078382564,0.07859876361495437,0.02567354625305779,0.15014515835616493,Concoction Rice - Regular Portion,"Ofada Rice & Ayamase, Suya Platter"
"frozenset({'M026', 'M083'})",frozenset({'M017'}),0.10136288638162726,0.1432508988946219,0.017825294942346758,0.17585622882950697,1.2276099500001754,1.0,0.0033049703536252254,1.0395626722854159,0.20632245303420438,0.07859876361495437,0.03805703430889821,0.15014515835616493,"Ofada Rice & Ayamase, Suya Platter",Concoction Rice - Regular Portion
frozenset({'M014'}),frozenset({'M004'}),0.08723808070500043,0.10215448588950034,0.010939332958197824,0.1253963047993878,1.2275163807786957,1.0,0.002027571673791766,1.0265741146960925,0.20306162688049853,0.06130083907861686,0.02588621154154036,0.11624123894623484,Native Jollof (Palm Oil) - Regular Portion,Fried Rice - Small Portion
frozenset({'M004'}),frozenset({'M014'}),0.10215448588950034,0.08723808070500043,0.010939332958197824,0.10708617309308188,1.2275163807786955,1.0,0.002027571673791766,1.0222284522761127,0.20643520224103712,0.06130083907861686,0.021745092524687874,0.11624123894623484,Fried Rice - Small Portion,Native Jollof (Palm Oil) - Regular Portion
frozenset({'M023'}),"frozenset({'M087', 'M025'})",0.1710713297917998,0.05455360463896386,0.011454349505488742,0.06695657021798518,1.2273537314555882,1.0,0.0021217918149650968,1.0132930206495523,0.22346791569420513,0.05348236551478447,0.013118634371951906,0.13846080259151008,Yam Porridge (Asaro) - Regular Portion,"Extra Beef, Party Jollof Rice"
"frozenset({'M087', 'M025'})",frozenset({'M023'}),0.05455360463896386,0.1710713297917998,0.011454349505488742,0.209965034965035,1.2273537314555882,1.0,0.0021217918149650968,1.0492303592810146,0.19592751434612926,0.05348236551478447,0.04692044873229727,0.13846080259151008,"Extra Beef, Party Jollof Rice",Yam Porridge (Asaro) - Regular Portion
frozenset({'M056'}),frozenset({'M035'}),0.0732086484630571,0.14032293444983834,0.01260836806515913,0.17222511724856696,1.2273483156820155,1.0,0.00233551568571631,1.0385396844763992,0.1998673883658122,0.06275217164285375,0.03710949620170731,0.13103881431652842,Bitterleaf Soup & Pounded Yam - Regular Portion,Efo Riro & Amala - Regular Portion
frozenset({'M035'}),frozenset({'M056'}),0.14032293444983834,0.0732086484630571,0.01260836806515913,0.0898525113844899,1.2273483156820155,1.0,0.00233551568571631,1.0182869953822,0.21547087204561674,0.06275217164285375,0.017958586788527405,0.13103881431652842,Efo Riro & Amala - Regular Portion,Bitterleaf Soup & Pounded Yam - Regular Portion
frozenset({'M008'}),frozenset({'M022'}),0.12407130117976939,0.09234055946056785,0.01405804427234838,0.11330617264970405,1.2270466338043917,1.0,0.0026012309084078623,1.023644704115949,0.2112444187302144,0.06947259273224302,0.023098545834190964,0.13277372255703546,Coconut Rice - Regular Portion,Yam Porridge (Asaro) - Small Portion
frozenset({'M022'}),frozenset({'M008'}),0.09234055946056785,0.12407130117976939,0.01405804427234838,0.15224127246436686,1.2270466338043915,1.0,0.0026012309084078623,1.033228759987509,0.2038595541092199,0.06947259273224302,0.03216011910848337,0.13277372255703546,Yam Porridge (Asaro) - Small Portion,Coconut Rice - Regular Portion
"frozenset({'M066', 'M026'})",frozenset({'M083'}),0.027124204823988328,0.40491745429228143,0.01347626632077901,0.49683544303797467,1.2270042641316818,1.0,0.0024932023537472363,1.1826797763750885,0.19016498118431852,0.03219632237336797,0.1544625857516577,0.26505847900909474,"Beef Suya - Regular Portion, Ofada Rice & Ayamase",Suya Platter
frozenset({'M083'}),"frozenset({'M066', 'M026'})",0.40491745429228143,0.027124204823988328,0.01347626632077901,0.03328151498021481,1.2270042641316818,1.0,0.0024932023537472363,1.0063692897690897,0.3108928477549287,0.03219632237336797,0.006328978669998166,0.26505847900909474,Suya Platter,"Beef Suya - Regular Portion, Ofada Rice & Ayamase"
frozenset({'M087'}),frozenset({'M088'}),0.15739477925818543,0.07972265405194037,0.015393272357917426,0.09780039992728595,1.2267579534365187,1.0,0.0028453428215355885,1.0200374128672731,0.21937114432399213,0.06942532690984171,0.01964380189835281,0.14544284860582507,Extra Beef,Extra Chicken
frozenset({'M088'}),frozenset({'M087'}),0.07972265405194037,0.15739477925818543,0.015393272357917426,0.19308529728436416,1.2267579534365185,1.0,0.0028453428215355885,1.0442308436146521,0.2008560487785107,0.06942532690984171,0.04235734261740918,0.14544284860582507,Extra Chicken,Extra Beef
frozenset({'M140'}),frozenset({'M142'}),0.13895909433386425,0.11601224594901337,0.019770913009890225,0.1422786547700755,1.2264106569629387,1.0,0.003649956381177818,1.0306234757560115,0.2144061137987498,0.08405985158752687,0.029713543768782963,0.15634978447152245,Malt (Maltina),Pineapple Smoothie
frozenset({'M142'}),frozenset({'M140'}),0.11601224594901337,0.13895909433386425,0.019770913009890225,0.1704209141729694,1.2264106569629385,1.0,0.003649956381177818,1.0379250397901967,0.20884048852444176,0.08405985158752687,0.03653928591785662,0.15634978447152245,Pineapple Smoothie,Malt (Maltina)
frozenset({'M015'}),"frozenset({'M083', 'M025'})",0.11913095726316392,0.15090938569970722,0.02203126341188925,0.18493315186934592,1.2254582510682417,1.0,0.0040532838334871105,1.0417435284574164,0.20886047725913456,0.08883248730964464,0.040070830599954935,0.1654615832025741,Native Jollof (Palm Oil) - Large Portion,"Suya Platter, Party Jollof Rice"
"frozenset({'M083', 'M025'})",frozenset({'M015'}),0.15090938569970722,0.11913095726316392,0.02203126341188925,0.1459900145358023,1.2254582510682417,1.0,0.0040532838334871105,1.0314505189983687,0.21667737879828444,0.08883248730964464,0.03049154411101566,0.1654615832025741,"Suya Platter, Party Jollof Rice",Native Jollof (Palm Oil) - Large Portion
frozenset({'M004'}),frozenset({'M008'}),0.10215448588950034,0.12407130117976939,0.01551725782300598,0.1518999159742321,1.2242953409035444,1.0,0.0028428178373452826,1.0328128900334093,0.20404804519651853,0.07364323541393201,0.0317704110299668,0.13848358855057213,Fried Rice - Small Portion,Coconut Rice - Regular Portion
frozenset({'M008'}),frozenset({'M004'}),0.12407130117976939,0.10215448588950034,0.01551725782300598,0.12506726112691213,1.2242953409035444,1.0,0.0028428178373452826,1.0261880419138543,0.20915357869820184,0.07364323541393201,0.025519730151028937,0.13848358855057213,Coconut Rice - Regular Portion,Fried Rice - Small Portion
frozenset({'M140'}),"frozenset({'M145', 'M025'})",0.13895909433386425,0.06263173455665659,0.010653212654147313,0.07666437886067261,1.2240500666849983,1.0,0.001949963543595324,1.015197772058984,0.21257985747612604,0.05579420579420579,0.014970257497867236,0.12337863377326305,Malt (Maltina),"Fresh Watermelon Juice, Party Jollof Rice"
"frozenset({'M145', 'M025'})",frozenset({'M140'}),0.06263173455665659,0.13895909433386425,0.010653212654147313,0.17009288868585348,1.2240500666849983,1.0,0.001949963543595324,1.0375147940384428,0.1952700552765672,0.05579420579420579,0.0361583220345413,0.12337863377326305,"Fresh Watermelon Juice, Party Jollof Rice",Malt (Maltina)
frozenset({'M019'}),frozenset({'M008'}),0.09061430029279645,0.12407130117976939,0.01375284928136117,0.15177349752657615,1.2232764231808007,1.0,0.0025102151385395562,1.0326589610982766,0.2007105219328454,0.06844503512435922,0.0316260859863574,0.13130991733888958,Basmati Rice & Chicken Sauce - Small Portion,Coconut Rice - Regular Portion
frozenset({'M008'}),frozenset({'M019'}),0.12407130117976939,0.09061430029279645,0.01375284928136117,0.11084633715120301,1.2232764231808007,1.0,0.0025102151385395562,1.0227542636371583,0.2083768675148277,0.06844503512435922,0.022248026183962103,0.13130991733888958,Coconut Rice - Regular Portion,Basmati Rice & Chicken Sauce - Small Portion
frozenset({'M140'}),frozenset({'M144'}),0.13895909433386425,0.10884970100428226,0.018502446328599632,0.1331503088538092,1.2232491924674276,1.0,0.0033767904585326556,1.0280332427844503,0.21195866468233152,0.08068876596098656,0.027268809623822752,0.15156595439185686,Malt (Maltina),Lemonade
frozenset({'M144'}),frozenset({'M140'}),0.10884970100428226,0.13895909433386425,0.018502446328599632,0.1699815999299045,1.2232491924674274,1.0,0.0033767904585326556,1.0373756841937725,0.20479719392736973,0.08068876596098656,0.036029072941708845,0.15156595439185686,Lemonade,Malt (Maltina)
"frozenset({'M145', 'M025'})",frozenset({'M139'}),0.06263173455665659,0.1387206607471555,0.010624600623742262,0.16963605908329527,1.222860806527507,1.0,0.0019362850223024076,1.0372311426505465,0.19442245631627583,0.055705570557055696,0.035894740448503874,0.12311297625873253,"Fresh Watermelon Juice, Party Jollof Rice",Bottled Water
frozenset({'M139'}),"frozenset({'M145', 'M025'})",0.1387206607471555,0.06263173455665659,0.010624600623742262,0.0765898934341698,1.2228608065275068,1.0,0.0019362850223024076,1.01511588272455,0.21159852829921438,0.055705570557055696,0.014890795210473097,0.12311297625873253,Bottled Water,"Fresh Watermelon Juice, Party Jollof Rice"
frozenset({'M008'}),"frozenset({'M083', 'M011'})",0.12407130117976939,0.07616522493824571,0.011540185596703894,0.09301252978707049,1.2211941849116112,1.0,0.002090267033965929,1.0185750138806986,0.20678556651640856,0.061157442506949704,0.018236274822733982,0.12226384065111101,Coconut Rice - Regular Portion,"Suya Platter, White Rice & Stew - Regular Portion"
"frozenset({'M083', 'M011'})",frozenset({'M008'}),0.07616522493824571,0.12407130117976939,0.011540185596703894,0.15151515151515152,1.2211941849116112,1.0,0.002090267033965929,1.0323445378952718,0.19606256129664992,0.061157442506949704,0.0313311464418801,0.12226384065111101,"Suya Platter, White Rice & Stew - Regular Portion",Coconut Rice - Regular Portion
"frozenset({'M083', 'M087'})",frozenset({'M085'}),0.061668462866353205,0.2092779277260112,0.015755691409714737,0.25549025672749764,1.2208179787693048,1.0,0.0028498432949958658,1.0620708183056942,0.1927645641763389,0.06174085286093357,0.05844320099549929,0.16538811245890445,"Suya Platter, Extra Beef",Fried Plantain (Dodo)
frozenset({'M085'}),"frozenset({'M083', 'M087'})",0.2092779277260112,0.061668462866353205,0.015755691409714737,0.07528596819031125,1.2208179787693048,1.0,0.0028498432949958658,1.014726180046504,0.22874923585768683,0.06174085286093357,0.014512466846799053,0.16538811245890445,Fried Plantain (Dodo),"Suya Platter, Extra Beef"
frozenset({'M013'}),frozenset({'M025'}),0.05946533652516428,0.35541864169154325,0.02579851408188763,0.433841218925421,1.220648463627685,1.0,0.004663424946383228,1.138516931743124,0.19219208260064205,0.06630552014903421,0.12166435814972724,0.25321374529698304,Native Jollof (Palm Oil) - Small Portion,Party Jollof Rice
frozenset({'M025'}),frozenset({'M013'}),0.35541864169154325,0.05946533652516428,0.02579851408188763,0.07258627166854505,1.220648463627685,1.0,0.004663424946383228,1.0141478767701522,0.2804352210955821,0.06630552014903421,0.013950506720193647,0.25321374529698304,Party Jollof Rice,Native Jollof (Palm Oil) - Small Portion
frozenset({'M015'}),"frozenset({'M085', 'M025'})",0.11913095726316392,0.07242658629865237,0.01052922718905876,0.08838363621807702,1.2203203372533045,1.0,0.0019009786319971519,1.0175041284397588,0.20496013158968387,0.058163426584479226,0.01720300483360163,0.11688078308138511,Native Jollof (Palm Oil) - Large Portion,"Fried Plantain (Dodo), Party Jollof Rice"
"frozenset({'M085', 'M025'})",frozenset({'M015'}),0.07242658629865237,0.11913095726316392,0.01052922718905876,0.1453779299446932,1.2203203372533045,1.0,0.0019009786319971519,1.0307117889897586,0.19464015704394752,0.058163426584479226,0.029796679651700162,0.11688078308138511,"Fried Plantain (Dodo), Party Jollof Rice",Native Jollof (Palm Oil) - Large Portion
"frozenset({'M083', 'M086'})",frozenset({'M085'}),0.043433062154867384,0.2092779277260112,0.011091930453691428,0.2553798858146684,1.2202905895982226,1.0,0.002002349211125739,1.06191339343431,0.18871973454660798,0.04590668666614036,0.058303618559774666,0.1541904214198439,"Suya Platter, Moi Moi",Fried Plantain (Dodo)
frozenset({'M085'}),"frozenset({'M083', 'M086'})",0.2092779277260112,0.043433062154867384,0.011091930453691428,0.05300095702501936,1.2202905895982226,1.0,0.002002349211125739,1.010103383885262,0.22830152959691632,0.04590668666614036,0.010002326540477832,0.1541904214198439,Fried Plantain (Dodo),"Suya Platter, Moi Moi"
frozenset({'M012'}),frozenset({'M026'}),0.05395275200045779,0.26049346215105246,0.017148143556093887,0.317836308997702,1.220131616252995,1.0,0.0030938043949175157,1.0840602447814192,0.19070536667923896,0.057679969203131023,0.07754204176942982,0.19183288374865878,White Rice & Stew - Large Portion,Ofada Rice & Ayamase
frozenset({'M026'}),frozenset({'M012'}),0.26049346215105246,0.05395275200045779,0.017148143556093887,0.06582945849961556,1.2201316162529947,1.0,0.0030938043949175157,1.0127136384327453,0.24396848180737737,0.057679969203131023,0.012554031021464922,0.19183288374865878,Ofada Rice & Ayamase,White Rice & Stew - Large Portion
"frozenset({'M011', 'M025'})",frozenset({'M023'}),0.07722387006323259,0.1710713297917998,0.01611811046151205,0.20871927874521426,1.220071644963732,1.0,0.002907320318125692,1.047578498934883,0.1954710310892762,0.06942162339796253,0.04541759780604346,0.15146896646186397,"White Rice & Stew - Regular Portion, Party Jollof Rice",Yam Porridge (Asaro) - Regular Portion
frozenset({'M023'}),"frozenset({'M011', 'M025'})",0.1710713297917998,0.07722387006323259,0.01611811046151205,0.09421865417851367,1.2200716449637319,1.0,0.002907320318125692,1.0187625680233765,0.21760135469558217,0.06942162339796253,0.018417017480118005,0.15146896646186397,Yam Porridge (Asaro) - Regular Portion,"White Rice & Stew - Regular Portion, Party Jollof Rice"
frozenset({'M085'}),frozenset({'M088'}),0.2092779277260112,0.07972265405194037,0.020352690961459596,0.0972519710158137,1.2198787430289608,1.0,0.003668499128651824,1.0194177294229023,0.22795163948847402,0.0757597273501846,0.019047863169786954,0.17627283321696297,Fried Plantain (Dodo),Extra Chicken
frozenset({'M088'}),frozenset({'M085'}),0.07972265405194037,0.2092779277260112,0.020352690961459596,0.2552936954181122,1.2198787430289606,1.0,0.003668499128651824,1.061790490303337,0.19586094729832942,0.0757597273501846,0.05819461642162978,0.17627283321696297,Extra Chicken,Fried Plantain (Dodo)
frozenset({'M024'}),frozenset({'M025'}),0.07020438527052675,0.35541864169154325,0.030433663007505888,0.4335008830321967,1.21969090019881,1.0,0.0054817157538654855,1.1378329444864628,0.19372014756216183,0.07701032918235351,0.12113636290314204,0.2595642664503548,Yam Porridge (Asaro) - Large Portion,Party Jollof Rice
frozenset({'M025'}),frozenset({'M024'}),0.35541864169154325,0.07020438527052675,0.030433663007505888,0.08562764986851285,1.2196909001988099,1.0,0.0054817157538654855,1.0168675973149979,0.2794374074992255,0.07701032918235351,0.01658780096792943,0.2595642664503548,Party Jollof Rice,Yam Porridge (Asaro) - Large Portion
frozenset({'M013'}),frozenset({'M017'}),0.05946533652516428,0.1432508988946219,0.010386167037033505,0.17465918203688854,1.2192536548435287,1.0,0.0018677041267325303,1.0380549252607914,0.19119563333207443,0.05400178518298126,0.03665983787055472,0.12358125546584774,Native Jollof (Palm Oil) - Small Portion,Concoction Rice - Regular Portion
frozenset({'M017'}),frozenset({'M013'}),0.1432508988946219,0.05946533652516428,0.010386167037033505,0.07250332889480693,1.2192536548435287,1.0,0.0018677041267325303,1.0140571850830544,0.2098935620963348,0.05400178518298126,0.013862319886726305,0.12358125546584774,Concoction Rice - Regular Portion,Native Jollof (Palm Oil) - Small Portion
frozenset({'M058'}),"frozenset({'M083', 'M064'})",0.15923548654757705,0.05773907735739287,0.011206378575311633,0.07037613799712505,1.2188649562498446,1.0,0.00201226849949899,1.0135937352258855,0.21357295962020473,0.05446118192352259,0.013411423880649809,0.13223134617068014,Vegetable Soup & Eba - Small Portion,"Suya Platter, Isi Ewu"
"frozenset({'M083', 'M064'})",frozenset({'M058'}),0.05773907735739287,0.15923548654757705,0.011206378575311633,0.19408655434423522,1.2188649562498446,1.0,0.00201226849949899,1.0432441820948901,0.19056777286070578,0.05446118192352259,0.04145163983378601,0.13223134617068014,"Suya Platter, Isi Ewu",Vegetable Soup & Eba - Small Portion
frozenset({'M009'}),frozenset({'M026'}),0.03954182601978045,0.26049346215105246,0.012551144004349028,0.3174143753014954,1.2185118685145204,1.0,0.0022507568446818484,1.0833901434352426,0.18670966947458104,0.043658560859901135,0.07697148062546227,0.1827982798046671,Coconut Rice - Large Portion,Ofada Rice & Ayamase
frozenset({'M026'}),frozenset({'M009'}),0.26049346215105246,0.03954182601978045,0.012551144004349028,0.04818218430783876,1.2185118685145204,1.0,0.0022507568446818484,1.0090777438135838,0.24249525735043057,0.043658560859901135,0.008996079706679922,0.1827982798046671,Ofada Rice & Ayamase,Coconut Rice - Large Portion
frozenset({'M140'}),frozenset({'M141'}),0.13895909433386425,0.14290755452976128,0.024196240379204776,0.17412491420727522,1.2184444326980122,1.0,0.004337936028281829,1.0377991299344616,0.20821473891853537,0.09390383832401819,0.03642239508993305,0.171719424535565,Malt (Maltina),Fresh Orange Juice
frozenset({'M141'}),frozenset({'M140'}),0.14290755452976128,0.13895909433386425,0.024196240379204776,0.16931393486385476,1.2184444326980122,1.0,0.004337936028281829,1.0365418920624552,0.20917394420982446,0.09390383832401819,0.03525365674294741,0.171719424535565,Fresh Orange Juice,Malt (Maltina)
frozenset({'M142'}),frozenset({'M141'}),0.11601224594901337,0.14290755452976128,0.02020009346596599,0.17412035514633345,1.2184125305291116,1.0,0.0036210671018872854,1.037793401025282,0.2027855220347079,0.0846184578505793,0.03641707587265858,0.15773556465271826,Pineapple Smoothie,Fresh Orange Juice
frozenset({'M141'}),frozenset({'M142'}),0.14290755452976128,0.11601224594901337,0.02020009346596599,0.14135077415910305,1.2184125305291116,1.0,0.0036210671018872854,1.0295097549121703,0.20914887200897964,0.0846184578505793,0.028663890527863813,0.15773556465271826,Fresh Orange Juice,Pineapple Smoothie
frozenset({'M065'}),frozenset({'M058'}),0.09062383763626479,0.15923548654757705,0.01757732401216965,0.193959166491265,1.2180649596176105,1.0,0.0031467931333504003,1.0430793062834474,0.19686652240183605,0.07567234654075139,0.04130012552635272,0.15217244381103737,Nkwobi,Vegetable Soup & Eba - Small Portion
frozenset({'M058'}),frozenset({'M065'}),0.15923548654757705,0.09062383763626479,0.01757732401216965,0.11038572113080976,1.2180649596176105,1.0,0.0031467931333504003,1.02221399089914,0.21293206334856407,0.07567234654075139,0.021731253041841387,0.15217244381103737,Vegetable Soup & Eba - Small Portion,Nkwobi
frozenset({'M085'}),frozenset({'M094'}),0.2092779277260112,0.06073380320645488,0.015479108449132578,0.07396436221118352,1.2178450600195985,1.0,0.002768863971166328,1.0142873108386201,0.22622042572573217,0.06081384892086331,0.0140860589361088,0.1644162263317224,Fried Plantain (Dodo),Gizdodo
frozenset({'M094'}),frozenset({'M085'}),0.06073380320645488,0.2092779277260112,0.015479108449132578,0.2548680904522613,1.2178450600195985,1.0,0.002768863971166328,1.0611840160675998,0.19044386397722451,0.06081384892086331,0.05765636792601494,0.1644162263317224,Gizdodo,Fried Plantain (Dodo)
frozenset({'M093'}),frozenset({'M086'}),0.14924988793621424,0.11781480386453157,0.02141133608644648,0.14345964598376892,1.217670795842642,1.0,0.0038274898124380854,1.0299400279262865,0.21012041986334776,0.08716077182901735,0.029069680869252917,0.16259843790324202,Akara (5 pcs),Moi Moi
frozenset({'M086'}),frozenset({'M093'}),0.11781480386453157,0.14924988793621424,0.02141133608644648,0.18173722982271515,1.217670795842642,1.0,0.0038274898124380854,1.0397028229445928,0.20263315631311324,0.08716077182901735,0.03818670303515063,0.16259843790324202,Moi Moi,Akara (5 pcs)
frozenset({'M093'}),"frozenset({'M083', 'M085'})",0.14924988793621424,0.08618897292348189,0.015650780631562885,0.10486293053869257,1.21666295561718,1.0,0.0027870860813958096,1.020861562158797,0.2093207890926334,0.07120850509871991,0.020435250901877127,0.14322487016034993,Akara (5 pcs),"Suya Platter, Fried Plantain (Dodo)"
"frozenset({'M083', 'M085'})",frozenset({'M093'}),0.08618897292348189,0.14924988793621424,0.015650780631562885,0.1815868097820073,1.21666295561718,1.0,0.0027870860813958096,1.039511731033049,0.19487583264075276,0.07120850509871991,0.03800989431238368,0.14322487016034993,"Suya Platter, Fried Plantain (Dodo)",Akara (5 pcs)
frozenset({'M034'}),frozenset({'M026'}),0.04890749730570047,0.26049346215105246,0.01549818313606928,0.3168876755070203,1.2164899375603773,1.0,0.002758099837764094,1.0825548176104491,0.18711406596271668,0.052732346832814116,0.07625924920150873,0.1881915769253331,Efo Riro & Amala - Small Portion,Ofada Rice & Ayamase
frozenset({'M026'}),frozenset({'M034'}),0.26049346215105246,0.04890749730570047,0.01549818313606928,0.05949547834364588,1.216489937560377,1.0,0.002758099837764094,1.0112577672878156,0.24065072609559182,0.052732346832814116,0.011132440859276335,0.1881915769253331,Ofada Rice & Ayamase,Efo Riro & Amala - Small Portion
"frozenset({'M083', 'M014'})",frozenset({'M026'}),0.03579365003671877,0.26049346215105246,0.011339901383868537,0.31681321609379165,1.2162040977062258,1.0,0.0020158895627805182,1.0824368317266382,0.18436881793167534,0.03979649897914784,0.07615856122997945,0.1801727999701558,"Suya Platter, Native Jollof (Palm Oil) - Regular Portion",Ofada Rice & Ayamase
frozenset({'M026'}),"frozenset({'M083', 'M014'})",0.26049346215105246,0.03579365003671877,0.011339901383868537,0.04353238384651997,1.2162040977062258,1.0,0.0020158895627805182,1.008090952248779,0.24038947039202085,0.03979649897914784,0.00802601415153085,0.1801727999701558,Ofada Rice & Ayamase,"Suya Platter, Native Jollof (Palm Oil) - Regular Portion"
"frozenset({'M083', 'M024'})",frozenset({'M025'}),0.027849042927582952,0.35541864169154325,0.01203612745705811,0.4321917808219178,1.2160076319153894,1.0,0.002138058447327099,1.1352096298315402,0.18272546975276657,0.03242215599630048,0.11910542888154028,0.23302821478169897,"Suya Platter, Yam Porridge (Asaro) - Large Portion",Party Jollof Rice
frozenset({'M025'}),"frozenset({'M083', 'M024'})",0.35541864169154325,0.027849042927582952,0.01203612745705811,0.033864648741480166,1.2160076319153892,1.0,0.002138058447327099,1.006226462789154,0.2755846690444514,0.03242215599630048,0.006187933849299396,0.23302821478169897,Party Jollof Rice,"Suya Platter, Yam Porridge (Asaro) - Large Portion"
frozenset({'M089'}),frozenset({'M085'}),0.06436753106789635,0.2092779277260112,0.016366081391689158,0.25425989035412655,1.214938876339631,1.0,0.0028953778769601653,1.0603185507206736,0.18908420872448103,0.0636120996441281,0.05688719741786707,0.16623125311125642,Extra Fish,Fried Plantain (Dodo)
frozenset({'M085'}),frozenset({'M089'}),0.2092779277260112,0.06436753106789635,0.016366081391689158,0.07820261586838627,1.214938876339631,1.0,0.0028953778769601653,1.015008813258375,0.2237364192151425,0.0636120996441281,0.014786879741658364,0.16623125311125642,Fried Plantain (Dodo),Extra Fish
"frozenset({'M083', 'M008'})",frozenset({'M025'}),0.05186407378088907,0.35541864169154325,0.022393682463686566,0.4317763883780802,1.214838890619602,1.0,0.003960223807892991,1.134379749670352,0.18651922903285562,0.05818217861036773,0.11846099131212673,0.24739144111653433,"Suya Platter, Coconut Rice - Regular Portion",Party Jollof Rice
frozenset({'M025'}),"frozenset({'M083', 'M008'})",0.35541864169154325,0.05186407378088907,0.022393682463686566,0.06300649385498847,1.214838890619602,1.0,0.003960223807892991,1.0118916726754508,0.2743572703387331,0.05818217861036773,0.011751922657895804,0.24739144111653433,Party Jollof Rice,"Suya Platter, Coconut Rice - Regular Portion"
frozenset({'M085'}),frozenset({'M087'}),0.2092779277260112,0.15739477925818543,0.03999961850626126,0.19113156815385315,1.214345031357914,1.0,0.007060365268215248,1.0417086235133042,0.22322737828986436,0.12244540464790377,0.040038665872455026,0.22263358993040777,Fried Plantain (Dodo),Extra Beef
frozenset({'M087'}),frozenset({'M085'}),0.15739477925818543,0.2092779277260112,0.03999961850626126,0.25413561170696236,1.214345031357914,1.0,0.007060365268215248,1.0601418765730473,0.20948222347145465,0.12244540464790377,0.05673002633143617,0.22263358993040777,Extra Beef,Fried Plantain (Dodo)
"frozenset({'M026', 'M025'})",frozenset({'M035'}),0.10765753307073847,0.14032293444983834,0.018340311489637676,0.1703579021970234,1.214041759210229,1.0,0.0032334905335211373,1.0362023188393192,0.19757560692432294,0.07986543732868179,0.03493750031352039,0.15052932151922807,"Ofada Rice & Ayamase, Party Jollof Rice",Efo Riro & Amala - Regular Portion
frozenset({'M035'}),"frozenset({'M026', 'M025'})",0.14032293444983834,0.10765753307073847,0.018340311489637676,0.13070074084143274,1.214041759210229,1.0,0.0032334905335211373,1.0265077963979847,0.20508294515809566,0.07986543732868179,0.025823278197204712,0.15052932151922807,Efo Riro & Amala - Regular Portion,"Ofada Rice & Ayamase, Party Jollof Rice"
frozenset({'M142'}),frozenset({'M139'}),0.11601224594901337,0.1387206607471555,0.019522942079713116,0.1682834593883591,1.2131102784688097,1.0,0.003429646666904467,1.0355443197263616,0.19872745252604326,0.08300218960343847,0.034324286319057845,0.15450955368867936,Pineapple Smoothie,Bottled Water
frozenset({'M139'}),frozenset({'M142'}),0.1387206607471555,0.11601224594901337,0.019522942079713116,0.14073564798899965,1.2131102784688097,1.0,0.003429646666904467,1.0287727542544087,0.2039670829433412,0.08300218960343847,0.02796803680445588,0.15450955368867936,Bottled Water,Pineapple Smoothie
frozenset({'M020'}),frozenset({'M011'}),0.12081906705706193,0.1738180847106847,0.02547424440396372,0.2108462267129776,1.2130281326245493,1.0,0.004473705571573436,1.0469213266865105,0.19975047761299344,0.09464247749982282,0.044818388440911655,0.1787015770053228,Basmati Rice & Chicken Sauce - Regular Portion,White Rice & Stew - Regular Portion
frozenset({'M011'}),frozenset({'M020'}),0.1738180847106847,0.12081906705706193,0.02547424440396372,0.14655692729766803,1.2130281326245493,1.0,0.004473705571573436,1.0301576766674196,0.21256433724053486,0.09464247749982282,0.029274816225201943,0.1787015770053228,White Rice & Stew - Regular Portion,Basmati Rice & Chicken Sauce - Regular Portion
frozenset({'M083'}),"frozenset({'M026', 'M080'})",0.40491745429228143,0.02846897025302572,0.013981745524601578,0.03452986621443377,1.212894808190819,1.0,0.002454162563423715,1.0062776628186763,0.2949610844171824,0.03333712336554861,0.006238499621557685,0.26282607213569265,Suya Platter,"Ofada Rice & Ayamase, Grilled Titus Fish - Regular Portion"
"frozenset({'M026', 'M080'})",frozenset({'M083'}),0.02846897025302572,0.40491745429228143,0.013981745524601578,0.49112227805695147,1.212894808190819,1.0,0.002454162563423715,1.1694018426185255,0.18066967253264188,0.03333712336554861,0.14486195971711543,0.26282607213569265,"Ofada Rice & Ayamase, Grilled Titus Fish - Regular Portion",Suya Platter
frozenset({'M085'}),"frozenset({'M025', 'M090'})",0.2092779277260112,0.04122993581367846,0.010462465784780307,0.04999316410700451,1.212545281004749,1.0,0.0018339502574172255,1.0092243844593904,0.22168159595600548,0.04358536294648178,0.009140072912855419,0.15187606389481614,Fried Plantain (Dodo),"Party Jollof Rice, Coleslaw"
"frozenset({'M025', 'M090'})",frozenset({'M085'}),0.04122993581367846,0.2092779277260112,0.010462465784780307,0.2537589636826278,1.212545281004749,1.0,0.0018339502574172255,1.0596067943088823,0.18282645389862032,0.04358536294648178,0.05625369205730697,0.15187606389481614,"Party Jollof Rice, Coleslaw",Fried Plantain (Dodo)
"frozenset({'M023', 'M035'})",frozenset({'M025'}),0.028917225396038186,0.35541864169154325,0.012455770569665525,0.43073878627968337,1.21191951055147,1.0,0.002178049597917434,1.1323120964028048,0.1800698134020272,0.03349405006155108,0.1168512610817649,0.23289206796407824,"Yam Porridge (Asaro) - Regular Portion, Efo Riro & Amala - Regular Portion",Party Jollof Rice
frozenset({'M025'}),"frozenset({'M023', 'M035'})",0.35541864169154325,0.028917225396038186,0.012455770569665525,0.03504534964847313,1.21191951055147,1.0,0.002178049597917434,1.006350686273394,0.2712810287901311,0.03349405006155108,0.006310609571809353,0.23289206796407824,Party Jollof Rice,"Yam Porridge (Asaro) - Regular Portion, Efo Riro & Amala - Regular Portion"
frozenset({'M058'}),"frozenset({'M035', 'M025'})",0.15923548654757705,0.05271289734957225,0.010166808137261446,0.06384762817441303,1.2112335193984767,1.0,0.0017730442804698241,1.0118941436885183,0.20742475277267775,0.050385215295174174,0.011754335928027273,0.12835949347928177,Vegetable Soup & Eba - Small Portion,"Efo Riro & Amala - Regular Portion, Party Jollof Rice"
"frozenset({'M035', 'M025'})",frozenset({'M058'}),0.05271289734957225,0.15923548654757705,0.010166808137261446,0.19287135878415052,1.2112335193984765,1.0,0.0017730442804698241,1.0416734960438336,0.18409980549187915,0.050385215295174174,0.04000629391273285,0.12835949347928177,"Efo Riro & Amala - Regular Portion, Party Jollof Rice",Vegetable Soup & Eba - Small Portion
frozenset({'M014'}),frozenset({'M020'}),0.08723808070500043,0.12081906705706193,0.012760965560652735,0.14627746802230238,1.2107150931170214,1.0,0.002220942038025909,1.0298204627518317,0.1906760624781417,0.06534160277384382,0.028956953013098145,0.1259489645132036,Native Jollof (Palm Oil) - Regular Portion,Basmati Rice & Chicken Sauce - Regular Portion
frozenset({'M020'}),frozenset({'M014'}),0.12081906705706193,0.08723808070500043,0.012760965560652735,0.10562046100410483,1.2107150931170214,1.0,0.002220942038025909,1.0205532209734383,0.19795908012765992,0.06534160277384382,0.020139293621388814,0.1259489645132036,Basmati Rice & Chicken Sauce - Regular Portion,Native Jollof (Palm Oil) - Regular Portion
"frozenset({'M023', 'M083'})",frozenset({'M025'}),0.06897406796310955,0.35541864169154325,0.029680212873506213,0.43030973451327437,1.210712337612068,1.0,0.0051655433261176276,1.1314593163317377,0.18693353529016896,0.07519451022084762,0.1161856325138911,0.2569087447857522,"Yam Porridge (Asaro) - Regular Portion, Suya Platter",Party Jollof Rice
frozenset({'M025'}),"frozenset({'M023', 'M083'})",0.35541864169154325,0.06897406796310955,0.029680212873506213,0.08350775505823002,1.210712337612068,1.0,0.0051655433261176276,1.0158579487991672,0.2700046575644153,0.07519451022084762,0.015610399877180431,0.2569087447857522,Party Jollof Rice,"Yam Porridge (Asaro) - Regular Portion, Suya Platter"
frozenset({'M002'}),frozenset({'M025'}),0.038235209964616455,0.35541864169154325,0.01645191748290431,0.4302818658019456,1.2106339266677346,1.0,0.002862411092489371,1.131403969114975,0.18090335031211108,0.043615676359039186,0.116142397147293,0.23828535408918727,Jollof Rice - Regular Portion,Party Jollof Rice
frozenset({'M025'}),frozenset({'M002'}),0.35541864169154325,0.038235209964616455,0.01645191748290431,0.04628884237642891,1.2106339266677346,1.0,0.002862411092489371,1.0084445194411695,0.26992166386289723,0.043615676359039186,0.008373806667965212,0.23828535408918727,Party Jollof Rice,Jollof Rice - Regular Portion
frozenset({'M025'}),"frozenset({'M058', 'M023'})",0.35541864169154325,0.02574129002107753,0.011072855766754729,0.031154403477700855,1.2102891289516162,1.0,0.001923921432075277,1.005587178675378,0.26955658670037297,0.029919595917946604,0.005556135553297169,0.23065686087186268,Party Jollof Rice,"Vegetable Soup & Eba - Small Portion, Yam Porridge (Asaro) - Regular Portion"
"frozenset({'M058', 'M023'})",frozenset({'M025'}),0.02574129002107753,0.35541864169154325,0.011072855766754729,0.4301593182660245,1.2102891289516162,1.0,0.001923921432075277,1.1311606541446846,0.17834190140324913,0.029919595917946604,0.11595227756914897,0.23065686087186268,"Vegetable Soup & Eba - Small Portion, Yam Porridge (Asaro) - Regular Portion",Party Jollof Rice
frozenset({'M022'}),frozenset({'M035'}),0.09234055946056785,0.14032293444983834,0.015679392661967936,0.1697996281759967,1.210063264723811,1.0,0.0027218943897212734,1.035505517374554,0.19125777759063475,0.0722605599753857,0.034288100622172996,0.1407687735116373,Yam Porridge (Asaro) - Small Portion,Efo Riro & Amala - Regular Portion
frozenset({'M035'}),frozenset({'M022'}),0.14032293444983834,0.09234055946056785,0.015679392661967936,0.11173791884727792,1.210063264723811,1.0,0.0027218943897212734,1.0218374281625728,0.20193271911428162,0.0722605599753857,0.021370746031333075,0.1407687735116373,Efo Riro & Amala - Regular Portion,Yam Porridge (Asaro) - Small Portion
"frozenset({'M011', 'M140'})",frozenset({'M025'}),0.023528626336420253,0.35541864169154325,0.010119121419919696,0.4300770166193758,1.21005756640257,1.0,0.0017566090065613393,1.1309973050831885,0.17777585748774674,0.02743587091435664,0.11582459524388802,0.22927400447240995,"White Rice & Stew - Regular Portion, Malt (Maltina)",Party Jollof Rice
frozenset({'M025'}),"frozenset({'M011', 'M140'})",0.35541864169154325,0.023528626336420253,0.010119121419919696,0.028470992325444106,1.21005756640257,1.0,0.0017566090065613393,1.0050872037273018,0.2693112879044975,0.02743587091435664,0.005061455074182881,0.22927400447240995,Party Jollof Rice,"White Rice & Stew - Regular Portion, Malt (Maltina)"
"frozenset({'M011', 'M093'})",frozenset({'M025'}),0.025293034878065064,0.35541864169154325,0.010872571553919371,0.4298642533936652,1.2094589393167816,1.0,0.0018829554533006578,1.1305752395727695,0.17767801827291538,0.029398112331734488,0.11549451553716339,0.23022757026469606,"White Rice & Stew - Regular Portion, Akara (5 pcs)",Party Jollof Rice
frozenset({'M025'}),"frozenset({'M011', 'M093'})",0.35541864169154325,0.025293034878065064,0.010872571553919371,0.030590887135726937,1.2094589393167816,1.0,0.0018829554533006578,1.0054650324484866,0.26867671509171676,0.029398112331734488,0.005435328203486385,0.23022757026469606,Party Jollof Rice,"White Rice & Stew - Regular Portion, Akara (5 pcs)"
frozenset({'M025'}),"frozenset({'M083', 'M013'})",0.35541864169154325,0.02487339176545765,0.010681824684552364,0.030054204905275585,1.208287361396875,1.0,0.0018413575690117891,1.005341342955471,0.26743296800853933,0.02890024255560716,0.00531296458948828,0.22975102883300588,Party Jollof Rice,"Suya Platter, Native Jollof (Palm Oil) - Small Portion"
"frozenset({'M083', 'M013'})",frozenset({'M025'}),0.02487339176545765,0.35541864169154325,0.010681824684552364,0.42944785276073616,1.208287361396875,1.0,0.0018413575690117891,1.12975012262665,0.17677940927845556,0.02890024255560716,0.11484851386869788,0.22975102883300588,"Suya Platter, Native Jollof (Palm Oil) - Small Portion",Party Jollof Rice
frozenset({'M093'}),"frozenset({'M085', 'M025'})",0.14924988793621424,0.07242658629865237,0.013056623208171596,0.08748162821905553,1.2078662365546737,1.0,0.0022469633194951797,1.0164983439084307,0.2022847283409858,0.06258571820426077,0.01623056644145092,0.13387776433338872,Akara (5 pcs),"Fried Plantain (Dodo), Party Jollof Rice"
"frozenset({'M085', 'M025'})",frozenset({'M093'}),0.07242658629865237,0.14924988793621424,0.013056623208171596,0.1802739004477219,1.2078662365546737,1.0,0.0022469633194951797,1.037846803375484,0.18553114261670228,0.06258571820426077,0.03646665697903735,0.13387776433338872,"Fried Plantain (Dodo), Party Jollof Rice",Akara (5 pcs)
frozenset({'M011'}),frozenset({'M004'}),0.1738180847106847,0.10215448588950034,0.021439948116851532,0.12334705075445816,1.2074560375927264,1.0,0.00368365103493392,1.0241744066260159,0.2079596447788436,0.08423261390887289,0.023603798796002686,0.16661237329058917,White Rice & Stew - Regular Portion,Fried Rice - Small Portion
frozenset({'M004'}),frozenset({'M011'}),0.10215448588950034,0.1738180847106847,0.021439948116851532,0.2098776958267202,1.2074560375927264,1.0,0.00368365103493392,1.045638011894583,0.19136086879766417,0.08423261390887289,0.0436460910711269,0.16661237329058917,Fried Rice - Small Portion,White Rice & Stew - Regular Portion
frozenset({'M025'}),frozenset({'M003'}),0.35541864169154325,0.03802538840831275,0.016308857330879056,0.045886330703590404,1.2067287836975564,1.0,0.0027939254330031846,1.0082389997630727,0.2657746385643029,0.043244063424626354,0.008171673348292325,0.23739011794773196,Party Jollof Rice,Jollof Rice - Large Portion
frozenset({'M003'}),frozenset({'M025'}),0.03802538840831275,0.35541864169154325,0.016308857330879056,0.42889390519187354,1.2067287836975562,1.0,0.0027939254330031846,1.1286543151408945,0.17808513391664427,0.043244063424626354,0.11398912263480257,0.23739011794773196,Jollof Rice - Large Portion,Party Jollof Rice
frozenset({'M017'}),"frozenset({'M145', 'M025'})",0.1432508988946219,0.06263173455665659,0.01082488483657762,0.0755659121171771,1.2065115656156746,1.0,0.0018528325620072103,1.013991454588334,0.19978332293773177,0.05549579503227068,0.013798394971695658,0.12419988920919003,Concoction Rice - Regular Portion,"Fresh Watermelon Juice, Party Jollof Rice"
"frozenset({'M145', 'M025'})",frozenset({'M017'}),0.06263173455665659,0.1432508988946219,0.01082488483657762,0.17283386630120298,1.2065115656156746,1.0,0.0018528325620072103,1.0357642391308943,0.18260078632147023,0.05549579503227068,0.03452932412582999,0.12419988920919003,"Fresh Watermelon Juice, Party Jollof Rice",Concoction Rice - Regular Portion
frozenset({'M021'}),frozenset({'M025'}),0.03554567910654166,0.35541864169154325,0.01524067486242382,0.4287630802253824,1.2063606967399658,1.0,0.0026070778763733152,1.1283958301623382,0.17736508973307738,0.04056352328975758,0.11378616149606524,0.23582199521922262,Basmati Rice & Chicken Sauce - Large Portion,Party Jollof Rice
frozenset({'M025'}),frozenset({'M021'}),0.35541864169154325,0.03554567910654166,0.01524067486242382,0.042880910213062846,1.2063606967399658,1.0,0.0026070778763733152,1.007663864596154,0.2653823678947654,0.04056352328975758,0.007605576487775926,0.23582199521922262,Party Jollof Rice,Basmati Rice & Chicken Sauce - Large Portion
frozenset({'M008'}),frozenset({'M020'}),0.12407130117976939,0.12081906705706193,0.018073265872523867,0.14566838342685834,1.2056737978125611,1.0,0.0030830870154283825,1.0290862656698472,0.19475131059944115,0.07968211252207552,0.028264166610866684,0.14762895015990848,Coconut Rice - Regular Portion,Basmati Rice & Chicken Sauce - Regular Portion
frozenset({'M020'}),frozenset({'M008'}),0.12081906705706193,0.12407130117976939,0.018073265872523867,0.14958951689295863,1.205673797812561,1.0,0.0030830870154283825,1.0300069392606221,0.1940308936362873,0.07968211252207552,0.029132754466840934,0.14762895015990848,Basmati Rice & Chicken Sauce - Regular Portion,Coconut Rice - Regular Portion
frozenset({'M005'}),frozenset({'M011'}),0.07217861536847527,0.1738180847106847,0.015116689397335266,0.20943446088794926,1.204906044365562,1.0,0.002570740716917704,1.0450517691642216,0.18328934046562445,0.06547422339722406,0.04310960518276692,0.14820145540968108,Fried Rice - Regular Portion,White Rice & Stew - Regular Portion
frozenset({'M011'}),frozenset({'M005'}),0.1738180847106847,0.07217861536847527,0.015116689397335266,0.0869684499314129,1.204906044365562,1.0,0.002570740716917704,1.0161986018575444,0.20583816531430915,0.06547422339722406,0.015940389829246355,0.14820145540968108,White Rice & Stew - Regular Portion,Fried Rice - Regular Portion
"frozenset({'M058', 'M025'})",frozenset({'M017'}),0.05896939466481006,0.1432508988946219,0.010176345480729798,0.1725699498625263,1.2046692285642973,1.0,0.0017289266877240361,1.0354338725829852,0.1805431382566869,0.05298967024235201,0.034221280104148294,0.12180428252114331,"Vegetable Soup & Eba - Small Portion, Party Jollof Rice",Concoction Rice - Regular Portion
frozenset({'M017'}),"frozenset({'M058', 'M025'})",0.1432508988946219,0.05896939466481006,0.010176345480729798,0.07103861517976032,1.204669228564297,1.0,0.0017289266877240361,1.0129921659954526,0.19830381901026134,0.05298967024235201,0.01282553452196304,0.12180428252114331,Concoction Rice - Regular Portion,"Vegetable Soup & Eba - Small Portion, Party Jollof Rice"
frozenset({'M035'}),frozenset({'M023'}),0.14032293444983834,0.1710713297917998,0.028917225396038186,0.20607625909060015,1.2046218343038702,1.0,0.004911994399416787,1.0440910474080343,0.1975904280396561,0.10237018029576608,0.042229121222225614,0.18755616489123306,Efo Riro & Amala - Regular Portion,Yam Porridge (Asaro) - Regular Portion
frozenset({'M023'}),frozenset({'M035'}),0.1710713297917998,0.14032293444983834,0.028917225396038186,0.16903607069186596,1.20462183430387,1.0,0.004911994399416787,1.0345540103839819,0.20491987484914423,0.10237018029576608,0.033399909562147355,0.18755616489123306,Yam Porridge (Asaro) - Regular Portion,Efo Riro & Amala - Regular Portion
frozenset({'M093'}),frozenset({'M091'}),0.14924988793621424,0.14072350287550905,0.025293034878065064,0.16946769761646113,1.2042600855834338,1.0,0.0042900678439038165,1.0346093639686973,0.19937063971571914,0.09556068031132892,0.03345162452032905,0.1746016902179222,Akara (5 pcs),Boiled Yam & Egg Sauce
frozenset({'M091'}),frozenset({'M093'}),0.14072350287550905,0.14924988793621424,0.025293034878065064,0.17973568281938326,1.2042600855834338,1.0,0.0042900678439038165,1.0371658186814143,0.19739233488636096,0.09556068031132892,0.035834018063442025,0.1746016902179222,Boiled Yam & Egg Sauce,Akara (5 pcs)
frozenset({'M025'}),"frozenset({'M026', 'M072'})",0.35541864169154325,0.031740279062669886,0.013581177098930863,0.038211774808136104,1.2038890626225596,1.0,0.002300090227566203,1.0067286077911541,0.2627421316311626,0.0363543528210365,0.006683636224381453,0.23304819509637573,Party Jollof Rice,"Ofada Rice & Ayamase, Grilled Catfish - Regular Portion"
"frozenset({'M026', 'M072'})",frozenset({'M025'}),0.031740279062669886,0.35541864169154325,0.013581177098930863,0.42788461538461536,1.2038890626225596,1.0,0.002300090227566203,1.1266632145223447,0.17491038450688143,0.0363543528210365,0.11242331593833402,0.23304819509637573,"Ofada Rice & Ayamase, Grilled Catfish - Regular Portion",Party Jollof Rice
"frozenset({'M011', 'M025'})",frozenset({'M026'}),0.07722387006323259,0.26049346215105246,0.024215315066141475,0.313572928245029,1.2037650605726042,1.0,0.004099001792667006,1.0773271746964608,0.1834389823403804,0.07724133734903106,0.07177687197786295,0.20326616243467355,"White Rice & Stew - Regular Portion, Party Jollof Rice",Ofada Rice & Ayamase
frozenset({'M026'}),"frozenset({'M011', 'M025'})",0.26049346215105246,0.07722387006323259,0.024215315066141475,0.09295939662431808,1.203765060572604,1.0,0.004099001792667006,1.0173482052540133,0.22890009153397256,0.07724133734903106,0.0170523771157407,0.20326616243467355,Ofada Rice & Ayamase,"White Rice & Stew - Regular Portion, Party Jollof Rice"
"frozenset({'M140', 'M025'})",frozenset({'M145'}),0.04689511783387855,0.18876310192558965,0.010653212654147313,0.22717103925157617,1.2034716368516074,1.0,0.0018011447466583595,1.049697849429441,0.17738926133504151,0.047346558155306875,0.047344909257891726,0.1418039917357315,"Malt (Maltina), Party Jollof Rice",Fresh Watermelon Juice
frozenset({'M145'}),"frozenset({'M140', 'M025'})",0.18876310192558965,0.04689511783387855,0.010653212654147313,0.05643694421988682,1.2034716368516074,1.0,0.0018011447466583595,1.010112547675067,0.20841084943693244,0.047346558155306875,0.010011307847172666,0.1418039917357315,Fresh Watermelon Juice,"Malt (Maltina), Party Jollof Rice"
"frozenset({'M017', 'M145'})",frozenset({'M025'}),0.025331184251938466,0.35541864169154325,0.01082488483657762,0.4273343373493976,1.2023408094622896,1.0,0.001821709737315439,1.1255805967569108,0.17266281767192498,0.029262381725835975,0.11156961759890041,0.22889552696375584,"Concoction Rice - Regular Portion, Fresh Watermelon Juice",Party Jollof Rice
frozenset({'M025'}),"frozenset({'M017', 'M145'})",0.35541864169154325,0.025331184251938466,0.01082488483657762,0.030456716578114097,1.2023408094622896,1.0,0.001821709737315439,1.005286543070141,0.2610827351036824,0.029262381725835975,0.0052587425014124075,0.22889552696375584,Party Jollof Rice,"Concoction Rice - Regular Portion, Fresh Watermelon Juice"
"frozenset({'M023', 'M085'})",frozenset({'M025'}),0.03218853420568235,0.35541864169154325,0.01375284928136117,0.4272592592592592,1.2021295709921265,1.0,0.0023124441759357715,1.125433049296969,0.17373519692610304,0.03678665272073267,0.11145314185977048,0.23297702403740078,"Yam Porridge (Asaro) - Regular Portion, Fried Plantain (Dodo)",Party Jollof Rice
frozenset({'M025'}),"frozenset({'M023', 'M085'})",0.35541864169154325,0.03218853420568235,0.01375284928136117,0.038694788815542315,1.2021295709921265,1.0,0.0023124441759357715,1.0067681466137517,0.26085600123212593,0.03678665272073267,0.006722646754882209,0.23297702403740078,Party Jollof Rice,"Yam Porridge (Asaro) - Regular Portion, Fried Plantain (Dodo)"
frozenset({'M145'}),frozenset({'M139'}),0.18876310192558965,0.1387206607471555,0.031463696102087726,0.1666835084882781,1.2015766619803674,1.0,0.005278353878287269,1.0335560954642755,0.20679549281772533,0.10628906501707584,0.032466641734817676,0.196748423202544,Fresh Watermelon Juice,Bottled Water
frozenset({'M139'}),frozenset({'M145'}),0.1387206607471555,0.18876310192558965,0.031463696102087726,0.22681333791680988,1.2015766619803674,1.0,0.005278353878287269,1.0492122250126532,0.1947801676918798,0.10628906501707584,0.046903975992139954,0.196748423202544,Bottled Water,Fresh Watermelon Juice
frozenset({'M025'}),"frozenset({'M026', 'M141'})",0.35541864169154325,0.03438212320340293,0.014677971597791151,0.041297697633231364,1.2011386670019255,1.0,0.0024579240703663918,1.007213474310801,0.25979134498309175,0.039128445032034984,0.007161812758449139,0.2341023855711233,Party Jollof Rice,"Ofada Rice & Ayamase, Fresh Orange Juice"
"frozenset({'M026', 'M141'})",frozenset({'M025'}),0.03438212320340293,0.35541864169154325,0.014677971597791151,0.42690707350901524,1.2011386670019255,1.0,0.0024579240703663918,1.1247414311239043,0.17341917755449357,0.039128445032034984,0.1109067628097027,0.2341023855711233,"Ofada Rice & Ayamase, Fresh Orange Juice",Party Jollof Rice
frozenset({'M086'}),frozenset({'M035'}),0.11781480386453157,0.14032293444983834,0.019856749101105377,0.16854205456164495,1.201101268459392,1.0,0.003324630101202153,1.0339393234097116,0.18979091460585412,0.08333333333333333,0.03282525641619555,0.15502478246331414,Moi Moi,Efo Riro & Amala - Regular Portion
frozenset({'M035'}),frozenset({'M086'}),0.14032293444983834,0.11781480386453157,0.019856749101105377,0.14150751036498335,1.201101268459392,1.0,0.003324630101202153,1.0275980358436503,0.19476003482673562,0.08333333333333333,0.026856839815767586,0.15502478246331414,Efo Riro & Amala - Regular Portion,Moi Moi
frozenset({'M011'}),frozenset({'M012'}),0.1738180847106847,0.05395275200045779,0.011263602636121734,0.06480109739368999,1.2010712149241274,1.0,0.0018856386185315994,1.011600040764589,0.20263080000953226,0.05202413990573102,0.011467022832286112,0.13678449778646848,White Rice & Stew - Regular Portion,White Rice & Stew - Large Portion
frozenset({'M012'}),frozenset({'M011'}),0.05395275200045779,0.1738180847106847,0.011263602636121734,0.20876789817924696,1.2010712149241274,1.0,0.0018856386185315994,1.0441713795334353,0.17695723210704017,0.05202413990573102,0.04230280622436939,0.13678449778646848,White Rice & Stew - Large Portion,White Rice & Stew - Regular Portion
"frozenset({'M085', 'M025'})",frozenset({'M096'}),0.07242658629865237,0.11731886200417736,0.010204957511134849,0.14090071108770083,1.2010064594956928,1.0,0.0017079528277296092,1.0274495036695703,0.18043316969520692,0.05683930942895086,0.02671615838202614,0.11394275453580228,"Fried Plantain (Dodo), Party Jollof Rice",Jollof Spaghetti
frozenset({'M096'}),"frozenset({'M085', 'M025'})",0.11731886200417736,0.07242658629865237,0.010204957511134849,0.08698479798390374,1.2010064594956928,1.0,0.0017079528277296092,1.015945201846699,0.1896098193954267,0.05683930942895086,0.015694942815532985,0.11394275453580228,Jollof Spaghetti,"Fried Plantain (Dodo), Party Jollof Rice"
frozenset({'M126'}),frozenset({'M144'}),0.0775862891150299,0.10884970100428226,0.010138196106856396,0.1306699446834665,1.200462137037251,1.0,0.0016929517346535913,1.0251000682027946,0.1810331629372759,0.05750608601568839,0.024485480960702768,0.11190467355964265,Moi Moi & Custard,Lemonade
frozenset({'M144'}),frozenset({'M126'}),0.10884970100428226,0.0775862891150299,0.010138196106856396,0.09313940243581881,1.200462137037251,1.0,0.0016929517346535913,1.0171505007082284,0.18738418402193513,0.05750608601568839,0.0168613206170441,0.11190467355964265,Lemonade,Moi Moi & Custard
frozenset({'M019'}),"frozenset({'M083', 'M026'})",0.09061430029279645,0.10136288638162726,0.011025169049412977,0.12167140301020946,1.2003545612555018,1.0,0.0018402420242835966,1.0231217754928892,0.1835445807923095,0.06092868813577189,0.022599240918071726,0.1152203458408217,Basmati Rice & Chicken Sauce - Small Portion,"Suya Platter, Ofada Rice & Ayamase"
"frozenset({'M083', 'M026'})",frozenset({'M019'}),0.10136288638162726,0.09061430029279645,0.011025169049412977,0.10876928867143396,1.2003545612555016,1.0,0.0018402420242835966,1.0203706943082937,0.18573995498494755,0.06092868813577189,0.01996401349227605,0.1152203458408217,"Suya Platter, Ofada Rice & Ayamase",Basmati Rice & Chicken Sauce - Small Portion
frozenset({'M015'}),frozenset({'M020'}),0.11913095726316392,0.12081906705706193,0.01727212902118244,0.14498438875990713,1.2000124838857769,1.0,0.0028788379070322587,1.0282630181077004,0.18921692993517544,0.07756553023813603,0.027486175822711588,0.1439715123464834,Native Jollof (Palm Oil) - Large Portion,Basmati Rice & Chicken Sauce - Regular Portion
frozenset({'M020'}),frozenset({'M015'}),0.12081906705706193,0.11913095726316392,0.01727212902118244,0.14295863593305966,1.2000124838857769,1.0,0.0028788379070322587,1.0278022504734494,0.1895802441753122,0.07756553023813603,0.027050194198973997,0.1439715123464834,Basmati Rice & Chicken Sauce - Regular Portion,Native Jollof (Palm Oil) - Large Portion
